CREATE DATABASE  IF NOT EXISTS `ADBMS_Project` /*!40100 DEFAULT CHARACTER SET utf8 */ /*!80016 DEFAULT ENCRYPTION='N' */;
USE `ADBMS_Project`;
-- MySQL dump 10.13  Distrib 8.0.27, for Linux (x86_64)
--
-- Host: localhost    Database: ADBMS_Project
-- ------------------------------------------------------
-- Server version	8.0.27

/*!40101 SET @OLD_CHARACTER_SET_CLIENT=@@CHARACTER_SET_CLIENT */;
/*!40101 SET @OLD_CHARACTER_SET_RESULTS=@@CHARACTER_SET_RESULTS */;
/*!40101 SET @OLD_COLLATION_CONNECTION=@@COLLATION_CONNECTION */;
/*!50503 SET NAMES utf8 */;
/*!40103 SET @OLD_TIME_ZONE=@@TIME_ZONE */;
/*!40103 SET TIME_ZONE='+00:00' */;
/*!40014 SET @OLD_UNIQUE_CHECKS=@@UNIQUE_CHECKS, UNIQUE_CHECKS=0 */;
/*!40014 SET @OLD_FOREIGN_KEY_CHECKS=@@FOREIGN_KEY_CHECKS, FOREIGN_KEY_CHECKS=0 */;
/*!40101 SET @OLD_SQL_MODE=@@SQL_MODE, SQL_MODE='NO_AUTO_VALUE_ON_ZERO' */;
/*!40111 SET @OLD_SQL_NOTES=@@SQL_NOTES, SQL_NOTES=0 */;

--
-- Table structure for table `books_details`
--

DROP TABLE IF EXISTS `books_details`;
/*!40101 SET @saved_cs_client     = @@character_set_client */;
/*!50503 SET character_set_client = utf8mb4 */;
CREATE TABLE `books_details` (
  `books_id` int NOT NULL,
  `books_Name` varchar(45) DEFAULT NULL,
  `books_Price` varchar(45) DEFAULT NULL,
  `books_Author` varchar(45) DEFAULT NULL,
  `department_ID` int DEFAULT NULL,
  `course_ID` int DEFAULT NULL,
  `faculty_ID` int DEFAULT NULL,
  PRIMARY KEY (`books_id`),
  KEY `department_id_books_idx` (`department_ID`),
  KEY `course_id_books_idx` (`course_ID`),
  KEY `faculty_id_books_idx` (`faculty_ID`),
  CONSTRAINT `course_id_books` FOREIGN KEY (`course_ID`) REFERENCES `courses_details` (`course_id`),
  CONSTRAINT `department_id_books` FOREIGN KEY (`department_ID`) REFERENCES `department_details` (`department_id`),
  CONSTRAINT `faculty_id_books` FOREIGN KEY (`faculty_ID`) REFERENCES `faculty_details` (`faculty_id`)
) ENGINE=InnoDB DEFAULT CHARSET=utf8mb3;
/*!40101 SET character_set_client = @saved_cs_client */;

--
-- Dumping data for table `books_details`
--

LOCK TABLES `books_details` WRITE;
/*!40000 ALTER TABLE `books_details` DISABLE KEYS */;
INSERT INTO `books_details` VALUES (1,'Felis chaus','544','Eddy Alleyn',194,126,143),(2,'Buteo galapagoensis','448','Toby Norman',65,74,44),(3,'Notechis semmiannulatus','548','Hurlee Moncreif',488,449,189),(4,'Bettongia penicillata','244','Cullin Moraleda',121,389,747),(5,'Rhea americana','457','Bibby Cadman',380,471,424),(6,'Gyps bengalensis','302','Madalyn Lusgdin',103,319,513),(7,'Phalaropus lobatus','859','Imojean MacSweeney',457,334,935),(8,'Cordylus giganteus','350','Hattie Pawlyn',389,329,597),(9,'Bubalornis niger','503','Ashlee Aubin',432,492,980),(10,'Semnopithecus entellus','426','Booth Gernier',373,432,251),(11,'Chelodina longicollis','887','Leonore Drover',63,30,852),(12,'Lamprotornis nitens','659','Cyrus Conaboy',136,181,62),(13,'Rangifer tarandus','706','Antons Kolakovic',234,344,695),(14,'Cynictis penicillata','769','Meris Tuminelli',104,147,994),(15,'Paroaria gularis','243','Tansy Feeney',26,404,135),(16,'Phascogale calura','410','Kynthia Golding',380,108,811),(17,'Zalophus californicus','228','Willi Gomersal',367,158,407),(18,'Felis caracal','397','Janine Palumbo',164,138,967),(19,'Ara ararauna','565','Page Rantoull',108,34,959),(20,'Pteropus rufus','940','Ogden Luttger',452,290,162),(21,'Sciurus vulgaris','969','Shelbi Newband',200,187,669),(22,'Eurocephalus anguitimens','858','Cathrin Ivanyushkin',463,301,103),(23,'Sciurus niger','334','Aaron Blagburn',147,355,117),(24,'Carduelis pinus','765','Reynolds Mariel',350,30,238),(25,'Spermophilus tridecemlineatus','583','Emilia Corrado',397,298,786),(26,'Gazella thompsonii','362','Zandra Jager',151,8,244),(27,'Laniarius ferrugineus','985','Arlina Peer',15,1,260),(28,'Ploceus intermedius','566','Katinka Kerswill',475,397,68),(29,'Odocoilenaus virginianus','635','Bernette Dilloway',390,255,501),(30,'Dasyurus viverrinus','852','Delilah Wilds',200,490,786),(31,'Castor fiber','303','Barbee Spragg',461,347,152),(32,'Sarkidornis melanotos','388','Emmaline Coveney',65,255,724),(33,'Gabianus pacificus','849','Marjy Courtin',184,46,32),(34,'Podargus strigoides','551','Dianne Tutsell',484,306,72),(35,'Actophilornis africanus','903','Stefanie Breazeall',334,461,750),(36,'Felis silvestris lybica','471','Lowrance Burles',315,497,143),(37,'Agama sp.','979','Vicki Hildrew',278,213,820),(38,'Ardea cinerea','416','Casar Crux',384,124,379),(39,'Naja haje','602','Jessamyn Bly',65,34,369),(40,'Phoenicopterus ruber','930','Estevan Wintersgill',23,216,892),(41,'Lasiorhinus latifrons','562','Sher Stonary',234,199,882),(42,'Colaptes campestroides','929','Catlaina Blazeby',136,88,450),(43,'Pelecanus conspicillatus','854','Orazio Inston',373,168,795),(44,'Ovis canadensis','507','Bard MacFarlan',44,297,5),(45,'Equus burchelli','884','Vonni Swigg',477,351,205),(46,'Haliaetus vocifer','941','Yuri Lesser',275,352,74),(47,'Nasua narica','711','Marianna Buyers',272,170,834),(48,'Nyctereutes procyonoides','429','Arielle Ricard',19,67,312),(49,'Alopex lagopus','808','Barbey Shermore',110,448,162),(50,'Tursiops truncatus','532','Thaxter Rodell',324,141,545),(51,'Hystrix cristata','489','Vannie Discombe',157,206,649),(52,'Ovis musimon','767','Leonie Vickress',85,444,218),(53,'Eumetopias jubatus','530','Gabi Dudhill',350,463,612),(54,'Trachyphonus vaillantii','922','Annabela Bavester',214,20,30),(55,'Macaca fuscata','767','Joline Urling',495,185,155),(56,'Larus fuliginosus','801','Johnny Jobe',115,9,711),(57,'Lophoaetus occipitalis','486','Clevey West-Frimley',95,82,411),(58,'unavailable','707','Sammy O\'Hara',59,247,490),(59,'Lamprotornis sp.','899','Grantham Armfirld',415,462,803),(60,'Bettongia penicillata','317','Marco Cornall',475,393,244),(61,'Phoeniconaias minor','889','Sanderson Heenan',457,45,471),(62,'Cervus duvauceli','756','Saul Corse',183,101,345),(63,'Equus burchelli','533','Wayne Castagnier',95,392,293),(64,'Balearica pavonina','993','Kristoforo Gracewood',310,283,312),(65,'Neophron percnopterus','875','Ganny Sudlow',298,101,588),(66,'Pytilia melba','559','Garvin Bygreaves',98,107,930),(67,'Marmota monax','504','Neile Filppetti',335,333,640),(68,'Kobus leche robertsi','206','Maggi MacAllen',485,319,314),(69,'Macaca mulatta','823','Godwin Howis',239,215,926),(70,'Fratercula corniculata','303','Arabel Pyford',374,450,709),(71,'Hystrix cristata','289','Elberta Hintze',234,22,595),(72,'Taxidea taxus','463','Maxie Basillon',14,103,900),(73,'Acridotheres tristis','289','Susann Lemery',106,457,72),(74,'Ovis orientalis','521','Celesta Snelling',184,301,739),(75,'Isoodon obesulus','633','Randell Fardoe',28,25,561),(76,'Tyto novaehollandiae','872','Gannon Westrope',262,434,596),(77,'Dacelo novaeguineae','972','Lissy Munnings',232,58,810),(78,'Alopochen aegyptiacus','412','Catharina OIlier',247,158,429),(79,'Antilocapra americana','264','Dell Hawthorne',407,495,275),(80,'Canis mesomelas','426','Farica Kellet',48,450,329),(81,'Macaca radiata','625','Emmott Dannatt',136,105,4),(82,'Cercatetus concinnus','678','Norton Briar',296,477,736),(83,'Paradoxurus hermaphroditus','593','Nikolaus Cayette',213,123,509),(84,'Echimys chrysurus','607','Marsh Cawker',71,483,71),(85,'Pteropus rufus','889','Patricia Surman-Wells',146,126,371),(86,'Alouatta seniculus','862','Bonnibelle Niblo',79,237,543),(87,'Tadorna tadorna','207','Elinore Foxon',202,264,517),(88,'Uraeginthus angolensis','272','Lorrayne Aries',339,384,325),(89,'Vanellus sp.','734','Jori Glencros',136,71,121),(90,'Ictalurus furcatus','502','Dare Goschalk',467,303,437),(91,'Merops bullockoides','666','Pierrette Thomas',433,187,883),(92,'Nyctanassa violacea','391','Torey Loade',158,135,784),(93,'Limnocorax flavirostra','302','Marcy Digweed',164,233,723),(94,'Cercopithecus aethiops','248','Rolf Records',145,24,420),(95,'Vombatus ursinus','743','Brendon Sollom',333,271,833),(96,'Dasyprocta leporina','446','Cindie Fookes',88,252,847),(97,'Panthera leo persica','939','Ber Noden',31,234,331),(98,'Vulpes cinereoargenteus','554','Cherey Baitey',437,344,875),(99,'Acridotheres tristis','418','Janith Stuttman',94,319,166),(100,'Centrocercus urophasianus','471','Hillary Waliszek',258,68,188),(101,'Tiliqua scincoides','947','Marie-jeanne Keetley',327,144,389),(102,'Equus burchelli','224','Camella Griffithe',86,148,681),(103,'Colobus guerza','440','Eolande Mamwell',396,487,974),(104,'Uraeginthus bengalus','944','Shawn McDonald',463,497,676),(105,'Centrocercus urophasianus','667','Jeromy Gambell',476,427,658),(106,'Gerbillus sp.','389','Clayson Dorrian',268,157,603),(107,'Butorides striatus','986','Sydney Filipic',119,401,560),(108,'Deroptyus accipitrinus','730','Griffith Chaloner',488,248,642),(109,'Ursus americanus','845','Angeli Eastbrook',293,411,93),(110,'Callipepla gambelii','526','Odo Rupke',430,114,14),(111,'Columba livia','253','Maggy Kirkhouse',269,339,884),(112,'Hyaena brunnea','249','Ilse Chaudhry',308,325,398),(113,'Macropus eugenii','708','Leopold Pettie',99,124,543),(114,'Trachyphonus vaillantii','427','Maximilianus Ormesher',332,430,820),(115,'Nannopterum harrisi','525','Jess Schroder',129,69,494),(116,'Alligator mississippiensis','519','Reiko Yurchenko',150,431,826),(117,'Cabassous sp.','371','Frederique Seth',349,485,923),(118,'Lemur catta','674','Barth Kruszelnicki',327,383,608),(119,'Aonyx capensis','697','Marthe Davidavidovics',115,459,773),(120,'Spilogale gracilis','300','Even Stirland',61,80,270),(121,'Morelia spilotes variegata','936','Mar Kless',408,149,568),(122,'Alcelaphus buselaphus cokii','204','Tildy Cathro',428,371,24),(123,'Pelecans onocratalus','974','Germaine Whitehead',434,72,930),(124,'Ephippiorhynchus mycteria','735','Shannon Blanchette',35,478,834),(125,'Felis pardalis','457','Euphemia Desporte',425,336,660),(126,'Ninox superciliaris','527','Morse Claisse',442,171,754),(127,'Theropithecus gelada','926','Amandi Danielsson',240,197,983),(128,'Heloderma horridum','560','Sammy Driver',160,429,911),(129,'Uraeginthus granatina','325','Samara Fend',253,140,327),(130,'Pytilia melba','570','Darda Killgus',349,175,616),(131,'Macropus eugenii','673','Berky Senner',289,128,48),(132,'Gyps bengalensis','948','Kellia Brayson',210,326,249),(133,'Lamprotornis nitens','938','Cindi Bedle',498,450,925),(134,'Dendrohyrax brucel','881','Chryste Patton',68,314,596),(135,'Chelodina longicollis','381','Beckie Tomasini',231,126,560),(136,'Spizaetus coronatus','267','Thatcher Dimock',121,187,510),(137,'Leptoptilos crumeniferus','343','Brandy Antonopoulos',5,233,240),(138,'Macaca nemestrina','683','Sibelle Tombling',18,76,409),(139,'Buteo galapagoensis','623','Antonia Viccars',325,436,67),(140,'Gazella granti','946','Adela Biasioni',333,65,650),(141,'Tachybaptus ruficollis','308','Abel McVeighty',310,154,293),(142,'Corythornis cristata','602','Delcina Williamson',211,439,459),(143,'Xerus sp.','325','Ashil Ryan',175,284,958),(144,'Laniarius ferrugineus','553','Krysta Churchman',498,400,911),(145,'Lemur catta','528','Randal Berendsen',302,207,832),(146,'Anastomus oscitans','342','Jyoti Stollenwerck',155,295,259),(147,'Vulpes vulpes','982','Datha Geraldini',218,41,601),(148,'Ephippiorhynchus mycteria','646','Dorris Birt',393,407,239),(149,'Bubalornis niger','734','Uta Powlett',211,168,670),(150,'Kobus leche robertsi','546','Roanna Janicijevic',270,490,589),(151,'Aonyx cinerea','920','Ninon Brokenbrow',410,78,670),(152,'Alectura lathami','865','Jean Leighfield',463,286,660),(153,'Mungos mungo','864','Veronike Trevains',76,438,149),(154,'Falco mexicanus','360','Ninon Clemo',118,227,975),(155,'Fregata magnificans','279','Georgetta Freak',22,439,69),(156,'Plocepasser mahali','511','Ofelia Quaife',341,264,381),(157,'Agelaius phoeniceus','990','Deborah Dicks',467,38,185),(158,'Corvus albus','879','Marinna Bullas',351,29,69),(159,'Geochelone radiata','457','Jareb Timlin',25,375,220),(160,'Macropus agilis','220','Agneta Wilce',279,377,213),(161,'Macropus agilis','959','Suzette Burel',45,3,939),(162,'Phoca vitulina','838','Tris De Laci',283,339,576),(163,'Canis mesomelas','947','Jaynell Dibling',70,38,946),(164,'Plocepasser mahali','530','Hi Stirrip',314,32,432),(165,'Ciconia episcopus','854','Emmaline Gamwell',361,435,739),(166,'Cordylus giganteus','726','Saba Giral',421,399,579),(167,'Ardea cinerea','789','Dieter Bourgeois',190,170,818),(168,'Irania gutteralis','310','Renie Clancy',205,150,271),(169,'Graspus graspus','942','Elinore Meenehan',298,217,105),(170,'Sula dactylatra','400','Alisun Lenoir',79,279,389),(171,'Mellivora capensis','530','Clerissa Coulbeck',330,361,90),(172,'Diomedea irrorata','312','Albie Dunsford',30,60,502),(173,'Stercorarius longicausus','752','Lauritz Pyffe',96,499,502),(174,'Ploceus rubiginosus','694','Kylila Kleinlerer',122,188,886),(175,'Hyaena hyaena','733','Constancy Heaford',144,310,212),(176,'Salvadora hexalepis','530','Danie Du Hamel',321,480,249),(177,'Alopochen aegyptiacus','941','Korry Richter',301,352,68),(178,'Chamaelo sp.','965','Traver Emmer',127,217,213),(179,'Crotalus cerastes','498','Tonia Petegrew',399,186,219),(180,'Melursus ursinus','920','Vivi Andric',105,48,632),(181,'Nycticorax nycticorax','363','Rhiamon Hyndley',287,139,49),(182,'Ceratotherium simum','439','Elihu Cubbino',179,282,147),(183,'Boselaphus tragocamelus','438','Debor Oggers',390,261,839),(184,'Macropus agilis','743','Keene Willoughway',147,319,131),(185,'Felis silvestris lybica','855','Jehanna Zecchii',307,125,536),(186,'Lycosa godeffroyi','665','Teddie Ecclestone',238,486,703),(187,'Kobus defassa','558','Leoline Reyson',406,217,138),(188,'Ovis dalli stonei','656','Martita Elijah',258,1,580),(189,'Agelaius phoeniceus','875','Arline Kleinstub',76,112,374),(190,'Sula dactylatra','648','Clayson Leyban',157,41,682),(191,'Pytilia melba','440','Rosetta Mishow',119,122,254),(192,'Spheniscus mendiculus','374','Phyllida Gentzsch',431,327,259),(193,'Milvus migrans','661','Katerine Fullom',328,218,51),(194,'Corvus albicollis','911','Claudell Thow',283,129,674),(195,'Haliaeetus leucocephalus','335','Mahmoud Jeenes',112,420,197),(196,'Bubo virginianus','218','Averell Vineall',376,479,312),(197,'Laniaurius atrococcineus','496','Shurlock Oxbury',341,485,209),(198,'Genetta genetta','855','Felicle Bearblock',109,245,452),(199,'Buteo galapagoensis','422','Tito Kabisch',400,208,50),(200,'Hippotragus equinus','898','Adolph Woodman',246,471,283),(201,'Aquila chrysaetos','289','Nessa Gow',390,306,643),(202,'Ovis canadensis','318','Cristobal Poltone',262,478,248),(203,'Casmerodius albus','630','Jacquette Krauze',16,86,695),(204,'Colobus guerza','639','Jerry Francis',17,290,478),(205,'Anitibyx armatus','330','Gussi Yourell',415,151,734),(206,'Ursus arctos','564','Saundra Jessope',441,94,677),(207,'Alligator mississippiensis','595','Ianthe Pilmore',303,349,693),(208,'Alcelaphus buselaphus cokii','629','Ariella Beart',326,260,625),(209,'Phascolarctos cinereus','219','Andrea Lassells',392,33,931),(210,'Phalacrocorax albiventer','732','Zaneta Harkes',262,89,915),(211,'Rangifer tarandus','823','Arlen Brim',195,72,748),(212,'Motacilla aguimp','504','Thurston Strangeway',239,296,615),(213,'unavailable','464','Chev Jamison',279,23,294),(214,'Tetracerus quadricornis','421','Viola Sausman',59,488,70),(215,'Buteo galapagoensis','203','Hasheem Airey',153,293,247),(216,'Bubulcus ibis','368','Raeann Bugden',199,14,425),(217,'Lemur fulvus','939','Richmond Scopham',438,152,836),(218,'Equus hemionus','364','Constantine Beton',200,115,824),(219,'Manouria emys','664','Rollie Clara',385,210,74),(220,'Haliaeetus leucocephalus','250','Lelah Pennells',364,322,640),(221,'Calyptorhynchus magnificus','492','Halli Cheers',110,335,747),(222,'Dasyurus maculatus','326','Meryl Torre',329,448,380),(223,'Phascolarctos cinereus','250','Christan Hobbema',84,102,617),(224,'Vulpes chama','972','Sapphira Firman',238,241,955),(225,'Stercorarius longicausus','865','Tarrance Derrington',232,106,974),(226,'Eudyptula minor','546','Ulysses Hargey',35,64,186),(227,'Canis aureus','793','Johanna Stapleford',305,115,611),(228,'Chlamydosaurus kingii','401','Susy Yuryichev',263,195,497),(229,'Lycosa godeffroyi','220','Bobbie Winn',177,455,900),(230,'Canis lupus','545','Darci Jakubiak',72,268,653),(231,'Rhabdomys pumilio','283','Davina Ropert',308,54,884),(232,'Gyps bengalensis','874','Louise Goodrick',20,292,959),(233,'Tamiasciurus hudsonicus','547','Stanly Tidman',257,117,794),(234,'Phoenicopterus chilensis','660','Alison Ivashov',497,54,354),(235,'Sus scrofa','430','Adeline Mulleary',117,147,236),(236,'Tringa glareola','372','Sarita Fallowfield',440,241,937),(237,'Trichoglossus chlorolepidotus','709','Maggy Moriarty',290,493,963),(238,'Tauraco porphyrelophus','240','Oralie Noorwood',448,26,442),(239,'Petaurus norfolcensis','829','Drusie Morillas',42,400,914),(240,'Grus canadensis','386','Humfried Moulsdale',46,190,251),(241,'Connochaetus taurinus','210','Meryl Pietzker',12,496,764),(242,'Coluber constrictor foxii','690','Jonah Juste',335,170,214),(243,'Melursus ursinus','875','Shelley Jeffcoate',85,393,51),(244,'Papio cynocephalus','284','Burch Nozzolii',123,24,824),(245,'Tachyglossus aculeatus','212','Gerri Crosby',41,362,761),(246,'Neophoca cinerea','467','Engelbert Matusson',364,80,238),(247,'Tragelaphus scriptus','959','Minor Warrener',113,349,776),(248,'Taxidea taxus','409','Sherwin Askell',204,427,855),(249,'Gymnorhina tibicen','589','Danya Wapples',373,100,365),(250,'Sarcophilus harrisii','866','Carita McLeary',151,139,554),(251,'Paradoxurus hermaphroditus','777','Imelda Gillbanks',416,430,111),(252,'Leprocaulinus vipera','835','Catharina Mulryan',434,56,216),(253,'Charadrius tricollaris','829','Ambros Stennard',306,457,184),(254,'Acrobates pygmaeus','414','Freddie Clynman',41,490,668),(255,'Tockus flavirostris','429','Martha Keyse',250,224,554),(256,'Macaca radiata','666','Lem Klossmann',176,388,871),(257,'Priodontes maximus','709','Odelia Drabble',244,188,206),(258,'Ara chloroptera','998','Lindie Joss',387,20,82),(259,'Bubulcus ibis','548','Ali Guidera',46,151,677),(260,'Hyaena hyaena','554','Kellyann Mansbridge',218,288,548),(261,'Cervus elaphus','217','Rosabelle Scapens',136,369,1000),(262,'Cordylus giganteus','627','Erin Raper',494,223,113),(263,'Spheniscus magellanicus','488','Rodney Swarbrick',379,360,23),(264,'Dasypus septemcincus','297','Melisandra St Louis',170,208,823),(265,'Dendrocygna viduata','810','Durant Petrecz',63,335,845),(266,'Antechinus flavipes','748','Sue Bentame',65,353,204),(267,'Alcelaphus buselaphus caama','879','Liana Tyers',241,26,612),(268,'Dusicyon thous','610','Ingemar Olrenshaw',24,277,852),(269,'Damaliscus dorcas','257','Lodovico Corradengo',242,304,15),(270,'Pseudocheirus peregrinus','230','Sybille Flack',348,189,573),(271,'Pelecans onocratalus','835','Solomon Clurow',72,346,495),(272,'Butorides striatus','697','Hunter Babington',83,13,532),(273,'Canis aureus','899','Sheelagh Apthorpe',202,276,276),(274,'Climacteris melanura','274','Rey Chuney',103,80,851),(275,'Zenaida asiatica','397','Cassondra Lambird',244,484,565),(276,'Paradoxurus hermaphroditus','237','Irina Mostin',414,465,890),(277,'Mazama gouazoubira','280','Kippy Treversh',31,277,729),(278,'Sula dactylatra','200','Grissel Keelinge',316,137,278),(279,'Ictalurus furcatus','773','Maximilian Dobbison',400,335,268),(280,'Sylvicapra grimma','358','Beckie Radborne',314,25,255),(281,'Trachyphonus vaillantii','624','Martguerita Call',440,87,927),(282,'Bettongia penicillata','989','Candy Clawley',32,29,838),(283,'Nasua narica','865','Rudiger Bartholin',330,348,674),(284,'Platalea leucordia','258','Nicky Leavy',207,256,154),(285,'Ara chloroptera','358','Klemens Jennaway',374,193,506),(286,'Coluber constrictor','540','Angel Ferfulle',84,226,120),(287,'Haliaeetus leucoryphus','223','Robin Coolahan',99,264,303),(288,'Aegypius tracheliotus','254','Waring Barlas',133,471,321),(289,'Pseudocheirus peregrinus','764','Christine Arnaud',484,287,889),(290,'Libellula quadrimaculata','452','Simmonds Langrick',13,288,419),(291,'Priodontes maximus','907','Claybourne Olyonov',333,267,343),(292,'Nasua narica','779','Timothy Testo',390,321,993),(293,'Porphyrio porphyrio','544','Tuck Tracy',418,173,689),(294,'Uraeginthus granatina','258','Judith Murrock',163,161,478),(295,'Felis serval','513','Zonda Vance',24,291,49),(296,'Climacteris melanura','338','Cal Race',309,420,892),(297,'Zalophus californicus','288','Wynn Fraine',332,327,646),(298,'Buteo galapagoensis','881','Arly Fullman',186,450,871),(299,'Ursus americanus','349','Kennan Carragher',340,52,439),(300,'Pseudocheirus peregrinus','738','Beverly Belcham',193,97,96),(301,'Lamprotornis sp.','873','Roxie Aronov',136,282,155),(302,'Canis mesomelas','389','Shell Pennington',70,376,733),(303,'Bison bison','492','Alyssa Deek',19,131,145),(304,'Casmerodius albus','832','Caria Primrose',66,435,497),(305,'Alcelaphus buselaphus cokii','544','Tristan Dilkes',6,428,253),(306,'Centrocercus urophasianus','232','Zeb Loddon',491,425,138),(307,'Alcelaphus buselaphus caama','638','Samaria Tunnah',64,228,983),(308,'Ornithorhynchus anatinus','618','Amity Dukes',470,133,914),(309,'Sylvicapra grimma','635','Karin Lippitt',105,326,240),(310,'Spheniscus magellanicus','539','Saundra Philimore',5,278,449),(311,'Uraeginthus granatina','732','Flo Jenkins',443,32,989),(312,'unavailable','544','Bordy Govett',49,217,298),(313,'Galago crassicaudataus','994','Jordan Mackin',281,228,386),(314,'Merops nubicus','607','Sawyer Deex',125,124,190),(315,'Pitangus sulphuratus','265','Reiko Cartmail',142,454,293),(316,'Psittacula krameri','929','Tristan Anscombe',393,448,444),(317,'Nucifraga columbiana','696','Vito Chaimson',121,300,269),(318,'Bugeranus caruncalatus','674','Harper Kleimt',89,17,205),(319,'Actophilornis africanus','808','Elayne Bockmaster',41,75,885),(320,'Scolopax minor','206','Maxy Heino',345,1,795),(321,'Junonia genoveua','403','Meir Hawlgarth',13,48,247),(322,'Ardea cinerea','731','Graeme Winter',124,387,700),(323,'Acrobates pygmaeus','313','Bunny Escolme',416,101,455),(324,'Recurvirostra avosetta','345','Chester Mora',417,240,694),(325,'Uraeginthus granatina','681','Dniren Chese',375,405,916),(326,'Delphinus delphis','747','Annelise Hillyatt',32,440,887),(327,'Caiman crocodilus','833','Bonnie Tinghill',481,494,276),(328,'Vulpes vulpes','507','Vita Andrys',363,134,153),(329,'Microcebus murinus','341','Major McBeth',327,362,839),(330,'Ceratotherium simum','989','Donnajean Sleath',446,15,975),(331,'Hyaena brunnea','591','Felice McCarly',27,124,553),(332,'Sagittarius serpentarius','479','Kingsley Espley',248,201,352),(333,'Nucifraga columbiana','484','Rachael Hardeman',469,375,956),(334,'Sciurus niger','856','Brockie O\'Ruane',53,62,878),(335,'Leptoptilus dubius','621','Ethelda Coffelt',495,36,525),(336,'Phoenicopterus ruber','466','Ibbie O\'Shea',89,34,903),(337,'Gymnorhina tibicen','480','Gregory Zamboniari',435,64,24),(338,'Butorides striatus','654','Archy Suatt',214,137,64),(339,'Libellula quadrimaculata','491','Tine Ganforth',34,70,343),(340,'Nucifraga columbiana','522','Lenora Remer',158,217,309),(341,'Felis libyca','916','Orella Strutz',465,48,294),(342,'Lutra canadensis','693','Windham Corr',245,411,188),(343,'Zenaida galapagoensis','417','Miguelita Salvage',346,254,695),(344,'Ara macao','272','Erskine Stanway',472,473,342),(345,'Castor fiber','338','Marlo Janaud',154,318,398),(346,'Sula dactylatra','711','Stanwood Wheelhouse',50,405,155),(347,'Pavo cristatus','262','Orsa Mansuer',11,48,622),(348,'Eumetopias jubatus','673','Kikelia Handrick',307,189,523),(349,'Felis concolor','771','Theresa Alentyev',159,242,553),(350,'Capreolus capreolus','439','Gabey Morrad',444,245,415),(351,'Cervus duvauceli','978','Worthy Patullo',136,449,77),(352,'Manouria emys','787','Sigfrid Swinfen',250,241,463),(353,'Oreamnos americanus','546','Gilemette Sherman',478,275,151),(354,'Phalacrocorax niger','553','Jasmin Buddell',426,119,112),(355,'Castor fiber','730','Dolf Buckeridge',75,436,341),(356,'Mycteria ibis','819','Ania Bruin',185,298,494),(357,'Vulpes cinereoargenteus','519','Filip Bett',154,366,295),(358,'Paroaria gularis','804','Jonathan Boyen',300,104,50),(359,'Ratufa indica','707','Binnie McCullouch',393,331,572),(360,'Hystrix indica','978','Ester Laxon',332,443,126),(361,'Leptoptilos crumeniferus','376','Celka Thicking',100,428,973),(362,'Madoqua kirkii','312','Oran Hailston',268,372,355),(363,'Anas platyrhynchos','419','Amelina Goodlife',13,369,466),(364,'Aegypius tracheliotus','922','Elana Phant',494,449,404),(365,'Ateles paniscus','504','Tomkin Damsell',307,46,938),(366,'unavailable','881','Urbano Maypes',101,384,472),(367,'Crotalus cerastes','412','Lesli Moyler',43,480,718),(368,'Gazella thompsonii','550','Kyle Naisey',75,198,276),(369,'Tiliqua scincoides','377','Nadya Sevior',73,494,253),(370,'Oryx gazella','618','Vito Wraight',304,226,65),(371,'Sciurus vulgaris','427','Cindy Guinan',170,458,480),(372,'Phalaropus fulicarius','510','Saba Dowdney',48,395,224),(373,'Milvus migrans','479','Stevy Ales0',236,189,894),(374,'Vulpes vulpes','732','Annora Izard',341,409,17),(375,'Phalacrocorax niger','486','Lyssa Turle',270,290,474),(376,'Colaptes campestroides','719','Garald Langthorne',39,20,235),(377,'Aonyx capensis','628','Therine Suermeiers',473,16,314),(378,'Lepus arcticus','341','Caressa Sharer',279,139,52),(379,'Chloephaga melanoptera','483','Emmie Alaway',420,405,162),(380,'Buteo galapagoensis','542','Pace Gors',245,374,909),(381,'Alopex lagopus','945','Launce Mac Giany',98,289,367),(382,'Coluber constrictor','248','Claudetta Rosenfarb',329,478,226),(383,'Anas bahamensis','744','Sherline Shallo',145,121,975),(384,'Phalacrocorax varius','523','Willy Cicco',376,380,926),(385,'Rhea americana','234','Demetra Metcalf',476,474,283),(386,'Colobus guerza','789','Sampson Pautard',306,433,98),(387,'Calyptorhynchus magnificus','994','Tannie Bunker',460,194,893),(388,'Alouatta seniculus','230','Franky Dabbes',455,153,318),(389,'Zenaida galapagoensis','295','Park D\'eye',219,35,641),(390,'Ephippiorhynchus mycteria','904','Wendell De Andreis',377,463,365),(391,'Macropus rufogriseus','496','Deidre Stronach',188,115,647),(392,'Theropithecus gelada','968','Paddie Izac',353,381,334),(393,'Heloderma horridum','968','Shea Browell',53,227,404),(394,'Stenella coeruleoalba','226','Helaina Powrie',390,312,890),(395,'Crotaphytus collaris','844','Randolf Davana',332,383,242),(396,'Leipoa ocellata','641','Aurelia Alvarez',260,328,541),(397,'Prionace glauca','600','Arline Winspire',215,350,157),(398,'Diomedea irrorata','398','Shermie Julien',95,98,26),(399,'Mephitis mephitis','916','Kamilah Mattys',162,442,453),(400,'Terathopius ecaudatus','679','Henrietta Harker',220,391,76),(401,'Cacatua tenuirostris','301','Cyb Coogan',500,395,122),(402,'Dasyurus maculatus','292','Ettore Shower',12,101,545),(403,'Sarcorhamphus papa','928','Nikki Gillson',426,138,428),(404,'Bison bison','654','Candy Barter',235,455,274),(405,'Dusicyon thous','923','Darin Surby',286,115,14),(406,'Ctenophorus ornatus','631','Rubie Carsberg',17,500,333),(407,'Lamprotornis sp.','338','Annis Ferraresi',107,160,414),(408,'Chelodina longicollis','324','Marylou Ellams',257,240,128),(409,'Tockus flavirostris','400','Octavius Lortzing',433,271,464),(410,'Bubalornis niger','664','Linet Lorie',288,483,862),(411,'Canis aureus','645','Nikolai Potten',191,119,718),(412,'Laniaurius atrococcineus','709','Caryl Slipper',253,89,510),(413,'Alopochen aegyptiacus','322','Kim Bedells',190,500,110),(414,'Macaca mulatta','717','Avivah Fortnam',493,269,43),(415,'Cathartes aura','565','Leora Gayler',95,334,195),(416,'Chelodina longicollis','864','Rick Croucher',186,375,106),(417,'Bucorvus leadbeateri','201','Amalee Batiste',210,388,970),(418,'Columba livia','492','Hugo Merrilees',61,419,851),(419,'Sarkidornis melanotos','578','Bordy McKaile',435,479,604),(420,'Anas bahamensis','632','Darda Dyer',444,400,605),(421,'Globicephala melas','317','Donovan Tutill',446,414,14),(422,'Procyon lotor','700','Vernice Kerin',288,360,54),(423,'Nasua nasua','973','Tammy Jovovic',223,177,415),(424,'Vicugna vicugna','844','Camella Clace',456,17,836),(425,'Spermophilus richardsonii','796','Benoite Andreaccio',191,38,468),(426,'Deroptyus accipitrinus','697','Donetta Raffon',116,416,720),(427,'Rhea americana','474','Wesley Plant',115,481,358),(428,'Pan troglodytes','818','Lilllie Dunbavin',392,36,36),(429,'Macropus fuliginosus','907','Kennan O\'Monahan',442,327,135),(430,'Corvus brachyrhynchos','649','Dionisio Kershow',183,233,320),(431,'Macropus eugenii','382','Petrina Marmion',67,67,773),(432,'Chloephaga melanoptera','900','Benjie Betterton',372,190,825),(433,'Cabassous sp.','636','Lorenza Lant',440,61,341),(434,'Sylvicapra grimma','483','Jessika Novello',208,488,902),(435,'Gazella thompsonii','199','Gregory Bagworth',59,255,176),(436,'Cyrtodactylus louisiadensis','931','Sallyanne Morrieson',151,207,518),(437,'Alopex lagopus','568','Roderigo Callis',409,39,882),(438,'Nasua nasua','529','Rubina Dagger',75,479,600),(439,'Crotaphytus collaris','741','Gaile Goozee',426,51,420),(440,'Phascogale calura','474','Colette Tutill',258,143,221),(441,'Semnopithecus entellus','220','Leonelle Timmis',421,330,184),(442,'Meleagris gallopavo','568','Clive Arends',92,120,298),(443,'Pandon haliaetus','540','Emmaline Sausman',271,63,267),(444,'Pseudoleistes virescens','880','Gustie Werendell',76,129,527),(445,'Paraxerus cepapi','695','Ailbert Broyd',236,417,170),(446,'Varanus salvator','824','Pacorro McCoid',362,283,9),(447,'Casmerodius albus','444','Jerrine Leather',207,2,620),(448,'Phascogale calura','494','Adiana Goreway',378,119,407),(449,'Carphophis sp.','445','Derry Garnham',431,190,300),(450,'Dusicyon thous','558','Darelle Minichillo',242,36,267),(451,'Semnopithecus entellus','368','Coletta Hyndson',491,319,766),(452,'Sagittarius serpentarius','795','Suzi Rable',337,52,791),(453,'Haematopus ater','826','Katharine Dressel',236,481,894),(454,'Varanus salvator','858','Kermit Lamping',492,382,942),(455,'Tragelaphus strepsiceros','486','Sloane Barabich',126,478,849),(456,'Vulpes chama','716','Calla Jancar',418,335,368),(457,'Bugeranus caruncalatus','221','Darda Konmann',42,257,692),(458,'Manouria emys','930','Gayla Bennike',470,32,915),(459,'Zonotrichia capensis','379','Rozella Kless',79,440,323),(460,'Cacatua tenuirostris','528','Cleveland Cuniam',414,203,957),(461,'Laniaurius atrococcineus','728','Britte Pearman',137,258,138),(462,'Cynictis penicillata','978','Hetti Dyball',449,445,706),(463,'Ninox superciliaris','476','Grantley Bromilow',395,7,12),(464,'Scolopax minor','242','Stepha Sainthill',398,400,917),(465,'Sarcorhamphus papa','707','Hyacinth Paton',2,64,356),(466,'Galictis vittata','560','Jillene McReynold',370,110,661),(467,'Irania gutteralis','400','Rubina Dullard',313,427,941),(468,'Larus dominicanus','430','Peria Iverson',453,136,166),(469,'Panthera leo persica','552','Evania Gawne',331,66,451),(470,'Phoenicopterus ruber','488','Cacilia Sambidge',308,396,23),(471,'Chloephaga melanoptera','399','Stepha Spillard',306,144,525),(472,'Ramphastos tucanus','349','Harlie Darby',363,68,987),(473,'Chloephaga melanoptera','275','Julian Tremollet',434,46,981),(474,'Papio ursinus','574','Rianon Cavey',267,359,910),(475,'Semnopithecus entellus','427','Katee Kloss',323,91,321),(476,'Zenaida asiatica','302','Corenda Longstaff',236,349,830),(477,'Mellivora capensis','729','Anastasia Aingell',90,156,318),(478,'Neophoca cinerea','678','Ceil Lowers',44,170,11),(479,'Grus rubicundus','550','Brigida Cuncarr',99,328,209),(480,'Oxybelis sp.','427','Muriel Ivanaev',305,371,732),(481,'Eumetopias jubatus','503','Maybelle Serman',224,142,589),(482,'Alcelaphus buselaphus cokii','367','Thelma Pryer',312,1,557),(483,'Dasyurus viverrinus','506','Cathleen Eykelhof',293,424,41),(484,'Columba palumbus','601','Eadie Scutts',17,137,40),(485,'Centrocercus urophasianus','966','Brantley Venour',376,419,707),(486,'Crotalus adamanteus','345','Mayor Alldridge',414,286,822),(487,'Manouria emys','607','Ruthy Game',195,316,941),(488,'Melophus lathami','951','Pat Biggin',275,101,382),(489,'Lorythaixoides concolor','724','Camile Skyme',425,370,565),(490,'Vulpes chama','811','Godfry Dagg',302,209,618),(491,'Funambulus pennati','907','Kippie Hansbury',231,166,843),(492,'Morelia spilotes variegata','778','Alie Fintoph',31,289,132),(493,'Meles meles','850','Lenka Traise',233,309,70),(494,'Panthera onca','228','Marve Jockle',446,297,93),(495,'Parus atricapillus','894','Yevette Houldin',308,131,260),(496,'Theropithecus gelada','967','Isabeau Gley',407,214,129),(497,'Oreamnos americanus','808','Ryann Rickaert',454,39,133),(498,'Paradoxurus hermaphroditus','710','Veronike Buxsey',222,98,955),(499,'Fulica cristata','312','Darcey Duckett',454,423,965),(500,'Giraffe camelopardalis','864','Lonna Thornley',45,330,691),(501,'Helogale undulata','724','Juliann Crank',10,13,582),(502,'Phalacrocorax albiventer','368','Dick Pidgen',392,282,367),(503,'Paroaria gularis','509','Eryn Smieton',78,363,377),(504,'Merops nubicus','377','Lu Rawne',199,402,771),(505,'Thamnolaea cinnmomeiventris','977','Mada Shallcross',284,195,621),(506,'Petaurus norfolcensis','729','Felisha Musgrave',464,456,323),(507,'Oryx gazella','380','Thorstein Levings',368,126,620),(508,'Numida meleagris','504','Caren Aynsley',125,260,138),(509,'Pycnonotus barbatus','255','Akim Balden',98,396,555),(510,'Alouatta seniculus','437','Teddie Dacre',256,220,284),(511,'Bubo sp.','220','Augie Valentino',341,63,663),(512,'Cebus apella','940','Cacilia Oldfield',8,78,843),(513,'Choloepus hoffmani','341','Flossi Wrigglesworth',222,168,63),(514,'Cebus apella','216','Darrel Beldum',49,267,50),(515,'Lepus arcticus','392','Paule O\'Deegan',10,352,235),(516,'Pelecanus conspicillatus','886','Olivette Billings',461,185,683),(517,'Microcebus murinus','199','Brook Steagall',126,337,268),(518,'Turtur chalcospilos','387','Hilary Mosten',27,242,74),(519,'Ornithorhynchus anatinus','433','Lettie Drinkall',51,425,824),(520,'Ictonyx striatus','803','Maggee Abela',329,313,944),(521,'Alligator mississippiensis','844','Wolfy Buttel',480,1,532),(522,'Leptoptilos crumeniferus','377','Jodie Breddy',410,232,89),(523,'Vanellus armatus','640','Timmie Swindley',464,281,462),(524,'Ciconia ciconia','289','Gradey Basso',314,311,598),(525,'Alopex lagopus','710','Dael Wrotchford',483,486,57),(526,'Eremophila alpestris','622','Nanci Weadick',82,471,755),(527,'Felis wiedi or Leopardus weidi','576','Adena Piecha',166,60,652),(528,'Anas bahamensis','870','Perren Hathorn',261,17,862),(529,'Phalacrocorax niger','243','Dory Harler',359,248,771),(530,'Merops nubicus','339','Bell Sendall',455,479,940),(531,'Coracias caudata','590','Coriss Astridge',444,177,741),(532,'Vulpes chama','791','Den Law',460,250,82),(533,'Mycteria ibis','200','Leontine Carreyette',222,222,795),(534,'Trachyphonus vaillantii','467','Sallyann Farherty',374,223,928),(535,'Dasyurus viverrinus','211','Gayleen Snowsill',377,77,835),(536,'Pseudoleistes virescens','817','Andria Pray',126,219,948),(537,'Lamprotornis nitens','468','Linn Jurca',160,18,734),(538,'Macaca mulatta','839','Gerrie Canadine',115,122,356),(539,'Macropus fuliginosus','904','Marchelle Rapps',300,370,58),(540,'Phascogale calura','540','Corey Caulket',122,282,329),(541,'Cereopsis novaehollandiae','547','Maryanna Kermon',304,140,744),(542,'Larus dominicanus','624','Jeniffer Zarfai',417,281,312),(543,'Choloepus hoffmani','487','Eada Josum',218,15,742),(544,'Paradoxurus hermaphroditus','277','Dede Alcido',86,14,394),(545,'Tachyglossus aculeatus','714','Hazel Wookey',433,84,420),(546,'Francolinus swainsonii','418','Gordie Mulryan',172,374,869),(547,'Phoeniconaias minor','367','Jane Filtness',399,364,485),(548,'Neotis denhami','817','Athena McGuffog',316,383,246),(549,'Gabianus pacificus','394','Mart La Wille',470,283,513),(550,'Echimys chrysurus','743','Bary Dowe',405,170,108),(551,'Ardea cinerea','386','Giovanni Bonnavant',251,302,480),(552,'Stercorarius longicausus','820','Darlleen McCorkell',34,344,623),(553,'Fregata magnificans','887','Bethanne Whinray',92,55,811),(554,'Cordylus giganteus','239','Aeriell Greer',473,428,119),(555,'Pelecanus conspicillatus','262','Celestia Toupe',331,254,697),(556,'Damaliscus lunatus','226','Farra Reglar',297,121,399),(557,'Cochlearius cochlearius','863','Garv Ferrao',459,448,64),(558,'Priodontes maximus','556','Ravi Brumhead',191,139,149),(559,'Meleagris gallopavo','728','Bamby Oliphand',391,121,894),(560,'Tachybaptus ruficollis','327','Cosetta Francescoccio',218,74,244),(561,'Manouria emys','976','Sheri Shadrach',470,379,875),(562,'Leipoa ocellata','279','Rikki Mea',362,463,223),(563,'Anastomus oscitans','421','Nataniel Weavill',21,353,489),(564,'Bubalus arnee','304','Cathrine Dodshun',74,301,194),(565,'Dacelo novaeguineae','843','Sebastiano Palia',360,120,538),(566,'Leipoa ocellata','836','Milena Moggle',184,290,798),(567,'Gorilla gorilla','446','Colly Ebbetts',131,159,276),(568,'Chordeiles minor','887','Renelle Jacklin',228,268,60),(569,'Diomedea irrorata','427','Randie McCorkell',332,184,763),(570,'Nycticorax nycticorax','532','Loralee Barfield',95,488,384),(571,'Dendrocygna viduata','756','Wandis Dugald',260,196,979),(572,'Pseudoleistes virescens','825','Gayelord Milton',229,18,554),(573,'Drymarchon corias couperi','317','Daniele Bosenworth',476,96,173),(574,'Paradoxurus hermaphroditus','200','Wallis Delacourt',399,129,476),(575,'Semnopithecus entellus','463','Marylee Dytham',147,285,537),(576,'Nasua nasua','611','Tyson Roscamp',295,269,440),(577,'Physignathus cocincinus','637','Gloriana Tilzey',233,303,295),(578,'Egretta thula','467','Umeko Hugk',241,241,853),(579,'Lepus townsendii','776','Gloriane Skerman',478,342,637),(580,'Phylurus milli','892','Kendell Lundy',490,491,89),(581,'Alligator mississippiensis','703','Leontyne Durie',70,254,670),(582,'Prionace glauca','855','Archibald Bullman',82,251,734),(583,'Streptopelia senegalensis','286','Agnesse McAirt',302,49,753),(584,'Tockus erythrorhyncus','874','Anne-corinne Hardstaff',290,17,433),(585,'Trachyphonus vaillantii','390','Carena Hasley',417,488,556),(586,'Diomedea irrorata','558','Cecily Heasley',423,226,982),(587,'Carduelis pinus','365','Kimble Burleigh',173,298,55),(588,'Conolophus subcristatus','775','Dacy Joffe',424,450,797),(589,'Psophia viridis','227','Cy Peacher',203,211,968),(590,'Larus dominicanus','773','Claire Bellini',424,368,515),(591,'Oxybelis sp.','998','Eveline Bilovsky',317,108,255),(592,'Felis silvestris lybica','390','Elga Bulleyn',310,286,966),(593,'Acrobates pygmaeus','758','Joseito Kealy',343,273,461),(594,'Gyps bengalensis','736','Jilly Prate',357,251,551),(595,'Sarkidornis melanotos','207','Chris Noyce',96,3,656),(596,'Coluber constrictor','695','Blane Tees',242,316,22),(597,'Aonyx cinerea','837','Chris Broadbere',112,89,620),(598,'Pycnonotus nigricans','365','Jacklyn Wingatt',321,310,822),(599,'Meleagris gallopavo','980','Normy Noah',466,325,657),(600,'Eolophus roseicapillus','299','Sapphire Arrol',18,386,422),(601,'Manouria emys','876','Osmund Berrisford',235,494,742),(602,'Melophus lathami','517','Lissi Kynoch',16,171,245),(603,'Colaptes campestroides','673','Giustina Bernardes',300,238,697),(604,'Pelecanus occidentalis','472','Page Salvidge',272,314,16),(605,'Mirounga leonina','510','Nessa Reicherz',397,30,119),(606,'Marmota monax','836','Maggy Withull',331,21,728),(607,'Sylvilagus floridanus','563','Cacilie Luetkemeyers',464,181,849),(608,'Lutra canadensis','620','Rozanne Childerhouse',157,266,494),(609,'Felis concolor','464','Alexandros Keasey',98,493,566),(610,'Francolinus leucoscepus','679','Oralle Dollard',312,48,419),(611,'Semnopithecus entellus','705','Caren Petrina',175,391,13),(612,'Hystrix cristata','571','Jemmie Jentle',27,146,213),(613,'Dicrostonyx groenlandicus','655','Jaymee Gristwood',461,29,39),(614,'Paraxerus cepapi','398','Willy Arger',372,281,316),(615,'Phoenicopterus ruber','341','Tybi Halifax',247,99,564),(616,'Marmota flaviventris','388','Marve Whetnall',47,408,776),(617,'Zalophus californicus','772','Romola Clowser',47,485,693),(618,'Sus scrofa','862','Vassili Croshaw',248,483,511),(619,'Diomedea irrorata','990','Katrine Raynard',324,30,870),(620,'Acrobates pygmaeus','327','Ozzie Rudolfer',214,5,742),(621,'Kobus leche robertsi','918','Jacky Stancliffe',418,89,757),(622,'Pseudocheirus peregrinus','764','Selie Giacopelo',53,363,52),(623,'Larus dominicanus','782','Cirilo Yerrall',77,406,319),(624,'Castor canadensis','458','Shanie Greenhough',456,190,864),(625,'Genetta genetta','650','Keith Gulvin',356,10,755),(626,'Tursiops truncatus','747','Timmie Antonucci',321,315,910),(627,'Ara ararauna','266','Ardene Grundwater',254,441,871),(628,'Trichosurus vulpecula','810','Casper Brazur',43,141,427),(629,'Oryx gazella','316','Cassaundra Pentelo',437,330,274),(630,'Sarkidornis melanotos','239','Hester Viccars',83,96,87),(631,'Alopochen aegyptiacus','515','Bogart Heistermann',262,438,52),(632,'Laniaurius atrococcineus','219','Hillel Champagne',186,320,183),(633,'Equus burchelli','660','Em Lynock',153,98,395),(634,'Mirounga leonina','890','Kaylil Wrey',257,484,709),(635,'Ardea golieth','667','Yuma Pundy',247,84,813),(636,'Anser anser','570','Jeffie Heminsley',372,294,741),(637,'Papio ursinus','979','Reiko Van Merwe',151,215,5),(638,'Speothos vanaticus','431','Cynde Clineck',53,500,258),(639,'Hippotragus niger','803','Renata Headrick',481,333,20),(640,'Diomedea irrorata','557','Gypsy Elderton',67,217,957),(641,'Cereopsis novaehollandiae','589','Amalea Petschelt',483,162,58),(642,'Ammospermophilus nelsoni','671','Duane De la Yglesia',22,254,729),(643,'Phalacrocorax niger','696','Joyous Merrall',30,174,916),(644,'Falco mexicanus','585','Allx Scanes',477,181,638),(645,'Spermophilus parryii','406','Devan Smullin',73,390,174),(646,'Uraeginthus bengalus','526','Edita Labon',498,345,125),(647,'Naja nivea','786','Guinevere Blackborough',473,103,524),(648,'Toxostoma curvirostre','933','Halsey Uttridge',491,3,991),(649,'Panthera leo','911','Kimble Collingham',138,418,807),(650,'Ctenophorus ornatus','698','Pattin Stokoe',219,410,68),(651,'Ara ararauna','273','Shandie Guillart',417,145,495),(652,'Aegypius tracheliotus','652','Lissi Sammonds',482,328,246),(653,'Dasyurus maculatus','526','Philippine Tatersale',366,86,273),(654,'Spermophilus richardsonii','938','Augie Gonnet',303,383,864),(655,'Bassariscus astutus','651','Sven Surpliss',13,36,750),(656,'Bos taurus','460','Glennie Tabb',18,296,737),(657,'Graspus graspus','947','Roderigo Jurgenson',66,19,636),(658,'Castor fiber','577','Cristabel O\'Mahoney',396,264,295),(659,'Ara chloroptera','919','William Antonomolii',221,165,371),(660,'Seiurus aurocapillus','492','Clo Galletly',156,394,645),(661,'Taxidea taxus','961','Brnaba Tingly',375,162,584),(662,'Tetracerus quadricornis','478','Binnie Sanders',226,55,601),(663,'Morelia spilotes variegata','479','Quincy Potkins',214,414,510),(664,'Climacteris melanura','530','Corene Bassill',164,201,445),(665,'Cordylus giganteus','336','Clo Mander',51,227,332),(666,'Uraeginthus granatina','727','Guthrey Privost',325,44,542),(667,'Varanus sp.','363','Cammy Ilyin',75,412,416),(668,'Gymnorhina tibicen','809','Ron Haffenden',231,136,374),(669,'Choriotis kori','414','Arleta Stannas',269,45,313),(670,'Mellivora capensis','846','Ryon Pina',201,352,423),(671,'Pelecans onocratalus','495','Lorne Teaz',217,220,741),(672,'Lamprotornis superbus','774','Ursulina Dye',159,213,160),(673,'Canis lupus baileyi','679','Graham Potkins',248,112,807),(674,'Libellula quadrimaculata','707','Dominick Able',165,120,921),(675,'Gabianus pacificus','588','Alena Kuhle',47,497,307),(676,'Genetta genetta','373','Jo Stathers',47,299,576),(677,'Spermophilus parryii','220','Weylin Lucey',271,253,222),(678,'Odocoileus hemionus','357','Bobbie Yerborn',372,352,900),(679,'Kobus defassa','993','Gisele Eeles',59,372,278),(680,'Morelia spilotes variegata','323','Fred Guilliatt',493,402,404),(681,'Trichoglossus haematodus moluccanus','389','Clerc Local',115,350,246),(682,'Ovibos moschatus','723','Mathian Bulbeck',438,168,45),(683,'Alectura lathami','381','Gauthier Ottee',58,359,32),(684,'Phalacrocorax albiventer','423','Shauna Allington',382,130,134),(685,'Balearica pavonina','428','Lydie Haacker',251,144,785),(686,'Myiarchus tuberculifer','901','Jackie Flescher',273,328,455),(687,'Buteo galapagoensis','967','Pavlov Bonwick',237,303,281),(688,'Sylvilagus floridanus','933','Ricca MacArthur',358,295,527),(689,'Paraxerus cepapi','703','Tine Clapshaw',127,266,458),(690,'Francolinus swainsonii','364','Sandi Rudyard',8,257,842),(691,'Ploceus intermedius','258','Patricia Hundley',276,352,294),(692,'Lepus arcticus','978','Lucinda Lavens',102,89,314),(693,'Spermophilus richardsonii','280','Mattie Stichall',30,150,784),(694,'unavailable','487','Prue Johansen',394,247,598),(695,'Panthera pardus','602','Estele Sowood',369,304,1000),(696,'unavailable','983','Zacharias Fancy',125,365,96),(697,'Haliaetus vocifer','547','Claudine Arnald',277,168,99),(698,'Cacatua tenuirostris','311','Garvin Cestard',173,180,879),(699,'Limnocorax flavirostra','550','Dylan Pachta',36,35,22),(700,'Martes americana','463','Brooke Jankovic',142,373,814),(701,'Salvadora hexalepis','607','Talyah Entwhistle',36,273,623),(702,'Cochlearius cochlearius','340','Piggy Doak',338,457,527),(703,'Morelia spilotes variegata','211','Clerissa Stouther',413,81,901),(704,'Trichosurus vulpecula','838','Pepito Andreasen',160,231,347),(705,'Naja haje','752','Johannah Hewlings',70,334,232),(706,'Paraxerus cepapi','493','Brewster Fairholme',1,174,483),(707,'Acanthaster planci','975','Hyacinth Fust',468,483,948),(708,'Tamiasciurus hudsonicus','303','Francklyn Dunnet',123,291,798),(709,'Procyon lotor','209','Lorianne Gladeche',145,401,537),(710,'Phalaropus fulicarius','253','Rosie Symons',100,171,554),(711,'Zonotrichia capensis','763','Frankie McCanny',209,358,70),(712,'Plocepasser mahali','485','Dory McLinden',299,108,535),(713,'Fregata magnificans','256','Bo Harrad',5,134,851),(714,'Hippotragus niger','539','Kristan MacKall',262,265,209),(715,'Mycteria leucocephala','464','Briano Binny',221,379,598),(716,'Papio cynocephalus','691','Mindy Posten',316,438,196),(717,'Spizaetus coronatus','879','Cynthy Luberti',77,257,328),(718,'Acrantophis madagascariensis','658','Malinde Antusch',418,37,244),(719,'Antidorcas marsupialis','921','Sanders Huffer',254,401,637),(720,'Gekko gecko','858','Andres Cockin',430,349,563),(721,'Galictis vittata','902','Elbertine Durrad',340,170,225),(722,'Ninox superciliaris','609','Harp Benion',419,291,366),(723,'Notechis semmiannulatus','992','Stella Loach',138,375,264),(724,'Naja haje','592','Reidar Jewar',251,52,130),(725,'Acrantophis madagascariensis','464','Ev Cobley',226,74,141),(726,'Acrobates pygmaeus','265','Jessy Cogdon',140,80,515),(727,'Varanus salvator','517','Maris Comini',292,307,279),(728,'Graspus graspus','408','Darya Winspare',19,10,82),(729,'Pteropus rufus','831','Maribeth Tonks',348,186,924),(730,'Chlamydosaurus kingii','441','Eolanda Reece',452,113,943),(731,'Dusicyon thous','351','Lorrie Pues',72,452,935),(732,'Suricata suricatta','351','Byram Canada',359,219,285),(733,'Passer domesticus','841','Nat Freear',449,497,684),(734,'Loris tardigratus','225','Zared Le Frank',70,417,535),(735,'Tamiasciurus hudsonicus','745','Flossie Peskett',365,76,19),(736,'Dacelo novaeguineae','490','Noreen O\'Cassidy',148,405,43),(737,'Buteo regalis','222','Granger Tildesley',32,47,750),(738,'Erethizon dorsatum','544','Dacey Raleston',352,247,125),(739,'Phascogale tapoatafa','980','Jodee Fawbert',256,146,783),(740,'Camelus dromedarius','210','Aili Aggis',340,374,197),(741,'Morelia spilotes variegata','370','Alethea Andrewartha',326,428,507),(742,'Myotis lucifugus','742','Frederique MacKim',2,472,295),(743,'Lorythaixoides concolor','483','Redford Farloe',58,492,211),(744,'Aegypius tracheliotus','250','Rosamund Kingsnode',15,453,192),(745,'Hyaena hyaena','968','Hastings Vannucci',338,447,84),(746,'Centrocercus urophasianus','377','Arlyne Bulger',474,180,199),(747,'Pycnonotus nigricans','939','Donal Pietruszka',205,420,266),(748,'Lepilemur rufescens','234','Merl Vondrys',99,259,149),(749,'Gopherus agassizii','803','Jessy Seiffert',314,482,192),(750,'Pelecans onocratalus','548','Cordelie Tixier',248,402,512),(751,'Cereopsis novaehollandiae','998','Revkah Spiaggia',65,252,978),(752,'Tyto novaehollandiae','774','Belvia Couzens',159,277,283),(753,'Conolophus subcristatus','574','Francesca Kinnier',44,313,379),(754,'Limosa haemastica','228','Doy Kimbley',236,241,439),(755,'Psittacula krameri','400','Rowan Goldstone',403,447,920),(756,'Eolophus roseicapillus','924','Delila Halson',12,489,907),(757,'Centrocercus urophasianus','915','Geri O\'Caine',237,396,740),(758,'Snycerus caffer','916','Abbot Wavish',329,242,76),(759,'Lepus townsendii','810','Rutter Kienl',239,351,236),(760,'Halcyon smyrnesis','931','Hasheem Grinov',248,391,855),(761,'Corvus albicollis','332','Perren Fleetwood',201,255,390),(762,'Varanus albigularis','972','Ashli Mose',445,266,645),(763,'Alcelaphus buselaphus cokii','772','Sol Van Son',455,205,329),(764,'unavailable','662','Elladine Climo',439,279,187),(765,'Cervus canadensis','489','Bert Ledingham',442,409,640),(766,'Ovis canadensis','432','Stanton Ginnell',396,98,540),(767,'Phasianus colchicus','211','Yank Cobbledick',35,369,710),(768,'Laniaurius atrococcineus','828','Joyous Duddan',238,139,862),(769,'Spilogale gracilis','358','Talia Shipman',398,24,381),(770,'Callipepla gambelii','978','Antony de Quesne',39,238,534),(771,'Colaptes campestroides','607','Read Buckenhill',390,90,661),(772,'Boselaphus tragocamelus','604','Vinnie Luis',82,402,499),(773,'Psophia viridis','964','Niall Rudolph',398,334,567),(774,'Sitta canadensis','873','Corrianne Bilverstone',116,245,771),(775,'Anthropoides paradisea','340','Randy Durman',34,382,985),(776,'Lepus arcticus','689','Sofia Struther',150,22,821),(777,'Fratercula corniculata','561','Butch Lambol',493,194,174),(778,'Toxostoma curvirostre','397','Nefen Becarra',129,43,33),(779,'Ceratotherium simum','902','Meryl Waud',384,153,449),(780,'Erinaceus frontalis','731','Giles Cleverly',325,212,89),(781,'Aonyx capensis','454','Issiah Rosenbarg',172,92,124),(782,'Marmota monax','512','Raffarty Borthram',108,257,342),(783,'Limosa haemastica','525','Bertha Gorwood',47,59,225),(784,'Thalasseus maximus','608','Mignonne Paddington',465,497,829),(785,'Hystrix cristata','389','Renell Joseland',75,346,246),(786,'Charadrius tricollaris','600','Peyter Beckley',441,5,973),(787,'Ninox superciliaris','909','Moises Lownes',465,390,525),(788,'Larus fuliginosus','580','Brandise Matityahu',177,199,105),(789,'Plocepasser mahali','830','Katlin Rafe',31,231,735),(790,'Oreamnos americanus','920','Toma Dike',478,3,998),(791,'Gyps bengalensis','965','Manon Carver',8,326,780),(792,'Phoeniconaias minor','586','Dniren Peeke',186,386,367),(793,'Platalea leucordia','823','Gale Mallord',135,205,946),(794,'Eutamias minimus','865','Jaquenetta Boig',4,341,125),(795,'Anhinga rufa','255','Sherlock Dobbs',129,234,200),(796,'Bassariscus astutus','903','Norton Boulstridge',492,212,201),(797,'Erinaceus frontalis','362','Rudd Woolrich',56,368,84),(798,'Xerus sp.','779','Dru Coard',365,96,114),(799,'Lemur catta','974','Costanza Dyett',368,230,88),(800,'Bradypus tridactylus','659','Arman Coldrick',386,260,745),(801,'Agelaius phoeniceus','269','Lauren Schoular',138,338,502),(802,'Epicrates cenchria maurus','932','Colet Mithon',480,381,217),(803,'Trachyphonus vaillantii','643','Daniel Perch',313,92,22),(804,'Gyps bengalensis','782','Lou Epilet',164,440,145),(805,'Lutra canadensis','616','Angela Form',114,465,789),(806,'Philetairus socius','520','Griff Roistone',368,73,902),(807,'Plocepasser mahali','457','Pietrek Rasmus',149,358,76),(808,'Corvus albicollis','639','Letta Hanson',313,385,688),(809,'Sarcophilus harrisii','306','Charlotta Ramos',88,341,663),(810,'Dasyurus maculatus','570','Bary Birckmann',481,177,897),(811,'Butorides striatus','960','Euell Chalkly',12,304,993),(812,'Equus burchelli','418','Pembroke Somerlie',486,84,132),(813,'Canis mesomelas','213','Aggy Stanworth',261,185,503),(814,'Stercorarius longicausus','317','Hildegaard Ottosen',406,339,44),(815,'unavailable','732','Lynna Calltone',284,102,368),(816,'Lamprotornis chalybaeus','464','Ingrid Thow',116,17,374),(817,'Cebus apella','403','Lian Anfonsi',339,415,791),(818,'Columba palumbus','997','Sax Charlesworth',479,133,121),(819,'Dendrocitta vagabunda','866','Pearce Pifford',353,86,444),(820,'Anser anser','949','Germayne Pischof',491,307,522),(821,'Mabuya spilogaster','423','Roze MacAnulty',126,15,166),(822,'Ramphastos tucanus','708','Cordelie O\'Currane',312,349,373),(823,'Phalacrocorax albiventer','585','Sydelle Wavell',372,362,308),(824,'Meleagris gallopavo','740','Kerby Fawlks',216,34,538),(825,'Phoeniconaias minor','835','Cecilio Edmonston',229,392,824),(826,'Vombatus ursinus','555','Marinna Dovinson',103,396,541),(827,'Mirounga leonina','272','Creigh Biggans',290,459,250),(828,'Nannopterum harrisi','519','Hailee Wrassell',278,24,901),(829,'Loxodonta africana','914','Ellery Rippingale',371,491,952),(830,'Climacteris melanura','276','Lynea Heimann',114,339,872),(831,'Gyps bengalensis','458','Goddard Blade',491,211,619),(832,'Pycnonotus nigricans','491','Breanne Norrington',228,329,634),(833,'Phalaropus fulicarius','328','Binky Grigorkin',429,260,320),(834,'Zalophus californicus','386','Yorgos Chittock',427,239,278),(835,'Pelecans onocratalus','573','Teri Emmanuele',462,168,420),(836,'Thamnolaea cinnmomeiventris','275','Vergil Retallick',241,334,642),(837,'Phalacrocorax carbo','793','Marinna Reckhouse',193,435,113),(838,'Cordylus giganteus','836','Hyacintha Bareford',46,218,854),(839,'Ara chloroptera','511','Rachele Goodhall',239,217,435),(840,'Crotaphytus collaris','364','Angel Danelut',484,252,612),(841,'Ephippiorhynchus mycteria','993','Stanford Pariso',132,378,134),(842,'Corvus albicollis','503','Nolie Gerger',406,365,260),(843,'Ramphastos tucanus','827','Haleigh Sturdey',354,388,222),(844,'unavailable','422','Rogerio Ault',413,115,624),(845,'Acrantophis madagascariensis','592','Lizabeth Schenfisch',32,16,718),(846,'Cervus duvauceli','359','Ayn Allsopp',411,489,676),(847,'Tiliqua scincoides','990','Madison Byres',131,186,932),(848,'Cereopsis novaehollandiae','671','Fidole Reuss',360,238,65),(849,'Limnocorax flavirostra','661','Olympe Philippault',365,188,601),(850,'Struthio camelus','835','Darbee Rodgerson',322,2,733),(851,'unavailable','524','Gertrudis McMurtyr',206,36,558),(852,'Pseudocheirus peregrinus','876','Kimberli Dreakin',271,238,950),(853,'Macaca mulatta','786','Genovera Fermin',373,79,528),(854,'Lutra canadensis','304','Eleonora Scantlebury',197,2,384),(855,'Cyrtodactylus louisiadensis','332','Doralia Mowsdell',241,79,836),(856,'Haematopus ater','885','Maire Lapsley',261,465,774),(857,'Dendrocitta vagabunda','686','Leighton Leasor',426,296,492),(858,'Balearica pavonina','797','Tobiah Silkstone',93,280,830),(859,'Trichoglossus haematodus moluccanus','733','Thedrick Noraway',27,399,481),(860,'Paraxerus cepapi','379','Donavon Dorkins',494,91,705),(861,'Ctenophorus ornatus','343','Almire Presland',402,432,408),(862,'Phalacrocorax carbo','384','Granville Wren',415,379,132),(863,'Seiurus aurocapillus','974','Ellissa Persehouse',272,128,230),(864,'Sylvilagus floridanus','499','Channa Blaxter',174,309,983),(865,'Marmota flaviventris','865','Diane Hexam',113,135,556),(866,'Pavo cristatus','975','Rozella Lavalde',134,194,524),(867,'Ephipplorhynchus senegalensis','792','Maison Hamm',262,219,756),(868,'Vulpes vulpes','565','Genny Houchen',58,295,727),(869,'Zonotrichia capensis','301','Nickola Bamblett',369,334,927),(870,'Sagittarius serpentarius','825','Boigie Locker',469,100,439),(871,'Diomedea irrorata','852','Catina Guillet',500,467,430),(872,'Threskionis aethiopicus','712','Florance Maudson',38,237,120),(873,'Propithecus verreauxi','559','Nicola Echlin',159,75,306),(874,'Creagrus furcatus','813','Nickie Shoulder',454,418,932),(875,'Irania gutteralis','304','Zebulen Gyford',410,267,59),(876,'Neotis denhami','584','Jaquenette Dalrymple',4,401,845),(877,'Plectopterus gambensis','852','Cherri Westhoff',365,416,987),(878,'Deroptyus accipitrinus','982','Minette Membry',253,367,679),(879,'Limnocorax flavirostra','455','Delmar Elstub',125,102,871),(880,'Tadorna tadorna','865','Berenice Kynvin',440,132,72),(881,'Equus burchelli','295','Vilma Ings',12,187,762),(882,'Sarcophilus harrisii','606','Rory Earp',90,439,840),(883,'Grus canadensis','552','Petr Stronough',300,271,253),(884,'Haematopus ater','372','Tobiah Twinberrow',182,377,875),(885,'Ovis canadensis','464','Alessandro Grayland',463,436,811),(886,'Grus rubicundus','355','Anabelle Andrioli',93,497,402),(887,'Mirounga leonina','370','Colline Windrus',246,201,319),(888,'Capreolus capreolus','867','Florentia Bromhead',398,175,558),(889,'Larus novaehollandiae','823','Swen Peperell',374,18,127),(890,'Lophoaetus occipitalis','404','Kerry Manass',325,168,703),(891,'Falco peregrinus','316','Xenia Petrillo',292,415,760),(892,'Isoodon obesulus','523','Agustin Ohrtmann',2,184,306),(893,'Castor canadensis','488','Dedie Harden',279,391,407),(894,'Psophia viridis','897','Ephraim Gary',44,89,167),(895,'Merops nubicus','486','Dixie Salerno',106,44,860),(896,'Oncorhynchus nerka','791','Hyatt McLemon',29,477,956),(897,'Numida meleagris','838','Gladys Torrijos',346,84,731),(898,'Larus sp.','224','Leann Bydaway',35,240,949),(899,'Macropus rufogriseus','240','Kelwin Pentlow',186,87,613),(900,'Ardea cinerea','677','Philomena Meardon',85,324,241),(901,'Tyto novaehollandiae','513','Cesaro Simonyi',334,89,688),(902,'Vulpes chama','819','Russ Ambrosch',185,125,376),(903,'Coluber constrictor','631','Tiffany Bowerman',436,221,961),(904,'Dasyurus viverrinus','970','Ronalda Habbes',94,442,870),(905,'unavailable','432','Sibilla Gullick',359,79,132),(906,'Streptopelia senegalensis','864','Julienne Woltering',35,147,218),(907,'Zosterops pallidus','960','Dayna Stronach',480,250,169),(908,'Butorides striatus','985','Ilise Corbishley',269,486,865),(909,'Taurotagus oryx','606','Nert Longman',235,212,777),(910,'Trichosurus vulpecula','759','Nevin Dutchburn',160,119,266),(911,'Macropus agilis','872','Gene Robbey',349,261,174),(912,'Paradoxurus hermaphroditus','362','Michal Apedaile',308,495,121),(913,'Acridotheres tristis','663','Kean Lyness',201,43,367),(914,'Tockus erythrorhyncus','377','Windy Teggart',200,97,34),(915,'Ploceus rubiginosus','796','Dania Acland',410,320,1),(916,'Gazella granti','334','Isis Arondel',269,147,784),(917,'Psophia viridis','416','Elie Isacsson',112,147,210),(918,'Gekko gecko','928','Thomasine Cholmondeley',483,500,325),(919,'Paradoxurus hermaphroditus','416','Matelda Yitzhok',306,61,282),(920,'Cervus elaphus','993','Ardyce LAbbet',65,379,895),(921,'Sauromalus obesus','875','Juditha Leimster',281,447,294),(922,'Mycteria leucocephala','663','Vince Mangham',198,498,60),(923,'Dasyprocta leporina','306','Rhody Crafter',390,249,514),(924,'Myrmecobius fasciatus','242','Adelice Lubman',22,350,664),(925,'Libellula quadrimaculata','844','Franklyn Felix',293,488,710),(926,'Chauna torquata','775','Ebenezer Mourbey',85,256,997),(927,'Zonotrichia capensis','391','Dona Hixley',217,122,908),(928,'Microcebus murinus','777','Marline Mintrim',301,1,150),(929,'Mazama gouazoubira','643','Glenda Blonden',451,300,629),(930,'Physignathus cocincinus','688','Ardenia Varcoe',223,156,744),(931,'Tenrec ecaudatus','633','Nestor Bover',391,332,365),(932,'Dipodomys deserti','590','Oralee Lippini',30,498,625),(933,'Sula nebouxii','582','Davie Crumley',211,30,25),(934,'Macropus rufus','701','Karlene MacNeilley',173,172,488),(935,'Phasianus colchicus','578','Sawyere Demchen',146,262,121),(936,'Thamnolaea cinnmomeiventris','284','Maiga Daal',130,57,579),(937,'Bubo virginianus','879','Pam Allom',209,476,693),(938,'Varanus salvator','632','Robbi Ordelt',221,170,932),(939,'Ourebia ourebi','655','Starr Eschalette',308,145,343),(940,'Ateles paniscus','695','Kathie MacClancey',396,149,712),(941,'Megaderma spasma','379','Ceil Aspenlon',120,73,898),(942,'Corallus hortulanus cooki','606','Elihu Ginner',188,173,639),(943,'Amblyrhynchus cristatus','498','Davin Penelli',37,388,17),(944,'Castor canadensis','934','Dix Wodham',32,119,844),(945,'Cervus duvauceli','876','Gigi Trudgian',286,41,519),(946,'Capra ibex','366','Dennis Dussy',146,388,519),(947,'Nyctea scandiaca','366','Chelsie Davet',228,387,618),(948,'Hystrix cristata','914','Ely Woodfin',487,293,847),(949,'Coracias caudata','388','Piotr Adamec',370,397,556),(950,'Acrobates pygmaeus','566','Pepi Garrish',306,386,236),(951,'Crocuta crocuta','247','Nial Hopfner',106,100,794),(952,'Tachyglossus aculeatus','807','Yurik Polglase',296,303,596),(953,'Cordylus giganteus','548','Clevey Sprason',81,150,430),(954,'Delphinus delphis','218','Calli Farncomb',313,270,753),(955,'Sula dactylatra','720','Hunfredo Klambt',115,285,331),(956,'Ursus americanus','348','Catlin Harkess',235,348,972),(957,'Macropus fuliginosus','291','Corinne Tappin',366,267,170),(958,'Tamandua tetradactyla','932','Lauryn Ledgister',298,394,517),(959,'Crocodylus niloticus','920','Lishe Killshaw',66,399,66),(960,'Otaria flavescens','683','Dunstan Gerwood',423,202,561),(961,'Cebus albifrons','664','Hank Andryunin',188,223,583),(962,'Phaethon aethereus','829','Gus Creffeild',419,155,250),(963,'Morelia spilotes variegata','709','Boot Alfonzo',4,433,984),(964,'Cochlearius cochlearius','440','Vanna Mocker',425,414,493),(965,'Gerbillus sp.','786','Cullie Lossman',451,292,754),(966,'Anthropoides paradisea','931','Marcelle Lucio',164,247,577),(967,'Perameles nasuta','543','Sunshine Axell',387,48,923),(968,'Lepus arcticus','370','Ozzy Tilte',474,75,313),(969,'Ceratotherium simum','754','Martha Bernard',112,175,817),(970,'Isoodon obesulus','529','Pepito Diemer',374,361,48),(971,'Tiliqua scincoides','455','Cristian Sheldrick',85,437,451),(972,'Eolophus roseicapillus','848','Tracy Murdy',497,294,857),(973,'Isoodon obesulus','850','Augustine Bras',21,94,291),(974,'Anathana ellioti','518','Crista Lavigne',391,91,41),(975,'Corvus albus','352','Babette Balazs',26,203,995),(976,'Boa constrictor mexicana','469','Florence Gell',468,365,943),(977,'Speothos vanaticus','606','Humfrid Calyton',390,322,958),(978,'unavailable','602','Helyn Stenson',37,372,181),(979,'Gyps bengalensis','969','Vinson Willatt',206,132,305),(980,'Tockus flavirostris','301','Susette Eustace',121,3,418),(981,'Ara macao','783','Paulina Titley',343,302,62),(982,'Bucorvus leadbeateri','848','Jan Ropert',24,69,936),(983,'Odocoileus hemionus','808','Ric Baraja',403,208,294),(984,'Anthropoides paradisea','637','Nicol Mathwen',36,441,706),(985,'Meleagris gallopavo','969','Mabel Clemmitt',425,427,486),(986,'Milvago chimachima','214','Edythe Farmiloe',424,180,271),(987,'unavailable','881','Ange Rothschild',30,283,801),(988,'Kobus leche robertsi','961','Hedi Trinke',292,14,93),(989,'Cervus canadensis','746','Leelah Milnes',13,312,135),(990,'Eudyptula minor','223','Sella Willavize',497,114,480),(991,'Cervus elaphus','976','Alphonse Pickle',457,149,422),(992,'Streptopelia senegalensis','592','Audie Bretelle',109,433,848),(993,'Boselaphus tragocamelus','245','Sterne O\'Fallone',41,365,380),(994,'Spermophilus armatus','294','Karel Daulton',426,221,204),(995,'Lorythaixoides concolor','357','Hillier Crilley',243,170,245),(996,'Phaethon aethereus','274','Halsy Tomaszczyk',309,301,369),(997,'Eudyptula minor','590','Alain Suermeiers',155,359,28),(998,'Bucorvus leadbeateri','218','Vick Cowden',162,180,288),(999,'Equus burchelli','745','Hammad Hindmoor',247,433,523),(1000,'Aquila chrysaetos','214','Lexis Dowse',255,21,959),(1001,'Macropus agilis','822','Julianna Sellens',473,21,919),(1002,'Corvus brachyrhynchos','588','Alain Mitford',176,185,861),(1003,'Bucorvus leadbeateri','512','Shelby Chatwin',342,178,155),(1004,'Hymenolaimus malacorhynchus','650','Jordan Anthonsen',408,79,135),(1005,'Bucephala clangula','332','Iseabal Pirolini',480,363,280),(1006,'Centrocercus urophasianus','251','Vevay Lakin',260,161,640),(1007,'Felis caracal','778','Agathe Jefferson',346,481,683),(1008,'Terathopius ecaudatus','818','Wilt Artindale',493,429,401),(1009,'Cordylus giganteus','314','Wandie Lesmonde',295,153,536),(1010,'Coendou prehensilis','275','Kylie Sargent',360,100,966),(1011,'Milvus migrans','210','Kris Rowlatt',137,298,253),(1012,'Thamnolaea cinnmomeiventris','476','Allayne Tweddle',392,226,82),(1013,'Cereopsis novaehollandiae','242','Cordi Glasbey',411,153,797),(1014,'Eolophus roseicapillus','495','Delilah Worling',230,319,880),(1015,'Neophoca cinerea','286','Emmott Kikke',130,150,873),(1016,'Choriotis kori','847','Lannie Kochlin',160,494,279),(1017,'Rhea americana','412','Rivkah Paroni',487,105,796),(1018,'Pan troglodytes','226','Nanni Blaske',163,231,337),(1019,'Pycnonotus nigricans','953','Elliott Goodlip',445,289,597),(1020,'Macropus rufus','393','Em Maskall',112,106,771),(1021,'Bubo sp.','351','Pauline Stiven',334,352,42),(1022,'Vanellus sp.','737','Nicol Mohun',176,253,840),(1023,'Eolophus roseicapillus','307','Vachel Blackett',177,83,657),(1024,'Anas bahamensis','590','Cthrine McKmurrie',381,279,272),(1025,'Deroptyus accipitrinus','756','Darcie Champkin',173,415,570),(1026,'Bettongia penicillata','513','Ethelred Iacovazzi',74,130,706),(1027,'Macaca fuscata','773','Tabbitha Kinworthy',290,206,789),(1028,'Ceratotherium simum','690','Eduino Vayro',498,248,42),(1029,'Anas punctata','764','Sileas Massei',7,363,529),(1030,'Bugeranus caruncalatus','383','Cary Pittam',57,52,309),(1031,'Boa caninus','860','Waldon Kindleside',177,191,516),(1032,'Chelodina longicollis','936','Roz Dorrance',447,486,42),(1033,'Cacatua tenuirostris','821','Mick Farmar',9,384,788),(1034,'Cochlearius cochlearius','269','Amata Ellissen',158,478,932),(1035,'Lepilemur rufescens','380','Hendrika Dayce',268,353,286),(1036,'Uraeginthus granatina','921','Josy Percy',395,388,116),(1037,'Macropus agilis','687','Edlin Jills',32,318,630),(1038,'Tadorna tadorna','574','Cecilia Brunnen',429,386,817),(1039,'Coendou prehensilis','675','Brion Pollett',324,3,908),(1040,'Varanus sp.','518','Talbert Kirkbright',168,57,473),(1041,'Phoenicopterus chilensis','859','Vernor Gallaccio',435,376,30),(1042,'Sus scrofa','837','Clywd Owen',198,362,852),(1043,'Cygnus buccinator','917','Burke Patterfield',206,166,529),(1044,'Limosa haemastica','506','Dirk Bims',499,78,848),(1045,'Agouti paca','413','Willard Allmond',361,491,435),(1046,'Callipepla gambelii','989','Jarrod Bridal',93,82,370),(1047,'Connochaetus taurinus','322','Morrie Walczak',283,278,566),(1048,'Rhea americana','928','Giffy Semeradova',46,94,603),(1049,'Dusicyon thous','848','Brnaby Brafferton',292,470,840),(1050,'Kobus defassa','697','Ibby Corzon',173,459,760),(1051,'Cynictis penicillata','980','Mord Strand',134,298,610),(1052,'Elephas maximus bengalensis','655','Desmund Dollard',337,288,425),(1053,'Scolopax minor','532','Delilah Kitteringham',241,120,140),(1054,'Propithecus verreauxi','288','Corene Dovey',181,306,204),(1055,'Ramphastos tucanus','520','Livia Deshorts',241,57,91),(1056,'Anas bahamensis','920','Pru Scotchforth',146,165,55),(1057,'Bubalus arnee','737','Enrique Friday',226,267,977),(1058,'Cynomys ludovicianus','211','Ephraim Hemerijk',59,451,459),(1059,'Crocuta crocuta','956','Leighton Zorn',150,76,977),(1060,'Melanerpes erythrocephalus','948','Mile Itscowics',2,417,272),(1061,'Capra ibex','408','Rikki Wibrew',29,118,401),(1062,'Merops sp.','209','Jase Adnett',315,441,485),(1063,'Bubo sp.','601','Kris Darke',57,5,431),(1064,'Ursus americanus','356','Lotti Ewbach',420,169,654),(1065,'Panthera pardus','878','Holli Humpherson',324,241,477),(1066,'Sylvicapra grimma','452','Martino Garrick',116,428,844),(1067,'Equus burchelli','876','Geraldine Casement',478,385,776),(1068,'Haematopus ater','464','Wendell Gaymar',421,206,855),(1069,'Phalacrocorax brasilianus','449','Brant Grunnell',308,225,423),(1070,'Acrobates pygmaeus','989','Katharine O\'Kynsillaghe',311,382,48),(1071,'Geochelone elephantopus','694','Dolley Jope',53,44,502),(1072,'Centrocercus urophasianus','621','Kynthia Self',126,73,586),(1073,'Larus fuliginosus','302','Merrili Pickrell',347,100,947),(1074,'Chelodina longicollis','498','Kelsy Weekland',62,138,42),(1075,'Haliaeetus leucocephalus','517','Claudian Ronchka',232,25,400),(1076,'Amblyrhynchus cristatus','794','Eli Chanter',86,157,907),(1077,'Eolophus roseicapillus','249','Colman Jammes',161,328,624),(1078,'Milvago chimachima','386','Shelba Kezourec',181,82,351),(1079,'Spermophilus parryii','902','Sarette Robichon',143,433,255),(1080,'unavailable','722','Emlynn Dugald',208,101,999),(1081,'Prionace glauca','907','Roscoe Mathwin',103,341,185),(1082,'Choloepus hoffmani','260','Berne Rouchy',470,354,825),(1083,'Spheniscus mendiculus','970','Karena Monery',483,1,862),(1084,'Certotrichas paena','528','Inna Lister',374,132,729),(1085,'Cracticus nigroagularis','210','Gerianna Goforth',174,393,441),(1086,'Laniaurius atrococcineus','278','Anabella Liversage',448,270,535),(1087,'Meles meles','538','Stanfield Whitecross',264,169,356),(1088,'Anthropoides paradisea','235','Celia Jansie',118,161,60),(1089,'Uraeginthus angolensis','263','Albrecht Harget',8,263,847),(1090,'Leptoptilus dubius','673','Zak Beaney',35,415,468),(1091,'Tragelaphus strepsiceros','899','Mitchael Colisbe',174,71,58),(1092,'Sciurus vulgaris','790','Thorsten Duffy',86,420,47),(1093,'Francolinus swainsonii','564','Oralee Kersey',491,496,181),(1094,'Phalacrocorax carbo','384','Milty Dunbavin',20,313,227),(1095,'Panthera onca','907','Tamara Udy',23,124,362),(1096,'Stercorarius longicausus','927','Sondra Beckley',209,313,915),(1097,'Psittacula krameri','746','Robbi Pirozzi',35,129,916),(1098,'Ictonyx striatus','948','Fredrika Mecchi',201,254,504),(1099,'Stercorarius longicausus','380','Donall Bennison',100,480,703),(1100,'Podargus strigoides','318','Alika Finnimore',397,303,880),(1101,'Equus burchelli','761','Hans Meacher',374,221,726),(1102,'Haliaetus leucogaster','365','Dulcine Leaton',60,389,911),(1103,'unavailable','892','Hulda Casterton',437,472,887),(1104,'Larus dominicanus','765','Brit Shellard',333,368,133),(1105,'Pteronura brasiliensis','488','Finley Trail',135,321,975),(1106,'Chionis alba','525','Fay Gearty',473,140,243),(1107,'Tursiops truncatus','503','Fawn Lilian',59,491,916),(1108,'Uraeginthus angolensis','826','Rubi Furniss',450,48,541),(1109,'Aonyx capensis','207','Travis Satterfitt',56,477,538),(1110,'Mustela nigripes','351','Maurene Casaccio',309,335,635),(1111,'Eolophus roseicapillus','455','Nanci Asel',181,294,167),(1112,'Microcebus murinus','999','Gaven Frise',343,329,515),(1113,'Uraeginthus angolensis','561','Casi Crosdill',226,188,200),(1114,'Loris tardigratus','227','Meyer Matfin',454,105,997),(1115,'Semnopithecus entellus','470','Kary Harbison',152,430,181),(1116,'Vanellus armatus','317','Emmie Kimblin',180,47,599),(1117,'Buteo galapagoensis','579','Lucien Leonards',411,444,597),(1118,'Stercorarius longicausus','331','Gerianne Camilli',360,430,622),(1119,'Vulpes chama','258','Caesar Oller',1,413,397),(1120,'Cercatetus concinnus','339','Xylina Carruthers',491,116,359),(1121,'Dasypus septemcincus','910','Sigismundo Hoffman',381,174,873),(1122,'Neophoca cinerea','258','Wolfie Quidenham',140,179,979),(1123,'Terathopius ecaudatus','865','Ganny Pinshon',65,184,43),(1124,'Galago crassicaudataus','806','Padriac Tirrell',179,321,349),(1125,'Lamprotornis nitens','946','Binnie Birtwistle',277,179,827),(1126,'Pitangus sulphuratus','455','Kristos Semor',331,291,751),(1127,'Speothos vanaticus','241','Lesley Isham',2,3,406),(1128,'Ctenophorus ornatus','778','Jeane Scoggans',400,249,854),(1129,'Alligator mississippiensis','300','Alisa Aves',180,283,602),(1130,'Ephippiorhynchus mycteria','544','Fanya Appleford',244,58,693),(1132,'Psophia viridis','205','Kelsey Campagne',461,121,492),(1133,'Raphicerus campestris','765','Kaela Colombier',12,191,439),(1134,'Carduelis uropygialis','420','Irena Heeley',297,124,752),(1135,'Lutra canadensis','972','Elwood MacFadzean',157,249,166),(1136,'Sarcophilus harrisii','925','Malinda Lorimer',12,183,197),(1137,'Geococcyx californianus','688','Kenna Ulyet',29,271,933),(1138,'Merops sp.','784','Frants Rabier',235,444,559),(1139,'Francolinus leucoscepus','617','Piotr Browncey',327,142,601),(1140,'Haematopus ater','233','Sly Feldheim',196,424,503),(1141,'Columba palumbus','329','Elmore Davidesco',91,253,248),(1142,'Amphibolurus barbatus','773','Haleigh Bloomer',340,250,564),(1143,'Isoodon obesulus','695','Linn Taynton',147,337,602),(1144,'Morelia spilotes variegata','414','Gunther Gobbet',417,44,289),(1145,'Threskionis aethiopicus','246','Jake Standingford',294,85,278),(1146,'Semnopithecus entellus','322','Alyss Margery',160,226,942),(1147,'Ctenophorus ornatus','853','Sally Lorkins',419,56,490),(1148,'Mirounga angustirostris','846','Coretta Terzo',174,461,863),(1149,'Genetta genetta','406','Miguel Feldmann',366,197,171),(1150,'Bradypus tridactylus','320','Fidelio Boness',29,490,197),(1151,'Oreamnos americanus','315','Bob Wolseley',247,464,359),(1152,'Loxodonta africana','673','Roseanna Nanuccioi',425,36,878),(1153,'Loris tardigratus','932','Loria Tother',427,307,776),(1154,'Tachybaptus ruficollis','822','Tammie Fillgate',478,415,306),(1155,'Macropus giganteus','590','Moore Seville',309,355,702),(1156,'Larus fuliginosus','983','Sissy Tsar',389,414,60),(1157,'Spheniscus mendiculus','269','Earle Darlasson',371,388,684),(1158,'Phalacrocorax carbo','201','Phyllys Shaul',341,137,861),(1159,'Neotis denhami','437','Burr Kerley',75,303,85),(1160,'Eremophila alpestris','396','Vin Dowse',16,49,137),(1161,'Phalaropus lobatus','983','Zaria Lermit',21,440,608),(1162,'Aonyx capensis','260','Adolpho Sterke',454,141,586),(1163,'Nyctea scandiaca','549','Adiana Orta',259,364,201),(1164,'Oryx gazella callotis','954','Jessa Fulcher',481,58,739),(1165,'Cacatua tenuirostris','691','Robin Konertz',443,154,848),(1166,'Colobus guerza','982','Edna Loines',82,299,583),(1167,'Dendrocitta vagabunda','567','Alys Licas',71,360,694),(1168,'Rhabdomys pumilio','343','Lay Mardling',104,167,510),(1169,'Paradoxurus hermaphroditus','808','Wynnie Housin',183,302,658),(1170,'Laniaurius atrococcineus','284','Ferrel MacGhee',195,201,810),(1171,'Rhea americana','503','Bartholomeus Lyes',259,260,945),(1172,'Sceloporus magister','203','Dareen Fishleigh',47,262,946),(1173,'Cordylus giganteus','242','Janaya Kiggel',53,369,956),(1174,'Felis concolor','606','Ruthanne Clowser',247,314,756),(1175,'Vicugna vicugna','841','Durant Gorse',380,98,128),(1176,'Streptopelia senegalensis','212','Chad Jandak',233,312,159),(1177,'Psittacula krameri','437','Helenka Maskrey',199,188,793),(1178,'Macaca nemestrina','436','Paul MacTrustrie',156,446,965),(1179,'Centrocercus urophasianus','810','Tracy Hull',11,424,731),(1180,'Milvus migrans','881','Connie Dartnell',255,146,461),(1181,'Cynictis penicillata','829','Carver Fleg',306,75,914),(1182,'Acridotheres tristis','310','Eli Skittles',480,262,409),(1183,'Paradoxurus hermaphroditus','713','Elden Duchesne',296,225,333),(1184,'Axis axis','999','Augustina Cressy',52,443,794),(1185,'Phoenicopterus chilensis','430','Devon Witcherley',330,424,778),(1186,'Phascogale calura','718','Buck Fonzo',265,315,402),(1187,'Tadorna tadorna','926','Sissie Poulton',50,89,370),(1188,'Antilope cervicapra','470','Brantley Drage',428,366,980),(1189,'Corvus brachyrhynchos','645','Theodosia Ferrier',364,447,510),(1190,'Varanus albigularis','960','Teodor Midford',155,54,671),(1191,'Carphophis sp.','292','Willow Boxer',10,18,876),(1192,'Dipodomys deserti','484','Jere Dericut',153,450,967),(1193,'Morelia spilotes variegata','719','Roda Dowrey',240,218,442),(1194,'Larus dominicanus','972','Sonja Gadson',262,40,907),(1195,'Loris tardigratus','332','Sergio Mandifield',217,479,547),(1196,'Zosterops pallidus','270','Arnaldo Shelvey',257,222,127),(1197,'Boselaphus tragocamelus','736','Miguel Meaker',83,176,827),(1198,'Ictonyx striatus','217','Heath Gledhill',363,417,507),(1199,'Acridotheres tristis','451','Gennie Keward',15,403,19),(1200,'Melophus lathami','560','Mellie Gashion',474,369,715),(1201,'Lepus townsendii','363','Dolores Broadstock',325,270,123),(1202,'Iguana iguana','948','Sampson Gheorghescu',499,171,461),(1203,'Carduelis pinus','512','Josephina Abramski',377,385,487),(1204,'Bos taurus','246','Issy Saltmarsh',440,296,625),(1205,'Dasypus septemcincus','396','Odey Gallico',160,154,77),(1206,'Theropithecus gelada','441','Ambrosi Jeskin',52,417,914),(1207,'Phascogale calura','466','Susannah Kubach',318,436,978),(1208,'unavailable','960','Corey Freschi',184,348,771),(1209,'Uraeginthus angolensis','309','Bartholomeus Wortman',439,341,991),(1210,'Mycteria ibis','900','Aleen Jobb',170,345,320),(1211,'Lepus arcticus','834','Karole Bisatt',192,38,595),(1212,'Melanerpes erythrocephalus','283','Josefa Guitel',12,364,566),(1213,'Crotalus triseriatus','615','Shina Fradson',261,339,175),(1214,'Tamandua tetradactyla','905','Carlos Jowle',415,197,777),(1215,'Bugeranus caruncalatus','779','Leisha Josefowicz',31,9,338),(1216,'Hymenolaimus malacorhynchus','836','Sterne Verbrugge',202,219,121),(1217,'Cyrtodactylus louisiadensis','967','Cecilla Foot',178,274,678),(1218,'Meleagris gallopavo','496','Gratia Fordyce',384,234,484),(1219,'Felis silvestris lybica','671','Basilius Spellessy',188,417,140),(1220,'Meles meles','788','Ferdinanda Puddle',116,378,831),(1221,'Manouria emys','278','Kathryn Werrilow',214,262,213),(1222,'Egretta thula','770','Osmund Elix',487,160,870),(1223,'Toxostoma curvirostre','919','Aurel Broderick',449,484,289),(1224,'Graspus graspus','247','Felice Tocqueville',479,327,978),(1225,'Meles meles','952','Jermaine Worlock',195,438,831),(1226,'Canis mesomelas','210','Alvis Roiz',148,360,421),(1227,'Myotis lucifugus','928','Iggie Leon',16,152,408),(1228,'Dendrocitta vagabunda','252','Wilt Kovalski',343,130,178),(1229,'Notechis semmiannulatus','853','Elijah Squeers',122,250,472),(1230,'Nyctea scandiaca','720','Guglielmo Jacquemy',236,211,822),(1231,'Tapirus terrestris','583','Yale McGahern',28,313,413),(1232,'Funambulus pennati','508','Rinaldo Cornford',392,342,108),(1233,'Aepyceros mylampus','227','Lorettalorna O\'Keefe',353,283,414),(1234,'Phalaropus fulicarius','356','Berna Briscoe',403,492,593),(1235,'Nectarinia chalybea','310','Nadya Gibling',216,223,704),(1236,'Ovis dalli stonei','331','Gav Koop',185,488,48),(1237,'Morelia spilotes variegata','510','Augustus Valentim',290,452,159),(1238,'Pterocles gutturalis','233','Gayle Kerfut',227,391,604),(1239,'Anastomus oscitans','785','Goldia Alessandone',207,382,487),(1240,'Chauna torquata','483','Thain Rameaux',406,334,418),(1241,'Lybius torquatus','914','Robb Stigers',384,427,486),(1242,'Pelecans onocratalus','352','Cyril Ganny',292,38,422),(1243,'Odocoilenaus virginianus','730','Irwin Loughhead',435,227,607),(1244,'Pseudocheirus peregrinus','560','Harper Lantuffe',99,137,816),(1245,'Chauna torquata','558','Hedwig Costley',360,199,281),(1246,'Capreolus capreolus','545','Haskel Helks',127,174,106),(1247,'Lorythaixoides concolor','443','Jennica McCafferky',76,223,317),(1248,'Trichosurus vulpecula','392','Lane Mewburn',456,270,170),(1249,'Dendrohyrax brucel','729','Laurence Odo',207,179,961),(1250,'Certotrichas paena','524','Odessa Strasse',57,414,685),(1251,'Cacatua tenuirostris','989','Stacy McCreery',352,486,93),(1252,'Anser caerulescens','932','Tanitansy Corringham',89,450,163),(1253,'Terrapene carolina','406','Tanitansy Dummigan',303,373,959),(1254,'Sterna paradisaea','310','Ludwig Larne',403,122,415),(1255,'Phalacrocorax brasilianus','683','Sanderson Berthomier',481,114,541),(1256,'Eremophila alpestris','200','Elsinore Clinning',459,399,627),(1257,'Haematopus ater','570','Carine Gibbon',99,194,413),(1258,'Hippotragus equinus','498','Anthea Giacomi',399,276,271),(1259,'Phalaropus fulicarius','857','Yankee Tash',306,283,968),(1260,'Limnocorax flavirostra','508','Leland Milner',55,114,243),(1261,'Spermophilus armatus','384','Kristian Cheesley',89,333,953),(1262,'Agama sp.','783','Neddie Gottelier',4,405,167),(1263,'Oryx gazella callotis','364','Gabbie Ledson',343,423,342),(1264,'Eremophila alpestris','584','Dale Triswell',379,111,162),(1265,'Aonyx cinerea','950','Codi Larwood',474,113,377),(1266,'Nasua narica','586','Mattheus Andrzejak',17,5,634),(1267,'Ciconia ciconia','742','Gerti Sandeland',191,200,196),(1268,'Tenrec ecaudatus','749','Ferdinand Parmenter',262,42,907),(1269,'Bassariscus astutus','439','Gonzales Jude',346,481,283),(1270,'Phascogale calura','706','Mahmud Whilde',76,255,80),(1271,'Melophus lathami','871','Kelsey Pottberry',96,221,679),(1272,'Bos mutus','904','Staford Saffrin',360,237,780),(1273,'Pteronura brasiliensis','397','Antoinette Cromblehome',332,294,175),(1274,'Lutra canadensis','647','Hilliard Hirtz',134,345,478),(1275,'Acrobates pygmaeus','924','Decca Brodway',237,324,183),(1276,'Trichoglossus chlorolepidotus','707','Concettina McCaffrey',490,207,442),(1277,'Felis chaus','855','Nonah Schofield',207,106,701),(1278,'Odocoilenaus virginianus','253','Tish Dumberell',171,30,843),(1279,'Gopherus agassizii','811','Wynn Reignard',485,406,271),(1280,'Erinaceus frontalis','350','Willem Santora',340,60,939),(1281,'Leptoptilus dubius','387','Jefferey Mascall',336,166,837),(1282,'Colaptes campestroides','293','Cazzie Bergstrand',425,455,475),(1283,'Lepus townsendii','657','Shep Bambridge',39,194,636),(1284,'Felis silvestris lybica','721','Burke McGlew',465,383,856),(1285,'Aonyx capensis','711','Shoshana Stalley',327,476,353),(1286,'Gyps bengalensis','845','Fancie McGroarty',423,178,166),(1287,'unavailable','367','Sada Desseine',359,133,971),(1288,'Theropithecus gelada','669','Jessy Rentilll',40,132,823),(1289,'Centrocercus urophasianus','978','Harmonie Cleeves',420,408,387),(1290,'Himantopus himantopus','268','Letizia Rings',468,275,678),(1291,'Pavo cristatus','325','Brenn Rattrie',271,154,778),(1292,'Lamprotornis sp.','784','Rois Reaper',349,120,603),(1293,'Nyctereutes procyonoides','641','Ossie Bartkowiak',425,2,693),(1294,'Naja sp.','677','Sonni Waliszewski',277,457,469),(1295,'Phacochoerus aethiopus','800','Beret Robe',105,25,479),(1296,'Kobus defassa','206','Cindee Foister',276,468,904),(1297,'Vulpes vulpes','280','Keri Whitlaw',456,153,679),(1298,'Cervus duvauceli','562','Suzette Hedlestone',73,164,393),(1299,'Zonotrichia capensis','205','Corny Balaizot',234,15,829),(1300,'Varanus sp.','974','Nikaniki Swetmore',395,197,664),(1301,'Cervus duvauceli','514','Fanni Godin',373,20,925),(1302,'Plegadis falcinellus','221','Cesar Aers',463,186,752),(1303,'Canis lupus lycaon','493','Jorgan Glassup',27,489,494),(1304,'Bubalornis niger','901','Carlin Rodnight',95,470,509),(1305,'Coluber constrictor','884','Fields Tibbotts',234,251,696),(1306,'Actophilornis africanus','573','Tom Levesque',388,260,652),(1307,'Chionis alba','738','Selina Ciotto',247,338,461),(1308,'Myrmecophaga tridactyla','900','Levon Lethieulier',2,206,99),(1309,'Trichosurus vulpecula','375','Kelila Danielsen',103,406,125),(1310,'Carduelis pinus','683','Fonsie Graffin',364,419,817),(1311,'Pelecans onocratalus','575','Edie Jaffra',147,453,817),(1312,'Rhea americana','372','Nicki Swinley',78,491,147),(1313,'Lepilemur rufescens','724','Helenelizabeth Otterwell',233,187,744),(1314,'Ursus maritimus','726','Demetrius Bentham',409,359,183),(1315,'Larus novaehollandiae','710','Alfy Ternott',82,295,893),(1316,'Felis concolor','881','Antonietta Hasted',214,329,856),(1317,'Himantopus himantopus','393','Stacy Assandri',308,132,562),(1318,'unavailable','953','Adore Bartelli',475,157,846),(1319,'Cathartes aura','871','Jessamine Klimmek',101,332,690),(1320,'Junonia genoveua','836','Dani De Pero',111,482,545),(1321,'Rhea americana','866','Cale Maggiori',482,331,994),(1322,'Ictalurus furcatus','481','Gage Dearth',245,44,83),(1323,'Cebus nigrivittatus','850','Anabel Fedynski',305,200,142),(1324,'Milvus migrans','651','Findley Chappel',189,369,134),(1325,'Tauraco porphyrelophus','581','Brennen Stower',125,259,35),(1326,'Corallus hortulanus cooki','220','Francesco Woodworth',320,128,571),(1327,'Tiliqua scincoides','732','Nelly Crepel',36,98,788),(1328,'Columba livia','238','Tabby Pankethman',123,335,910),(1329,'Alectura lathami','692','Cash De Beauchemp',131,126,889),(1330,'Varanus sp.','626','Haley Rawson',14,493,592),(1331,'Actophilornis africanus','356','Zarla Deare',446,172,712),(1332,'Salvadora hexalepis','372','Westbrook Paulitschke',424,78,335),(1333,'Panthera leo','240','Dulci Waddilove',465,24,277),(1334,'Gazella thompsonii','545','Brit Shillinglaw',8,409,80),(1335,'Macropus agilis','702','Catlaina Annice',306,7,97),(1336,'Streptopelia decipiens','500','Corrinne Harmstone',425,350,282),(1337,'Cygnus buccinator','542','Idell Gear',498,133,602),(1338,'Acridotheres tristis','504','Marlane Polk',145,263,530),(1339,'Cervus canadensis','516','Henry Fowley',272,299,229),(1340,'Corythornis cristata','542','Amie Wileman',464,95,981),(1341,'Ardea golieth','456','Hadria Spuner',293,26,700),(1342,'Theropithecus gelada','386','Ramsey Kibblewhite',235,436,788),(1343,'Acrobates pygmaeus','504','Ealasaid Luckwell',296,249,719),(1344,'unavailable','981','Denyse Lilley',399,229,317),(1345,'Lama pacos','459','Bertrando Eisold',340,310,275),(1346,'Chlidonias leucopterus','944','Cassandre Bassindale',398,189,502),(1347,'Ardea cinerea','761','Gard Croose',298,218,493),(1348,'Spermophilus lateralis','555','Adelice MacSharry',284,185,893),(1349,'Macropus fuliginosus','366','Carol Hackin',20,48,496),(1350,'Paroaria gularis','467','Antonie Maskell',234,198,117),(1351,'Dasyurus maculatus','737','Esra Klein',252,464,667),(1352,'Tockus flavirostris','595','Cord Masdon',156,181,553),(1353,'Dasypus novemcinctus','441','Jasmine Pyrah',48,220,505),(1354,'Buteo regalis','485','Tami Doddrell',432,444,373),(1355,'Orcinus orca','987','Janith Goves',230,113,345),(1356,'Oryx gazella callotis','307','Zane Raubheim',243,70,855),(1357,'Motacilla aguimp','970','Mahmoud Vennard',107,65,808),(1358,'Agkistrodon piscivorus','485','Lidia Silvester',268,490,806),(1359,'Phaethon aethereus','293','Jocelyn Tarzey',113,117,446),(1360,'Pseudoleistes virescens','713','Arie Rosevear',406,252,733),(1361,'Chelodina longicollis','818','Averill Jachimiak',485,176,13),(1362,'Lasiorhinus latifrons','378','Gianna Anthonies',59,351,755),(1363,'Ovis musimon','753','Eziechiele Fiddyment',229,394,659),(1364,'Canis lupus','892','Hilliary Shepstone',219,341,96),(1365,'Anitibyx armatus','809','Darcey Pes',139,119,123),(1366,'Petaurus norfolcensis','496','Rutherford Morrilly',79,252,567),(1367,'Leipoa ocellata','508','Merlina Cattemull',377,328,833),(1368,'Libellula quadrimaculata','532','Neddie MacRedmond',271,485,627),(1369,'Lama guanicoe','580','Filia Utteridge',469,399,463),(1370,'Sarkidornis melanotos','332','Claudetta Arnau',303,445,900),(1371,'Eudyptula minor','699','Farand Prendiville',46,140,835),(1372,'Butorides striatus','782','Gran Philps',363,52,633),(1373,'Neophoca cinerea','548','Yolande Salazar',206,487,389),(1374,'Capreolus capreolus','529','Siward Orable',266,394,581),(1375,'Cercatetus concinnus','880','Lishe Dennison',489,79,166),(1376,'Phoca vitulina','957','Gayel Genthner',347,58,463),(1377,'Carduelis uropygialis','541','Marsiella Simecek',54,339,987),(1378,'Paradoxurus hermaphroditus','835','Lucian Banghe',241,486,110),(1379,'Felis silvestris lybica','789','Bili Wallbrook',127,125,992),(1380,'Gazella granti','679','Cyndy Taggert',271,55,160),(1381,'Leptoptilus dubius','355','Bamby Semerad',379,238,765),(1382,'Oryx gazella','730','Sabrina Ralton',475,11,78),(1383,'Dasypus septemcincus','409','Angil Stain',111,239,10),(1384,'Ovis ammon','609','Cornell Hencke',17,116,987),(1385,'Phoca vitulina','490','Loralyn Jentin',186,251,57),(1386,'Alopex lagopus','915','Jamesy Sorbie',250,307,148),(1387,'Cordylus giganteus','486','Brooks Pattington',310,10,389),(1388,'Heloderma horridum','201','Ellyn Polly',161,268,138),(1389,'Vulpes chama','284','Peggy Kippins',366,3,596),(1390,'Aegypius occipitalis','736','Arley Caw',361,29,961),(1391,'Tockus flavirostris','857','Milka Seccombe',427,359,925),(1392,'Dasyurus viverrinus','873','Christalle Reuven',448,472,566),(1393,'Isoodon obesulus','416','Stevy Pedro',206,77,836),(1394,'Xerus sp.','403','Grange Barck',167,368,390),(1395,'Ardea golieth','956','Giffy Dadley',170,29,245),(1396,'Centrocercus urophasianus','840','Christin Durno',373,177,803),(1397,'Cynomys ludovicianus','249','Dione Cardenoza',325,202,266),(1398,'Eubalaena australis','444','Isac Cholton',285,307,168),(1399,'Meleagris gallopavo','979','Lindy Pascow',481,262,761),(1400,'Ara ararauna','278','Reta Stitfall',410,174,483),(1401,'Morelia spilotes variegata','559','Waiter Mackney',201,202,459),(1402,'Ara ararauna','345','Dorella Robinson',352,206,471),(1403,'Felis silvestris lybica','803','Aurilia Dunleavy',101,358,439),(1404,'Macaca radiata','262','Sammy Endricci',397,16,371),(1405,'Carduelis pinus','603','Elizabeth Lanchbury',266,250,42),(1406,'Smithopsis crassicaudata','887','Guntar Simonou',59,471,216),(1407,'Cacatua tenuirostris','229','Zolly Doyley',179,252,631),(1408,'Anser anser','766','Mariette Jedrych',290,336,290),(1409,'Pseudocheirus peregrinus','505','Andrei Backshell',200,30,800),(1410,'Ratufa indica','971','Concettina Ashard',105,215,252),(1411,'Bugeranus caruncalatus','465','Addie Fretwell',192,498,674),(1412,'Tursiops truncatus','805','Reinhold Raigatt',14,494,538),(1413,'Trachyphonus vaillantii','323','Milty Diwell',434,295,910),(1414,'Mazama americana','644','Gerry Scullard',310,385,889),(1415,'Eubalaena australis','601','Berkeley Dulanty',224,238,517),(1416,'Streptopelia senegalensis','217','Rachele Snazel',453,192,949),(1417,'Cervus canadensis','460','Harper Ervine',437,55,186),(1418,'Centrocercus urophasianus','272','Konstance Hame',93,184,275),(1419,'Merops sp.','340','Josephine Fidler',166,446,582),(1420,'Spermophilus armatus','606','Gus Grzegorzewski',348,388,524),(1421,'Macropus agilis','898','Raf Geering',268,179,396),(1422,'Microcebus murinus','705','Randie Cathenod',339,463,186),(1423,'Fregata magnificans','367','Kendre Terzi',130,404,77),(1424,'Alligator mississippiensis','936','Babette Cudworth',417,338,184),(1425,'Tamiasciurus hudsonicus','677','Ann-marie Bartomieu',342,141,332),(1426,'Leptoptilus dubius','586','Elijah Hatto',351,14,792),(1427,'Madoqua kirkii','340','Kay Cochrane',223,237,941),(1428,'Acrantophis madagascariensis','928','Allene Paule',108,19,1),(1429,'Ardea golieth','754','Ruddie Colgrave',480,350,504),(1430,'Uraeginthus bengalus','891','Elicia Hadden',42,338,192),(1431,'Plegadis falcinellus','594','Stacia Hales',464,99,120),(1432,'Loris tardigratus','711','Marinna Boxer',191,431,464),(1433,'Redunca redunca','335','Charlotte Lurriman',208,17,932),(1434,'Phalaropus fulicarius','586','Della Haresnaip',431,9,297),(1435,'Eurocephalus anguitimens','510','Emalia Geydon',395,364,850),(1436,'Echimys chrysurus','333','Timofei Beloe',302,408,14),(1437,'Phoca vitulina','710','Cecelia Mursell',187,229,638),(1438,'Corvus brachyrhynchos','534','Kari Rissom',329,183,820),(1439,'Dendrohyrax brucel','220','Deloria Coping',164,277,401),(1440,'Coendou prehensilis','669','Karlotta Storek',458,420,744),(1441,'Tayassu tajacu','800','Del Dalling',141,16,578),(1442,'Ctenophorus ornatus','660','Flore Oakenfall',249,150,767),(1443,'Tringa glareola','657','Myron Chmarny',239,292,334),(1444,'Ursus americanus','527','Julissa Skelcher',142,55,328),(1445,'Carduelis uropygialis','902','Britteny Van den Hof',455,61,580),(1446,'Tamiasciurus hudsonicus','763','Alfreda Bliven',25,362,256),(1447,'Acridotheres tristis','310','Filberto Searby',453,336,793),(1448,'Bassariscus astutus','766','Ellynn Ravenscroftt',11,246,757),(1449,'Pycnonotus barbatus','669','Alfredo Amaya',287,373,658),(1450,'Plectopterus gambensis','903','Billi Taudevin',32,95,634),(1451,'Loxodonta africana','764','Vivienne Moan',279,114,273),(1452,'Suricata suricatta','297','Chester O\'Hagirtie',216,242,74),(1453,'Callorhinus ursinus','665','Baxie Birrane',175,125,317),(1454,'Connochaetus taurinus','826','Ravi Tinson',57,124,641),(1455,'Aquila chrysaetos','563','Ewart Cheal',350,37,310),(1456,'Alcelaphus buselaphus cokii','695','Patrizia Cancellieri',194,261,519),(1457,'Semnopithecus entellus','404','Prudi Howle',64,119,182),(1458,'Aquila chrysaetos','913','Zeke Callicott',131,293,874),(1459,'Cynictis penicillata','819','Tedmund Lucchi',151,500,537),(1460,'Butorides striatus','258','Jorrie Parmiter',164,297,410),(1461,'unavailable','569','Hymie Denziloe',174,89,679),(1462,'Hyaena brunnea','295','Lars Fouldes',196,371,779),(1463,'Ammospermophilus nelsoni','433','Cesare Rarity',36,183,681),(1464,'Castor fiber','263','Hedda Spurritt',451,392,622),(1465,'Macaca nemestrina','438','Inglebert MacCurley',57,368,237),(1466,'Cercatetus concinnus','297','Jerrilee Titlow',269,228,856),(1467,'Plegadis ridgwayi','203','Thomasina Scarsbrooke',152,248,86),(1468,'Speotyte cuniculata','534','Roch Hackin',199,338,414),(1469,'Lepus arcticus','600','Ernestus Champness',206,234,249),(1470,'Coendou prehensilis','747','Deloris Skellen',174,23,803),(1471,'Myotis lucifugus','410','Stanfield Giannini',270,336,875),(1472,'Platalea leucordia','749','Jakie Lago',99,444,247),(1473,'Trichoglossus chlorolepidotus','536','Paulie Kopp',163,257,786),(1474,'unavailable','750','Claudetta Scading',39,160,843),(1475,'Felis wiedi or Leopardus weidi','750','Kippy McAnulty',457,379,665),(1476,'Choloepus hoffmani','293','Matthew Douthwaite',18,218,909),(1477,'Ara ararauna','285','Trix Oliveto',344,43,322),(1478,'Tenrec ecaudatus','841','Bunni Nulty',49,63,958),(1479,'Francolinus swainsonii','850','Kelci Ortes',227,45,121),(1480,'Sterna paradisaea','487','Tripp Gallon',408,11,318),(1481,'Bos taurus','649','Robbi Bassingden',28,464,448),(1482,'Naja haje','837','Townsend De Clairmont',327,224,146),(1483,'Axis axis','881','Lindsy Robus',398,66,320),(1484,'Macaca nemestrina','595','Delmer Smaile',18,62,94),(1485,'Antechinus flavipes','440','Cleo Carolan',375,115,263),(1486,'Tadorna tadorna','215','Clarisse Cannon',401,115,334),(1487,'Geochelone elegans','224','Ev Willavize',90,494,134),(1488,'Capreolus capreolus','670','Alayne Wycherley',19,84,988),(1489,'Nectarinia chalybea','211','Huntley Teacy',214,16,350),(1490,'Morelia spilotes variegata','940','Sebastiano Josselson',141,318,176),(1491,'Junonia genoveua','829','Claudian Witson',261,33,211),(1492,'Coendou prehensilis','600','Bryon Scholey',357,13,180),(1493,'unavailable','677','Aindrea Bagshawe',460,455,235),(1494,'Pitangus sulphuratus','436','Osmund Jacke',387,44,746),(1495,'Pelecanus conspicillatus','579','Sascha Barrasse',51,74,64),(1496,'Cordylus giganteus','626','Tabbitha Itzkov',239,307,718),(1497,'Dasyurus maculatus','643','Sherwin Priter',183,148,1),(1498,'Rhea americana','200','Willamina Doulden',259,83,301),(1499,'Crax sp.','426','Kimberli Doswell',383,65,713),(1500,'Threskionis aethiopicus','884','Catherina Polleye',70,263,371);
/*!40000 ALTER TABLE `books_details` ENABLE KEYS */;
UNLOCK TABLES;

--
-- Table structure for table `courses_details`
--

DROP TABLE IF EXISTS `courses_details`;
/*!40101 SET @saved_cs_client     = @@character_set_client */;
/*!50503 SET character_set_client = utf8mb4 */;
CREATE TABLE `courses_details` (
  `course_id` int NOT NULL,
  `course_name` varchar(45) DEFAULT NULL,
  `course_length` int DEFAULT NULL,
  `course_type` varchar(45) DEFAULT NULL,
  `department_id` int DEFAULT NULL,
  PRIMARY KEY (`course_id`),
  KEY `department_id_course_idx` (`department_id`),
  CONSTRAINT `department_id_course` FOREIGN KEY (`department_id`) REFERENCES `department_details` (`department_id`)
) ENGINE=InnoDB DEFAULT CHARSET=utf8mb4 COLLATE=utf8mb4_0900_ai_ci;
/*!40101 SET character_set_client = @saved_cs_client */;

--
-- Dumping data for table `courses_details`
--

LOCK TABLES `courses_details` WRITE;
/*!40000 ALTER TABLE `courses_details` DISABLE KEYS */;
INSERT INTO `courses_details` VALUES (1,'course-FIYbXlNauktd',81,'Online',1),(2,'course-rvOFDqGlubxI',40,'Offilne',2),(3,'course-EaLnbWwRnxSk',21,'Online',3),(4,'course-XkBkszXMLAJU',76,'Offilne',4),(5,'course-LBvmDQTVcRfs',67,'Online',5),(6,'course-dFumupuQvgMs',20,'Offilne',6),(7,'course-PEUiOXaywQgq',82,'Online',7),(8,'course-yYCuIwFwWjiC',24,'Offilne',8),(9,'course-VuBbAVtQhwJw',76,'Online',9),(10,'course-VsLTdklTeTXF',31,'Offilne',10),(11,'course-tHtzCDfmdrgc',55,'Online',11),(12,'course-FxQXsOiVxNQm',72,'Offilne',12),(13,'course-DALQcrtWIpRN',38,'Online',13),(14,'course-IyGJhLVtCgXQ',86,'Offilne',14),(15,'course-LrJfvgMWORhF',90,'Online',15),(16,'course-eaGZyRYBmwVQ',48,'Offilne',16),(17,'course-xojDEXYDjbcI',42,'Online',17),(18,'course-efaowcMsrJAn',31,'Offilne',18),(19,'course-xeZTUJxpUiOp',70,'Online',19),(20,'course-nexucXrRafjP',64,'Offilne',20),(21,'course-DwBiaLVAaISz',76,'Online',21),(22,'course-nVDLRlLGUaDV',71,'Offilne',22),(23,'course-NJooWNMgoMbI',81,'Online',23),(24,'course-rIWxKuTJoOCZ',52,'Offilne',24),(25,'course-JMWjvolheoTW',24,'Online',25),(26,'course-sERYTvEnRpbq',20,'Offilne',26),(27,'course-UqXxiymYlCzn',38,'Online',27),(28,'course-pLKgasykFNIk',71,'Offilne',28),(29,'course-QrVaYdpZuAQE',71,'Online',29),(30,'course-QYSoWTbVRolM',65,'Offilne',30),(31,'course-zABmntjRBpMe',88,'Online',31),(32,'course-QZUMGdDhVVnb',49,'Offilne',32),(33,'course-hwzOWeTIUelu',78,'Online',33),(34,'course-pZZPsumMwqdt',29,'Offilne',34),(35,'course-tAKfOIsaxyYO',72,'Online',35),(36,'course-ezWdtrTlIqJH',44,'Offilne',36),(37,'course-cpUjxUsoOXKS',43,'Online',37),(38,'course-RJEjCTAamEvT',48,'Offilne',38),(39,'course-hhBToomSwGIP',48,'Online',39),(40,'course-iKxRRhWJCokF',41,'Offilne',40),(41,'course-SYypSXaWhGAG',80,'Online',41),(42,'course-sCGkGbiKDhOr',62,'Offilne',42),(43,'course-JKCmFOHYvAQp',86,'Online',43),(44,'course-aybpFFKEPGme',32,'Offilne',44),(45,'course-lpvvVSAVnjCE',67,'Online',45),(46,'course-ELYPJohEbaUK',41,'Offilne',46),(47,'course-DHXwewSoFVPO',34,'Online',47),(48,'course-rjXMfWmlQPJB',20,'Offilne',48),(49,'course-eJDBWNbDlCtg',87,'Online',49),(50,'course-HXYlYCxWPper',39,'Offilne',50),(51,'course-RDsUMFEBSfeK',30,'Online',51),(52,'course-oslrnQTkLAcS',74,'Offilne',52),(53,'course-NpPChSTwCsfc',24,'Online',53),(54,'course-ozCIngeVnTDr',89,'Offilne',54),(55,'course-TJxkqPYXlWbq',86,'Online',55),(56,'course-ZxpLCzWTkQTJ',30,'Offilne',56),(57,'course-YgeGDviPdXRc',33,'Online',57),(58,'course-ejsAQDoJtCNf',55,'Offilne',58),(59,'course-idLXdNlaOnYm',73,'Online',59),(60,'course-PWrfsXbKLRjA',89,'Offilne',60),(61,'course-qdeBspwmcSaQ',50,'Online',61),(62,'course-qnixZoHbhOnc',87,'Offilne',62),(63,'course-JVdaukZZmqkC',69,'Online',63),(64,'course-TiNJVWujNoBc',86,'Offilne',64),(65,'course-azYBUEELdtfr',38,'Online',65),(66,'course-hINRVEADjmWm',28,'Offilne',66),(67,'course-vLsslkpVEQmU',44,'Online',67),(68,'course-bCewazQCwbaE',76,'Offilne',68),(69,'course-PixduSdGvfQc',68,'Online',69),(70,'course-WPONZcIDgcsM',74,'Offilne',70),(71,'course-IWQnQRuSLfft',82,'Online',71),(72,'course-qtKRFHGwnIar',47,'Offilne',72),(73,'course-gNkpxxAWHHkv',47,'Online',73),(74,'course-uPTZzwepAczd',34,'Offilne',74),(75,'course-IChATHfcwnnx',52,'Online',75),(76,'course-yISxpxhhjCbH',54,'Offilne',76),(77,'course-ySqVRTBTRcfU',86,'Online',77),(78,'course-edKTGVxMCIwk',45,'Offilne',78),(79,'course-BpRJdARNVuXL',41,'Online',79),(80,'course-wGiOiBhhIVOP',23,'Offilne',80),(81,'course-rqTmSxOQLjMf',48,'Online',81),(82,'course-qKqPwgibOtXr',83,'Offilne',82),(83,'course-tkdaDWoSapov',26,'Online',83),(84,'course-RSZRouzZUbEr',79,'Offilne',84),(85,'course-GAClmYphYuga',44,'Online',85),(86,'course-sAHMIHhtCpPi',49,'Offilne',86),(87,'course-hdoLXFTUkWjI',71,'Online',87),(88,'course-NJzlXVdApKdV',44,'Offilne',88),(89,'course-SLgiouTEHjpy',87,'Online',89),(90,'course-tQFvCdXyrpXz',68,'Offilne',90),(91,'course-iycwWdkNSXLF',70,'Online',91),(92,'course-tarHjgnAVvLL',53,'Offilne',92),(93,'course-kEsGfOQZcxhi',72,'Online',93),(94,'course-gmgAyDoonIiu',81,'Offilne',94),(95,'course-xHSLwXDIyYQI',88,'Online',95),(96,'course-nFjFdGbhSkCk',53,'Offilne',96),(97,'course-EIwabJgSDzan',54,'Online',97),(98,'course-FSQkCLDAvNyw',40,'Offilne',98),(99,'course-GzSMbhxeBxgz',20,'Online',99),(100,'course-dYAOxcFfOVwx',90,'Offilne',100),(101,'course-LvWDtiwJQivK',29,'Online',101),(102,'course-RAQnAbNgCtdX',70,'Offilne',102),(103,'course-DoIGmDsoCZBj',64,'Online',103),(104,'course-EGqVbZCqwJBz',45,'Offilne',104),(105,'course-ZHnVpYBUgSad',39,'Online',105),(106,'course-vjEOZhIvfiIy',84,'Offilne',106),(107,'course-nAbdEaHDvCsp',90,'Online',107),(108,'course-BvVTpNKUaMOH',88,'Offilne',108),(109,'course-iGPtyUeHSHsq',29,'Online',109),(110,'course-eYnjUbmTOCUW',30,'Offilne',110),(111,'course-BOQzvImSUwYa',82,'Online',111),(112,'course-awrrWDoYvYxV',90,'Offilne',112),(113,'course-tERyYkMntYig',59,'Online',113),(114,'course-KRbhqnXbLxSc',73,'Offilne',114),(115,'course-rWevrzWfVuZC',82,'Online',115),(116,'course-UXmPGrofztJl',42,'Offilne',116),(117,'course-NEZLXozkygXc',74,'Online',117),(118,'course-vIYkNAwkPSEz',72,'Offilne',118),(119,'course-RsolNekSmDDG',79,'Online',119),(120,'course-vMWXdwIQGOnX',62,'Offilne',120),(121,'course-fcxsyjpohosE',55,'Online',121),(122,'course-noHoQEqYNoaz',84,'Offilne',122),(123,'course-VreOvVgiNmOB',57,'Online',123),(124,'course-dxeGKRvjwUsf',88,'Offilne',124),(125,'course-VpxhbllBZrCU',63,'Online',125),(126,'course-rkLxzPdOLGUR',77,'Offilne',126),(127,'course-mZepFVSoqdsN',54,'Online',127),(128,'course-TqbbCqBckodq',59,'Offilne',128),(129,'course-avOHmwGLLZpb',34,'Online',129),(130,'course-XInnniZkWSiO',82,'Offilne',130),(131,'course-JmkBbigUpZxi',32,'Online',131),(132,'course-mBLZHSYbecLh',29,'Offilne',132),(133,'course-npxxqFOSfhmF',57,'Online',133),(134,'course-stjbWWclGFiM',56,'Offilne',134),(135,'course-CyyqBbtQhEsW',52,'Online',135),(136,'course-kKVjTtProzwG',80,'Offilne',136),(137,'course-AqfXXXHfDUww',82,'Online',137),(138,'course-uAfmfgObvGOE',81,'Offilne',138),(139,'course-DKbnINmHJhfX',27,'Online',139),(140,'course-BELrufIwjMjo',47,'Offilne',140),(141,'course-LqxFVxFxvfyl',30,'Online',141),(142,'course-KipDuhbzOIDF',28,'Offilne',142),(143,'course-YtXpMcbHnhKA',39,'Online',143),(144,'course-nbOjDJkIerPd',42,'Offilne',144),(145,'course-zwJLVZYIsjrG',69,'Online',145),(146,'course-jNYPIdLMuRFl',64,'Offilne',146),(147,'course-gDVvAAmCVGtZ',21,'Online',147),(148,'course-GKFDAmkqYwnl',49,'Offilne',148),(149,'course-NQscvoyVMCfb',87,'Online',149),(150,'course-EIwRyReBUhnP',89,'Offilne',150),(151,'course-dlJdItaEFOPM',24,'Online',151),(152,'course-NiAHWcKjWZqe',42,'Offilne',152),(153,'course-gshuUoETnDSX',71,'Online',153),(154,'course-kpQkWTQjCaQo',74,'Offilne',154),(155,'course-LnujLXTSFDwL',37,'Online',155),(156,'course-QdgRJciHCZgu',67,'Offilne',156),(157,'course-zeeDgYKSAjVY',79,'Online',157),(158,'course-dAHnYgHOOfJE',51,'Offilne',158),(159,'course-AOuYhdMXcMEp',73,'Online',159),(160,'course-kzrDFWPgAXXl',33,'Offilne',160),(161,'course-YZBTwSGYHbfT',74,'Online',161),(162,'course-TOmfVGrmkqZM',67,'Offilne',162),(163,'course-OARueCGyETNa',88,'Online',163),(164,'course-fLSKPwlZkcvo',34,'Offilne',164),(165,'course-jsTzOtDidRQa',22,'Online',165),(166,'course-OmcgSHTlYocV',67,'Offilne',166),(167,'course-gNDjQNDzatef',30,'Online',167),(168,'course-YsEbnBUFhfnR',28,'Offilne',168),(169,'course-JSgDcEmhsJCb',24,'Online',169),(170,'course-ZVcTUgUnXvVx',52,'Offilne',170),(171,'course-drEIOWVlqbNe',35,'Online',171),(172,'course-eqzqKCtCRQOy',89,'Offilne',172),(173,'course-tmVXaMVukois',44,'Online',173),(174,'course-eziSoGRVvlQN',59,'Offilne',174),(175,'course-jYmimhjjXKRv',71,'Online',175),(176,'course-CNEdrseiOQKD',65,'Offilne',176),(177,'course-CfoqqfqcxQUI',64,'Online',177),(178,'course-OeZfMvtwoQXc',86,'Offilne',178),(179,'course-hVbewUQLGMGS',75,'Online',179),(180,'course-OJfbAgxWHexJ',56,'Offilne',180),(181,'course-tCDDCTgzrqZU',81,'Online',181),(182,'course-UrYxjbWdiFEB',89,'Offilne',182),(183,'course-oJbJEMUAPGJW',71,'Online',183),(184,'course-NoDDIonfQbeF',24,'Offilne',184),(185,'course-vJislfEZIvbH',40,'Online',185),(186,'course-rGyeimWrFrCh',82,'Offilne',186),(187,'course-GDgIhCguLNGV',33,'Online',187),(188,'course-mtzsGkRQEpJj',50,'Offilne',188),(189,'course-tQoqTLmIsqrp',52,'Online',189),(190,'course-rQaSncOboNnN',73,'Offilne',190),(191,'course-osuTDtbiIBrY',73,'Online',191),(192,'course-omwUPFZdVLNm',90,'Offilne',192),(193,'course-aoEcerQecySZ',66,'Online',193),(194,'course-MbGGydvwUqXH',24,'Offilne',194),(195,'course-DqaXJwjPysaD',49,'Online',195),(196,'course-ASbClFiJSjgE',84,'Offilne',196),(197,'course-AfSEoQOauHGW',52,'Online',197),(198,'course-kPwtHluzmaBb',55,'Offilne',198),(199,'course-lPGeErKBxIsl',25,'Online',199),(200,'course-fHJiIdPEcSMh',21,'Offilne',200),(201,'course-JLXhChWlfVOa',88,'Online',201),(202,'course-NCIfSgGLuIVB',81,'Offilne',202),(203,'course-LrzaNJvSWXog',52,'Online',203),(204,'course-RbtUpnUoSOcW',41,'Offilne',204),(205,'course-TqsexMDjvcop',85,'Online',205),(206,'course-vjScSTpawHij',40,'Offilne',206),(207,'course-JLPuckayUDvA',76,'Online',207),(208,'course-dpisqQtmItfp',58,'Offilne',208),(209,'course-OvosIBecREYz',20,'Online',209),(210,'course-TTaJJiXjKjsZ',54,'Offilne',210),(211,'course-wJcjNxGhWNMR',34,'Online',211),(212,'course-gTZXGgzxFOeE',48,'Offilne',212),(213,'course-FffdgagnGGSi',63,'Online',213),(214,'course-FOCHKIXLlUIg',78,'Offilne',214),(215,'course-UafPYyFauwxf',77,'Online',215),(216,'course-RsJQGhFCFCWv',60,'Offilne',216),(217,'course-jgbBjzRuBLdK',72,'Online',217),(218,'course-GgDXRtbfhMwD',37,'Offilne',218),(219,'course-aSeWcTEyYXQi',54,'Online',219),(220,'course-USoYKcYBdskt',73,'Offilne',220),(221,'course-pQpsOeasZEeo',58,'Online',221),(222,'course-qqEAdnyIUBSb',54,'Offilne',222),(223,'course-udKAgqcgsQyj',59,'Online',223),(224,'course-ZHEazjgDPdxk',38,'Offilne',224),(225,'course-oqHQHRcWZRvO',80,'Online',225),(226,'course-kwzaKPyqssqt',40,'Offilne',226),(227,'course-WlTxZZqWPVXO',26,'Online',227),(228,'course-fQARflcWntlJ',77,'Offilne',228),(229,'course-LIwWfEiSkrXm',67,'Online',229),(230,'course-amyRAIZTLeqI',31,'Offilne',230),(231,'course-CPZtmPNrayOp',30,'Online',231),(232,'course-BAFygyTztQGW',59,'Offilne',232),(233,'course-rscdIrRxwcfd',47,'Online',233),(234,'course-QbEsqxoXdvOR',42,'Offilne',234),(235,'course-JCaLHVMFlUcJ',48,'Online',235),(236,'course-XdyntdkNwdyz',38,'Offilne',236),(237,'course-MYCdWqCsSsed',32,'Online',237),(238,'course-DtijdIMGjlms',52,'Offilne',238),(239,'course-PstYqykOcsMc',54,'Online',239),(240,'course-pwqaEWSsRgZW',34,'Offilne',240),(241,'course-rlCPgjqGKaFn',62,'Online',241),(242,'course-haBXiueQXmeq',20,'Offilne',242),(243,'course-quQeEzPqcMgh',80,'Online',243),(244,'course-kNpwIBNNQJfm',29,'Offilne',244),(245,'course-XRvpzIoWuCDA',34,'Online',245),(246,'course-MUojgTigOEqZ',30,'Offilne',246),(247,'course-XkHNnoboyapR',70,'Online',247),(248,'course-TRtvhtKUbxeX',30,'Offilne',248),(249,'course-DfKvkuKQboej',22,'Online',249),(250,'course-QxOjGGyCfdcZ',72,'Offilne',250),(251,'course-QkAalmAEDHqX',49,'Online',251),(252,'course-LePpZYomECLK',23,'Offilne',252),(253,'course-RKBtftjkAjEz',87,'Online',253),(254,'course-uOSpnvZUJfYU',87,'Offilne',254),(255,'course-lrSodHNikqPV',65,'Online',255),(256,'course-SvLxKaMBIoif',20,'Offilne',256),(257,'course-ucQENqKaMenT',78,'Online',257),(258,'course-rZvofpgqapHW',64,'Offilne',258),(259,'course-YMFOPhQviXWE',79,'Online',259),(260,'course-hASXqLzfTrhV',36,'Offilne',260),(261,'course-MmaoPqMMjOZu',65,'Online',261),(262,'course-rYLGxkWbzvFR',50,'Offilne',262),(263,'course-TsguujufxNSP',71,'Online',263),(264,'course-aTXaHGHOIMCB',61,'Offilne',264),(265,'course-lIMvKnnOXCxl',83,'Online',265),(266,'course-JMVLTEcYpgCB',89,'Offilne',266),(267,'course-SYaInuEdKMNM',88,'Online',267),(268,'course-IlqzQTWZOkhN',29,'Offilne',268),(269,'course-SRloKKoPfrVV',41,'Online',269),(270,'course-SHeXvBMXHJbk',90,'Offilne',270),(271,'course-cABcatyfjIWW',45,'Online',271),(272,'course-qFwzzqJQbImW',60,'Offilne',272),(273,'course-pkLdaGItTzan',66,'Online',273),(274,'course-QKSpkQhYskIT',64,'Offilne',274),(275,'course-QqboaxJjXGDC',27,'Online',275),(276,'course-jlpeupcZjglh',72,'Offilne',276),(277,'course-yPTDGmSDsJcn',76,'Online',277),(278,'course-lSdTuAdqQDep',44,'Offilne',278),(279,'course-CIYWwbUwKhdi',50,'Online',279),(280,'course-dBTVQAbtOfkg',38,'Offilne',280),(281,'course-QuxxPiUXUWXW',57,'Online',281),(282,'course-MnwRbtaIJZLG',28,'Offilne',282),(283,'course-chzSXABkACSx',38,'Online',283),(284,'course-hpeZvghlVhMK',32,'Offilne',284),(285,'course-TIAlpFpyautq',69,'Online',285),(286,'course-FnZmDBZIEnkH',65,'Offilne',286),(287,'course-suJlDPVTOyGf',74,'Online',287),(288,'course-FlZtmBurnFXO',50,'Offilne',288),(289,'course-kBqGtBxaKxIF',42,'Online',289),(290,'course-tXuiowaMCKFU',69,'Offilne',290),(291,'course-fCzNlysnmeWA',61,'Online',291),(292,'course-poTdniDfxwvb',80,'Offilne',292),(293,'course-kSFMqGnqXcqy',40,'Online',293),(294,'course-gkWqeuScnBUJ',75,'Offilne',294),(295,'course-zlQszwFuUdQW',28,'Online',295),(296,'course-nCrlFONotufb',60,'Offilne',296),(297,'course-SNSvRFleYXkc',60,'Online',297),(298,'course-cAciwBIWxHGi',66,'Offilne',298),(299,'course-HOmMVHsElrzN',39,'Online',299),(300,'course-WQIzTYCgWHHb',56,'Offilne',300),(301,'course-aiaQrNPltjgq',23,'Online',301),(302,'course-BYFnwThtftxw',48,'Offilne',302),(303,'course-CBlSjBakYslw',34,'Online',303),(304,'course-ITexgOUUpYco',47,'Offilne',304),(305,'course-ySUQlWoSMSlc',65,'Online',305),(306,'course-woHHtWwtAXXV',87,'Offilne',306),(307,'course-iGYyWITQLsfj',45,'Online',307),(308,'course-VTFNcyRSkrKn',47,'Offilne',308),(309,'course-DxEYnwhsPUri',74,'Online',309),(310,'course-BjOUPchIBMZW',38,'Offilne',310),(311,'course-lyuPKtqwvdFL',68,'Online',311),(312,'course-YRgwrSuBiJOS',39,'Offilne',312),(313,'course-LQUXrQpqqvtg',25,'Online',313),(314,'course-VuVInFsqrPQs',61,'Offilne',314),(315,'course-RrHMEywjRYtT',61,'Online',315),(316,'course-LeilinUJMdUb',24,'Offilne',316),(317,'course-emowDSXxTcWB',51,'Online',317),(318,'course-MKGYDpLnuQjD',24,'Offilne',318),(319,'course-rQhAXuBMLpaQ',55,'Online',319),(320,'course-slFNodKwpTaS',20,'Offilne',320),(321,'course-ZmsycPgjPtCk',59,'Online',321),(322,'course-NhmpzuEvniyo',89,'Offilne',322),(323,'course-QahDSHzRduXM',76,'Online',323),(324,'course-QdJefrFFxxQg',67,'Offilne',324),(325,'course-rWpmrfdwupVi',31,'Online',325),(326,'course-uWKHCREaPYCH',40,'Offilne',326),(327,'course-FRegoyxGSlSM',62,'Online',327),(328,'course-lbTVhNyQKKLO',64,'Offilne',328),(329,'course-gnjHIrunRnhs',89,'Online',329),(330,'course-PdggqsTKHLOw',51,'Offilne',330),(331,'course-oIzKlzwMHwaD',62,'Online',331),(332,'course-UErRLonuomXq',22,'Offilne',332),(333,'course-tgJuAXApGtUl',69,'Online',333),(334,'course-lbgubJWotAEq',77,'Offilne',334),(335,'course-eUoZPkReZhVx',62,'Online',335),(336,'course-dZNhPqdspgSV',61,'Offilne',336),(337,'course-eyMBymBUcueM',41,'Online',337),(338,'course-OWUghujdPSXC',64,'Offilne',338),(339,'course-pqCCQDSoZZoG',32,'Online',339),(340,'course-oaqsIinTaASp',29,'Offilne',340),(341,'course-BLMyLZMyURFs',70,'Online',341),(342,'course-poaYUEavBGIG',81,'Offilne',342),(343,'course-gkhRTTHBDqMJ',33,'Online',343),(344,'course-eHXrroCiURhd',35,'Offilne',344),(345,'course-inMIUGSgqGjS',76,'Online',345),(346,'course-eNUNWZjtMGVB',31,'Offilne',346),(347,'course-dcbUunsjicXP',20,'Online',347),(348,'course-bukKEznmnpvM',86,'Offilne',348),(349,'course-OxHILQeJhPlI',55,'Online',349),(350,'course-SfPjhbKkvvZu',51,'Offilne',350),(351,'course-MnCuihdvnkKW',87,'Online',351),(352,'course-GqaylciiZJeS',75,'Offilne',352),(353,'course-wmqeRjSnjYEj',24,'Online',353),(354,'course-AMQPOgIciHiP',66,'Offilne',354),(355,'course-CvCJwKQVxMnA',39,'Online',355),(356,'course-QyUIQEIyrpkg',79,'Offilne',356),(357,'course-BiYFojpsOEOt',27,'Online',357),(358,'course-lCVKlXHrGROM',28,'Offilne',358),(359,'course-XCZqvQrmiURI',21,'Online',359),(360,'course-KFVRFfXybkqW',65,'Offilne',360),(361,'course-ALcKofhmvYZw',87,'Online',361),(362,'course-EQjAvzxFiSuY',54,'Offilne',362),(363,'course-iaJyUywMCEBn',34,'Online',363),(364,'course-GUGmvsJARuTS',42,'Offilne',364),(365,'course-NmIMRtSCpISf',35,'Online',365),(366,'course-FISPURwLaJWj',90,'Offilne',366),(367,'course-ZdJLhEXHeBip',59,'Online',367),(368,'course-ByzGxjiWrsVv',34,'Offilne',368),(369,'course-GdwJMAnFXEyN',37,'Online',369),(370,'course-FDvgPvGtGOEh',86,'Offilne',370),(371,'course-xqgasBautwyh',44,'Online',371),(372,'course-dPyggAcbgjnp',57,'Offilne',372),(373,'course-zgSmcOnVQvWy',77,'Online',373),(374,'course-HxwyKeNAKiXY',22,'Offilne',374),(375,'course-slFQsqmvnvtj',73,'Online',375),(376,'course-yVhAuFDAoDdZ',63,'Offilne',376),(377,'course-ZXYTeRuJXsqy',74,'Online',377),(378,'course-ysWNUwwbSpsr',68,'Offilne',378),(379,'course-fGUWLGQAvqzO',61,'Online',379),(380,'course-rjcueuyMxGkm',70,'Offilne',380),(381,'course-TvcISIKBXjOY',79,'Online',381),(382,'course-IpprLCaRXqnz',52,'Offilne',382),(383,'course-rwJAdeJDVjBZ',27,'Online',383),(384,'course-BwaeAoGCAppg',57,'Offilne',384),(385,'course-UPLHJyxziXPh',76,'Online',385),(386,'course-zqHMCSwMTDLb',71,'Offilne',386),(387,'course-aRNJEWTrUtoL',49,'Online',387),(388,'course-pGObieKgOiwA',89,'Offilne',388),(389,'course-SFfsMFZRAwMN',49,'Online',389),(390,'course-JIUyWhGTdoKj',81,'Offilne',390),(391,'course-eYYjnTVDwXru',27,'Online',391),(392,'course-BgHxpPtrXvbq',53,'Offilne',392),(393,'course-DkyrovHQLTbU',53,'Online',393),(394,'course-EsAnWuTMZzWc',31,'Offilne',394),(395,'course-RiHWhPSYARjN',62,'Online',395),(396,'course-XAwFoMvgbtOi',62,'Offilne',396),(397,'course-eWnePwEYzjtr',58,'Online',397),(398,'course-HaEDNXkXXcqt',48,'Offilne',398),(399,'course-YQhwlwOVycXI',84,'Online',399),(400,'course-JrvxGBvnlzal',34,'Offilne',400),(401,'course-OQQkqBuVyTgt',75,'Online',401),(402,'course-yFDHWrsmwZQT',36,'Offilne',402),(403,'course-sAobmTuIlCTE',37,'Online',403),(404,'course-twYchwJlfWyw',76,'Offilne',404),(405,'course-ugJhfQriTVSn',30,'Online',405),(406,'course-orLalgRceKYS',47,'Offilne',406),(407,'course-BboyUpUaGHAU',73,'Online',407),(408,'course-vleMkJrgROIs',30,'Offilne',408),(409,'course-zRHegnlGEOzW',67,'Online',409),(410,'course-SJYFATnXcWhI',54,'Offilne',410),(411,'course-BzhkDlXtLJmc',68,'Online',411),(412,'course-bTyVNsztOwxA',85,'Offilne',412),(413,'course-DdLUjylLifhR',36,'Online',413),(414,'course-VKspgdnvyXev',83,'Offilne',414),(415,'course-yZuNREZVqhIz',83,'Online',415),(416,'course-PJgQfkchqEvD',76,'Offilne',416),(417,'course-ApjrOgHneDLo',63,'Online',417),(418,'course-xWyqgRjZZXlN',57,'Offilne',418),(419,'course-DARfMcQlPQvB',78,'Online',419),(420,'course-EXXnbgOGsfuh',74,'Offilne',420),(421,'course-RuiZLBnhrUOj',65,'Online',421),(422,'course-ZNrQOeUPbbnk',81,'Offilne',422),(423,'course-ZaTWmeOtwvkq',71,'Online',423),(424,'course-rJrynVbTySxO',60,'Offilne',424),(425,'course-kUEqZYeCThzE',61,'Online',425),(426,'course-GkRDXOSIiDTu',31,'Offilne',426),(427,'course-ZdQezXsejmpL',47,'Online',427),(428,'course-hRkpYVyaRqGz',70,'Offilne',428),(429,'course-AwBqTPHbfXLH',54,'Online',429),(430,'course-HPDMLfWvJpZL',83,'Offilne',430),(431,'course-LBzIHlhCpxCz',44,'Online',431),(432,'course-anlLYNcAEXUQ',80,'Offilne',432),(433,'course-dcHclKILALpN',25,'Online',433),(434,'course-LENkxhtfDpsT',21,'Offilne',434),(435,'course-MYyoesdQtFdF',80,'Online',435),(436,'course-zAsBBQfMdrbw',28,'Offilne',436),(437,'course-DKviothSGXAJ',34,'Online',437),(438,'course-vBsMCjOFSfFc',34,'Offilne',438),(439,'course-apvVTdhDgClO',90,'Online',439),(440,'course-pfgzpZgsZQfz',35,'Offilne',440),(441,'course-WXsbVHpjwFfD',27,'Online',441),(442,'course-ffLMjelbaDpj',34,'Offilne',442),(443,'course-ztrQkftyktFb',51,'Online',443),(444,'course-xWbHpMKAHSzf',46,'Offilne',444),(445,'course-DANdcTcxexHP',21,'Online',445),(446,'course-XGcjIifRqKvs',75,'Offilne',446),(447,'course-nTuZfTWgtCIG',47,'Online',447),(448,'course-ASjkVqkuxvJj',52,'Offilne',448),(449,'course-DSHDfDvMHEoO',60,'Online',449),(450,'course-VCNXBYyGBLIb',49,'Offilne',450),(451,'course-jenFohltEKQF',24,'Online',451),(452,'course-oqwwZPBMRBFK',87,'Offilne',452),(453,'course-AOCQqGGAuHrN',74,'Online',453),(454,'course-mgDcXfvOLroH',82,'Offilne',454),(455,'course-MlQbAjiSybVJ',77,'Online',455),(456,'course-WSNJKUlIwgIN',25,'Offilne',456),(457,'course-bMZdDObQBgVT',68,'Online',457),(458,'course-XqaiEgctqTKu',65,'Offilne',458),(459,'course-EDKzLJyZYwPY',38,'Online',459),(460,'course-MwTaOGivOxxi',36,'Offilne',460),(461,'course-vExsDRfGXjPl',21,'Online',461),(462,'course-ZoLutpXyUWep',59,'Offilne',462),(463,'course-YJejVHODPJxR',37,'Online',463),(464,'course-HTDgKNexwcOt',20,'Offilne',464),(465,'course-VxBAMvWDFoKx',64,'Online',465),(466,'course-malDpCUgvSon',43,'Offilne',466),(467,'course-FRNOeCoVAuoA',55,'Online',467),(468,'course-KaNYgIrvCnBk',84,'Offilne',468),(469,'course-JKzwCZbaTRWe',86,'Online',469),(470,'course-LoMLjuCEHHDG',86,'Offilne',470),(471,'course-lzuAGWdrbeEA',27,'Online',471),(472,'course-ChimZbjBRqsx',77,'Offilne',472),(473,'course-ilGVYuGpDxdB',45,'Online',473),(474,'course-gnksrRCesTbO',33,'Offilne',474),(475,'course-DcLyrtrHPCWV',43,'Online',475),(476,'course-XflLpitFKCYm',54,'Offilne',476),(477,'course-GdswKklYYGAC',52,'Online',477),(478,'course-DeqmhKuqNSXp',39,'Offilne',478),(479,'course-hQxPZzDZNHvv',84,'Online',479),(480,'course-UwEmGXmUwknQ',22,'Offilne',480),(481,'course-FBWoBcahjKeU',61,'Online',481),(482,'course-kaGrfLbqFNpR',28,'Offilne',482),(483,'course-EXNKfIKVrzLV',41,'Online',483),(484,'course-PHPxLEJBpXDx',90,'Offilne',484),(485,'course-upjGYzkQTkET',42,'Online',485),(486,'course-QkjUwWXvSbiB',45,'Offilne',486),(487,'course-hselSnvOVIDg',62,'Online',487),(488,'course-WsQWiSFLjFCd',52,'Offilne',488),(489,'course-qZbIIYpfcuLr',43,'Online',489),(490,'course-tHRLvxNsBOgF',27,'Offilne',490),(491,'course-ikPUZqKNVPvS',89,'Online',491),(492,'course-WOsUySyhIHjt',86,'Offilne',492),(493,'course-CWKJMsuqpNQJ',55,'Online',493),(494,'course-tnFQsQTnTjso',28,'Offilne',494),(495,'course-oLOXeKQWfuqU',43,'Online',495),(496,'course-yHNgeQdrlpKp',51,'Offilne',496),(497,'course-KPLEdGFagjdR',68,'Online',497),(498,'course-uUIQXfLuwsXa',39,'Offilne',498),(499,'course-UQmIMVlubIZq',31,'Online',499),(500,'course-gpQVBRPQLONR',37,'Offilne',500);
/*!40000 ALTER TABLE `courses_details` ENABLE KEYS */;
UNLOCK TABLES;

--
-- Table structure for table `department_details`
--

DROP TABLE IF EXISTS `department_details`;
/*!40101 SET @saved_cs_client     = @@character_set_client */;
/*!50503 SET character_set_client = utf8mb4 */;
CREATE TABLE `department_details` (
  `department_id` int NOT NULL,
  `department_name` varchar(6383) DEFAULT NULL,
  `department_contactNo` bigint DEFAULT NULL,
  `department_email` varchar(6383) NOT NULL,
  PRIMARY KEY (`department_id`)
) ENGINE=InnoDB DEFAULT CHARSET=utf8mb4 COLLATE=utf8mb4_0900_ai_ci;
/*!40101 SET character_set_client = @saved_cs_client */;

--
-- Dumping data for table `department_details`
--

LOCK TABLES `department_details` WRITE;
/*!40000 ALTER TABLE `department_details` DISABLE KEYS */;
INSERT INTO `department_details` VALUES (1,'department-SlllkAutqvbQ',4567309982,'jikguv@SlllkAutqvbQ.com'),(2,'department-WtjkwIziubVB',7198410515,'lilrus@WtjkwIziubVB.com'),(3,'department-XHKuxTxsDGCO',5700508756,'ve@XHKuxTxsDGCO.com'),(4,'department-BcPHcvFtLeEp',2630969639,'emper@BcPHcvFtLeEp.com'),(5,'department-TOKBGAkozRfK',4578241934,'hid@TOKBGAkozRfK.com'),(6,'department-xQHcoMsFiGhp',2185984358,'jo@xQHcoMsFiGhp.com'),(7,'department-MZppVeWpBiRW',8135475188,'ritos@MZppVeWpBiRW.com'),(8,'department-iNOWGdEyPddI',9869194801,'vaw@iNOWGdEyPddI.com'),(9,'department-LeKJLAcvfZGq',6360222461,'ro@LeKJLAcvfZGq.com'),(10,'department-txtyjNbdMWgN',9261319867,'kijum@txtyjNbdMWgN.com'),(11,'department-HjiPXRuhxVbg',3059044735,'girmin@HjiPXRuhxVbg.com'),(12,'department-XBLkFjuiOmYM',6754006139,'gieb@XBLkFjuiOmYM.com'),(13,'department-lSgNoiiKAQji',8259147128,'ve@lSgNoiiKAQji.com'),(14,'department-YoIYliYzoDdv',9576577792,'jija@YoIYliYzoDdv.com'),(15,'department-uNqWCdAqJErz',4587195237,'ohogob@uNqWCdAqJErz.com'),(16,'department-IElzIKyFKPaC',8005491085,'legdecbet@IElzIKyFKPaC.com'),(17,'department-mOSmoBTeUVPP',9124214663,'nivo@mOSmoBTeUVPP.com'),(18,'department-UVBHTQNaLExV',2383235763,'hihegi@UVBHTQNaLExV.com'),(19,'department-TvgqgISWzboI',1371000139,'mehluk@TvgqgISWzboI.com'),(20,'department-buLiDDHgGkyc',7981758306,'dekis@buLiDDHgGkyc.com'),(21,'department-pPgVWTgUrSWq',1175859229,'weezi@pPgVWTgUrSWq.com'),(22,'department-BbGRXOalUsXY',3792651026,'huful@BbGRXOalUsXY.com'),(23,'department-TjYedgaVRwxn',6747857782,'cuhket@TjYedgaVRwxn.com'),(24,'department-yfAlHIRAYVTV',3213650072,'evzi@yfAlHIRAYVTV.com'),(25,'department-hippeVwbKWxJ',4533521606,'lipfempo@hippeVwbKWxJ.com'),(26,'department-UgAJyJYRDVGi',3863056948,'cipol@UgAJyJYRDVGi.com'),(27,'department-FdjtgzdSdlPA',7467718575,'ednogpev@FdjtgzdSdlPA.com'),(28,'department-caHtinVxgCjU',2036658514,'mewok@caHtinVxgCjU.com'),(29,'department-sFhYZHPmUPmS',9625411853,'kortis@sFhYZHPmUPmS.com'),(30,'department-PilyDSwINCsy',8875506764,'sempi@PilyDSwINCsy.com'),(31,'department-FjVzPFbXswzn',3483191903,'dinolrow@FjVzPFbXswzn.com'),(32,'department-qTayYntYpVOu',6447193922,'kepzuncoj@qTayYntYpVOu.com'),(33,'department-kFpryDKnrEqj',1298623870,'kur@kFpryDKnrEqj.com'),(34,'department-nXDErxcxILrn',6067056805,'wowor@nXDErxcxILrn.com'),(35,'department-ivlArLZvibhF',3062751434,'zuf@ivlArLZvibhF.com'),(36,'department-dRUoNCDGMhTo',5944495844,'goeme@dRUoNCDGMhTo.com'),(37,'department-BbmjQUvYFkKH',6882622007,'leic@BbmjQUvYFkKH.com'),(38,'department-ynUVKbjxINjE',2832410159,'oduag@ynUVKbjxINjE.com'),(39,'department-sPUXLUEXzEsH',5720016713,'eh@sPUXLUEXzEsH.com'),(40,'department-iAsMSgFNslxU',1176479308,'gedowfew@iAsMSgFNslxU.com'),(41,'department-TPvcVLUOEakb',3705754991,'zuthus@TPvcVLUOEakb.com'),(42,'department-jNVAdHMntHTA',7563584087,'ezazi@jNVAdHMntHTA.com'),(43,'department-CBlIxlryLAEf',5345618916,'ponab@CBlIxlryLAEf.com'),(44,'department-zolQxbLJRHQj',4201205076,'gezluhgi@zolQxbLJRHQj.com'),(45,'department-gkgScdcMfQGr',1735831981,'gum@gkgScdcMfQGr.com'),(46,'department-RTAQBuYgOdaX',4242572379,'ga@RTAQBuYgOdaX.com'),(47,'department-pZFPOIXyBgQx',3441283133,'ajduh@pZFPOIXyBgQx.com'),(48,'department-pTSJzTPPmqHD',6485196331,'kenan@pTSJzTPPmqHD.com'),(49,'department-umWnHlpADUCV',5824881687,'iwse@umWnHlpADUCV.com'),(50,'department-JybmryJWJLJT',6199915772,'id@JybmryJWJLJT.com'),(51,'department-azcavPdzNpgr',6354219088,'lodnor@azcavPdzNpgr.com'),(52,'department-TgThNmfebwTT',9749550471,'kibwil@TgThNmfebwTT.com'),(53,'department-pIJbDzUsXVeB',2268123043,'zida@pIJbDzUsXVeB.com'),(54,'department-dAowUTJMOyDi',2937042829,'morolo@dAowUTJMOyDi.com'),(55,'department-qtKcHYdiRhMA',9555284903,'pienipip@qtKcHYdiRhMA.com'),(56,'department-QDAzatZdyeul',6546924225,'liv@QDAzatZdyeul.com'),(57,'department-BKTeVHLUsBTJ',7645445507,'zemgav@BKTeVHLUsBTJ.com'),(58,'department-oRvThAfFkwAa',2468901908,'livafowis@oRvThAfFkwAa.com'),(59,'department-mTrHgcRtmBtk',8867767520,'edfe@mTrHgcRtmBtk.com'),(60,'department-nGfhkpZDVqFu',4789029218,'bu@nGfhkpZDVqFu.com'),(61,'department-hSLBqAyVUpOs',6118931566,'doja@hSLBqAyVUpOs.com'),(62,'department-MlrDEiaTEpcS',3947905652,'we@MlrDEiaTEpcS.com'),(63,'department-OlDUuJkdzJXX',5607033560,'sicfi@OlDUuJkdzJXX.com'),(64,'department-kUkPBgcyEeKB',5657297993,'geg@kUkPBgcyEeKB.com'),(65,'department-JGfMHVmnFBSz',7047949063,'fuv@JGfMHVmnFBSz.com'),(66,'department-cwngfZWzaVMs',8508891831,'raokome@cwngfZWzaVMs.com'),(67,'department-enlKJyZoBFKQ',3386776462,'woscevuv@enlKJyZoBFKQ.com'),(68,'department-RqHYHAYtDVpl',6484618327,'rewsoafu@RqHYHAYtDVpl.com'),(69,'department-TwawmdyfcAsK',6981535016,'lulil@TwawmdyfcAsK.com'),(70,'department-EPUqEPHxdTJw',5678814147,'voawse@EPUqEPHxdTJw.com'),(71,'department-rAAyrMljYpDA',7932619625,'eci@rAAyrMljYpDA.com'),(72,'department-DBhqRoZZEoDT',4963020169,'vowo@DBhqRoZZEoDT.com'),(73,'department-lJliHAFHoOoa',4361178980,'famro@lJliHAFHoOoa.com'),(74,'department-VVydTjpvzUUt',8070568140,'donke@VVydTjpvzUUt.com'),(75,'department-naQSYaoRCppQ',7742067784,'tol@naQSYaoRCppQ.com'),(76,'department-cgeVqHKjOgTA',2591432606,'selic@cgeVqHKjOgTA.com'),(77,'department-rWgFgbREsvRe',4490916343,'jizcat@rWgFgbREsvRe.com'),(78,'department-zFmzowgpgmFr',7577994108,'miwpi@zFmzowgpgmFr.com'),(79,'department-gOlDagEzmjEX',3143442880,'loni@gOlDagEzmjEX.com'),(80,'department-ZyTnrkEowken',5154961234,'nojav@ZyTnrkEowken.com'),(81,'department-dEdCzCremkco',7430326007,'ko@dEdCzCremkco.com'),(82,'department-oPWwGgOluIqe',1352112144,'ikpag@oPWwGgOluIqe.com'),(83,'department-wlDmkbfkFeka',4973612948,'rusop@wlDmkbfkFeka.com'),(84,'department-CnTZYLGXrulL',9532731204,'cizobal@CnTZYLGXrulL.com'),(85,'department-cJiwngQoQPJc',5226788183,'to@cJiwngQoQPJc.com'),(86,'department-CQwqMHMVtlTP',6071832567,'ge@CQwqMHMVtlTP.com'),(87,'department-FzdloBWofzwi',5010818563,'himvaw@FzdloBWofzwi.com'),(88,'department-ClfuSvDoxJvk',2281194830,'jul@ClfuSvDoxJvk.com'),(89,'department-UJZdrCTscSqn',9994817338,'ul@UJZdrCTscSqn.com'),(90,'department-AohsSTeqaIHO',1711931249,'husmep@AohsSTeqaIHO.com'),(91,'department-WfhtPPYZfScQ',8662647523,'zawfidbih@WfhtPPYZfScQ.com'),(92,'department-ZWByFkfFBgXl',3781154374,'dimfovnip@ZWByFkfFBgXl.com'),(93,'department-ZKErTgqCJwoc',6200454686,'alji@ZKErTgqCJwoc.com'),(94,'department-KVbzNJJSHCXj',4651396691,'cuvpusguw@KVbzNJJSHCXj.com'),(95,'department-PVHRlkLVENsA',6299745928,'tubigol@PVHRlkLVENsA.com'),(96,'department-GNALyqZEczya',2360392657,'jogres@GNALyqZEczya.com'),(97,'department-CApCRVjcqRuZ',9693031081,'jogzes@CApCRVjcqRuZ.com'),(98,'department-hFvctUEmHyPw',2516591128,'geti@hFvctUEmHyPw.com'),(99,'department-uKmAwMenNhcs',4454015680,'tizvokad@uKmAwMenNhcs.com'),(100,'department-hpySOfNVZDSD',5107936847,'nokcoffo@hpySOfNVZDSD.com'),(101,'department-qMbrpSUsTTfD',9231242428,'aw@qMbrpSUsTTfD.com'),(102,'department-bHlWmyeWSALh',3707296091,'leatira@bHlWmyeWSALh.com'),(103,'department-wRofHDByQuNe',1360978255,'filos@wRofHDByQuNe.com'),(104,'department-LMWJXjGpgBoU',9242963535,'nok@LMWJXjGpgBoU.com'),(105,'department-bAVIrNQIkyjl',1240981398,'numlitik@bAVIrNQIkyjl.com'),(106,'department-lWFOesRqItTz',9279043118,'siet@lWFOesRqItTz.com'),(107,'department-EWPXgaSXnQrS',7013458553,'muav@EWPXgaSXnQrS.com'),(108,'department-EIaLbwbVFPcu',2914991751,'golmotfir@EIaLbwbVFPcu.com'),(109,'department-NCIcOgwkUtDo',4201786097,'padimafef@NCIcOgwkUtDo.com'),(110,'department-jGeLtFFonXAs',7391945790,'jumholde@jGeLtFFonXAs.com'),(111,'department-QxOFZIvzoexa',5431204327,'leco@QxOFZIvzoexa.com'),(112,'department-CFaOrZogTZOt',4552963058,'kuc@CFaOrZogTZOt.com'),(113,'department-UluYXQaxEuni',8085772098,'zuur@UluYXQaxEuni.com'),(114,'department-mSuVlWKHEjQx',4916074977,'wuokosic@mSuVlWKHEjQx.com'),(115,'department-VwVIsVjEHYCY',9790760415,'mumifto@VwVIsVjEHYCY.com'),(116,'department-sqqGkFUEYnez',9364490463,'otukevuso@sqqGkFUEYnez.com'),(117,'department-CqJTxNFwwmty',5740248236,'wa@CqJTxNFwwmty.com'),(118,'department-UiLstZCRIAIs',6051577136,'motkefod@UiLstZCRIAIs.com'),(119,'department-ZzBDpkrBjnsk',4243206719,'lo@ZzBDpkrBjnsk.com'),(120,'department-LEcYSgEShsYR',6994738288,'sajupev@LEcYSgEShsYR.com'),(121,'department-SwGIPNkWLvRn',5040584847,'mipwisi@SwGIPNkWLvRn.com'),(122,'department-qIXqzbaUuKIQ',9777723889,'ci@qIXqzbaUuKIQ.com'),(123,'department-NifvGYfHGokC',4581320287,'vihpotof@NifvGYfHGokC.com'),(124,'department-fYSdVXCGEwTw',6815721797,'ihpun@fYSdVXCGEwTw.com'),(125,'department-GMFuGaQKqOXl',6857900182,'gamod@GMFuGaQKqOXl.com'),(126,'department-fhbffxjOjOwF',4468283453,'kiirir@fhbffxjOjOwF.com'),(127,'department-HMnbkoKkBHVf',4850869318,'ew@HMnbkoKkBHVf.com'),(128,'department-qTUhHfYvfDOT',6445455458,'of@qTUhHfYvfDOT.com'),(129,'department-hKjbJopGWLll',4564135586,'pesgici@hKjbJopGWLll.com'),(130,'department-PjQhEFsshvXA',9318053401,'hi@PjQhEFsshvXA.com'),(131,'department-axUBjAouTEQM',7382893042,'elogirji@axUBjAouTEQM.com'),(132,'department-cdbjgmasMeEI',6451374703,'sivesof@cdbjgmasMeEI.com'),(133,'department-MdRHFDETBtSL',8393154669,'durfevi@MdRHFDETBtSL.com'),(134,'department-NyWUAzesKyQk',4908261308,'cek@NyWUAzesKyQk.com'),(135,'department-eusbJQQbRviC',2173398022,'fetmu@eusbJQQbRviC.com'),(136,'department-RByVhMtGUXbT',5449899954,'unocu@RByVhMtGUXbT.com'),(137,'department-jjsMBiXaZixE',9761569777,'huhuhor@jjsMBiXaZixE.com'),(138,'department-BhOUGoznObNA',9750604739,'kaerfo@BhOUGoznObNA.com'),(139,'department-SKDwlkKvcXxx',9593503793,'cujpen@SKDwlkKvcXxx.com'),(140,'department-bhNvgKqsRnMi',3615625714,'gomvuh@bhNvgKqsRnMi.com'),(141,'department-wZdpXGXEzHHG',6860485263,'wasa@wZdpXGXEzHHG.com'),(142,'department-lZZpLMciesDW',8793423778,'toah@lZZpLMciesDW.com'),(143,'department-ZKWiNsKRyYYR',2209230323,'lem@ZKWiNsKRyYYR.com'),(144,'department-ydnkzaBqrFXr',8784407270,'digzier@ydnkzaBqrFXr.com'),(145,'department-VEeYAHElswTZ',8040444288,'nake@VEeYAHElswTZ.com'),(146,'department-mprecmHyrtsV',8413110961,'tehbuv@mprecmHyrtsV.com'),(147,'department-yrfBgVnuQdeG',7216973615,'penduamo@yrfBgVnuQdeG.com'),(148,'department-ZoNnUlnpxiVp',8860549852,'vat@ZoNnUlnpxiVp.com'),(149,'department-QCaCcIMAhbjR',2764220467,'sizde@QCaCcIMAhbjR.com'),(150,'department-niiviyyFrxXp',2362404315,'boz@niiviyyFrxXp.com'),(151,'department-CTMEbVMIOzeR',3220901224,'rocigi@CTMEbVMIOzeR.com'),(152,'department-DsJSdBldhqBG',8134607084,'hol@DsJSdBldhqBG.com'),(153,'department-gQcdtDPUPfOU',6163668045,'viivagi@gQcdtDPUPfOU.com'),(154,'department-CfCTIRJuaEdK',1303934236,'erhem@CfCTIRJuaEdK.com'),(155,'department-bbOSXDPAhUHI',4893324270,'go@bbOSXDPAhUHI.com'),(156,'department-JgyOsvAoYgYS',8706620817,'vibemfi@JgyOsvAoYgYS.com'),(157,'department-DpNVPXDkLIwO',9125860744,'nom@DpNVPXDkLIwO.com'),(158,'department-dbDsEhaHCWzN',8687287077,'siife@dbDsEhaHCWzN.com'),(159,'department-SAEewFryMHWj',4862758096,'bocof@SAEewFryMHWj.com'),(160,'department-mAtSaiCaAert',3438343370,'gokpok@mAtSaiCaAert.com'),(161,'department-TREEglBxmiBs',4950638669,'mivgo@TREEglBxmiBs.com'),(162,'department-TYpRHlJtynrb',1246574090,'ermar@TYpRHlJtynrb.com'),(163,'department-zXrdXAiGhsvC',7600149522,'vog@zXrdXAiGhsvC.com'),(164,'department-sMHyXaaFOhHb',5677757064,'oraaw@sMHyXaaFOhHb.com'),(165,'department-PrXNsBPnwIQa',9361960622,'ipsuseti@PrXNsBPnwIQa.com'),(166,'department-PYToPGPsOmID',6562350784,'oloz@PYToPGPsOmID.com'),(167,'department-VorWjiVqGbvK',6361320046,'ve@VorWjiVqGbvK.com'),(168,'department-ydvjuPdafUun',2277730204,'venko@ydvjuPdafUun.com'),(169,'department-FXbDpXhrbvEJ',4854213620,'fewal@FXbDpXhrbvEJ.com'),(170,'department-KfliYffDzTJn',4314838282,'huc@KfliYffDzTJn.com'),(171,'department-CHCtQRiafJGL',6067720921,'cara@CHCtQRiafJGL.com'),(172,'department-iyQGdqQIJWKQ',1565454717,'welmol@iyQGdqQIJWKQ.com'),(173,'department-sOUaSFceYIxA',9527031286,'alewisabe@sOUaSFceYIxA.com'),(174,'department-hvFRCAAGAZwz',8395514909,'jekilo@hvFRCAAGAZwz.com'),(175,'department-GSnONNeJtDCC',5571538663,'zi@GSnONNeJtDCC.com'),(176,'department-zIJGzsbuEClF',9669303606,'mezo@zIJGzsbuEClF.com'),(177,'department-KvNNFgCAbRgR',2375603471,'womup@KvNNFgCAbRgR.com'),(178,'department-OYagzHmyIxOm',6886447944,'fefza@OYagzHmyIxOm.com'),(179,'department-cEvKqVDYydWY',8636063922,'binhe@cEvKqVDYydWY.com'),(180,'department-KTDboSfzVRRA',6402373494,'hihhulbow@KTDboSfzVRRA.com'),(181,'department-oHyDRZxDHcYb',9753532640,'ho@oHyDRZxDHcYb.com'),(182,'department-iDmJfgEuBBpv',5689341055,'ahbi@iDmJfgEuBBpv.com'),(183,'department-YdlytvdxnGBG',8688558364,'awenpuk@YdlytvdxnGBG.com'),(184,'department-gVMbZkTZwREf',7426755828,'turmot@gVMbZkTZwREf.com'),(185,'department-OxEaTUYcYzOR',4336916960,'fikca@OxEaTUYcYzOR.com'),(186,'department-YuMxWRzHagaE',8972111455,'afuvo@YuMxWRzHagaE.com'),(187,'department-WiwgMPFtjnHp',7911477952,'zun@WiwgMPFtjnHp.com'),(188,'department-TPESCYMDqHFF',4428148839,'eksim@TPESCYMDqHFF.com'),(189,'department-RiIexWhtDOwY',7851251597,'jo@RiIexWhtDOwY.com'),(190,'department-hYZNWxzhmCdj',6694116203,'zilo@hYZNWxzhmCdj.com'),(191,'department-RjhPYUHeiKQr',6086021666,'jos@RjhPYUHeiKQr.com'),(192,'department-BHAsfvfoNcJv',6687330925,'fuk@BHAsfvfoNcJv.com'),(193,'department-NeusqTOAkCjl',3991448079,'hojri@NeusqTOAkCjl.com'),(194,'department-OABpYvXTpBRw',3713716732,'rupwat@OABpYvXTpBRw.com'),(195,'department-PpnXykZYcoax',5915404057,'direl@PpnXykZYcoax.com'),(196,'department-YbNDKJEGUZTo',9349147866,'jowpa@YbNDKJEGUZTo.com'),(197,'department-vMHHZjTSBqMX',5017892516,'fokwi@vMHHZjTSBqMX.com'),(198,'department-IwXsQTHFhMyH',4231527351,'fi@IwXsQTHFhMyH.com'),(199,'department-wxmJeFDBpuRL',8100801832,'vianoluf@wxmJeFDBpuRL.com'),(200,'department-tzvwEoedMeUV',6164058028,'raijotok@tzvwEoedMeUV.com'),(201,'department-SXcRcdzCLGtL',2105359648,'wolir@SXcRcdzCLGtL.com'),(202,'department-pwqMrANVVokV',2133461682,'me@pwqMrANVVokV.com'),(203,'department-LTkKbHzZDkEW',1724774620,'bop@LTkKbHzZDkEW.com'),(204,'department-LPoWINSHjPUd',5784388988,'so@LPoWINSHjPUd.com'),(205,'department-kdtbuZgBSiKQ',6987285455,'heh@kdtbuZgBSiKQ.com'),(206,'department-dlAyPTKdDsQQ',3465032918,'ome@dlAyPTKdDsQQ.com'),(207,'department-wtzWZRlVLRBO',6155921838,'rek@wtzWZRlVLRBO.com'),(208,'department-nspJTLaRrlDq',5775097223,'segtihto@nspJTLaRrlDq.com'),(209,'department-zCAwzzQPjNNw',4349397715,'ma@zCAwzzQPjNNw.com'),(210,'department-iNTUMZVCARuS',4971313889,'zaj@iNTUMZVCARuS.com'),(211,'department-OkznEbhxiyZE',5792271672,'zecwuegu@OkznEbhxiyZE.com'),(212,'department-JHHKPrQaBAcb',3023206500,'obzu@JHHKPrQaBAcb.com'),(213,'department-XqiERVrMTKiu',4277570073,'kuogweg@XqiERVrMTKiu.com'),(214,'department-yMKoSpnBPzBW',1483319197,'los@yMKoSpnBPzBW.com'),(215,'department-naRCDHSjXjEq',9078943967,'lito@naRCDHSjXjEq.com'),(216,'department-MJllqMYrVlOG',6156728096,'nefbe@MJllqMYrVlOG.com'),(217,'department-dUJwxVabIMkC',8070696371,'wa@dUJwxVabIMkC.com'),(218,'department-WapOCrRDnkhY',1950359678,'boto@WapOCrRDnkhY.com'),(219,'department-NKpGqcBgYIjc',8975762947,'uzgerge@NKpGqcBgYIjc.com'),(220,'department-YWzimLcrwget',8735481593,'pafat@YWzimLcrwget.com'),(221,'department-zfUuRMUeYOiN',2630474652,'dobse@zfUuRMUeYOiN.com'),(222,'department-RiffodIHIVuY',9036942802,'dit@RiffodIHIVuY.com'),(223,'department-LdDRtEiUDilS',4571643105,'licba@LdDRtEiUDilS.com'),(224,'department-vQBeLNktXQiT',7299601210,'gome@vQBeLNktXQiT.com'),(225,'department-BRmGSuJpWDsq',9276711000,'pec@BRmGSuJpWDsq.com'),(226,'department-IlhRKxAmgFTf',8158148980,'rikpa@IlhRKxAmgFTf.com'),(227,'department-svQSJuHXXXjb',1143105622,'kico@svQSJuHXXXjb.com'),(228,'department-uqPlMxTAEuCm',1597681957,'alesesfel@uqPlMxTAEuCm.com'),(229,'department-mNDEYUruBUSH',7320319564,'ijuzelni@mNDEYUruBUSH.com'),(230,'department-zumKBeNPEabw',9690329987,'ke@zumKBeNPEabw.com'),(231,'department-YSvrJQyVooLH',5180592927,'gu@YSvrJQyVooLH.com'),(232,'department-fgqbpoGzsmpD',4620615135,'visha@fgqbpoGzsmpD.com'),(233,'department-jBnLZyaRKMNl',3842162462,'reuco@jBnLZyaRKMNl.com'),(234,'department-zdaiAHTGazFg',8462997307,'jivewi@zdaiAHTGazFg.com'),(235,'department-MdeiKdQfpSDq',8928293156,'jelem@MdeiKdQfpSDq.com'),(236,'department-drWYNQMWdatl',7221570565,'zopewove@drWYNQMWdatl.com'),(237,'department-ZADRzfGftaFK',7889784409,'sah@ZADRzfGftaFK.com'),(238,'department-biIeOtvLJznZ',2121757882,'reze@biIeOtvLJznZ.com'),(239,'department-CVxFRNrorWsP',7859040488,'gellu@CVxFRNrorWsP.com'),(240,'department-KuByubtVUMxW',3362869269,'ofewo@KuByubtVUMxW.com'),(241,'department-OQRyknmxhyTb',1385638807,'piju@OQRyknmxhyTb.com'),(242,'department-nZtTwVLSUnmr',8821605509,'depogeti@nZtTwVLSUnmr.com'),(243,'department-WGefqFvsABgV',7370941821,'ap@WGefqFvsABgV.com'),(244,'department-NimhbQrhjPvU',6087842615,'forre@NimhbQrhjPvU.com'),(245,'department-iZviBKgLUXFg',7837999919,'munek@iZviBKgLUXFg.com'),(246,'department-TVJsDVOUHGjq',2607159278,'edi@TVJsDVOUHGjq.com'),(247,'department-VPmiTYIdMvRJ',5189526549,'ek@VPmiTYIdMvRJ.com'),(248,'department-aYDQqljCChrJ',3187101404,'vidgarti@aYDQqljCChrJ.com'),(249,'department-jjHfLLdpAHdd',8920844989,'wavev@jjHfLLdpAHdd.com'),(250,'department-PFEIAyqsGHgJ',4450540231,'igapa@PFEIAyqsGHgJ.com'),(251,'department-CFykqaAyXvOs',6602876527,'jof@CFykqaAyXvOs.com'),(252,'department-oCUnXaYpsBKp',2167910292,'ipcego@oCUnXaYpsBKp.com'),(253,'department-xdZusNdPwqlR',5908752722,'heghec@xdZusNdPwqlR.com'),(254,'department-xghKwRMShbMl',9034167900,'rutgi@xghKwRMShbMl.com'),(255,'department-OhGlzzfTNWSR',7237335329,'jozep@OhGlzzfTNWSR.com'),(256,'department-vjCiDdfKvJbj',7158133659,'ufihozeb@vjCiDdfKvJbj.com'),(257,'department-ZvkJihAJqPFh',2704601473,'tikod@ZvkJihAJqPFh.com'),(258,'department-kXmssMmlJNAo',2920725100,'zege@kXmssMmlJNAo.com'),(259,'department-BloQTdERgHRd',6843822050,'celfad@BloQTdERgHRd.com'),(260,'department-vUSJIHicVLHP',4834611693,'jumori@vUSJIHicVLHP.com'),(261,'department-tQiBFuIqcIzT',9134219103,'bire@tQiBFuIqcIzT.com'),(262,'department-bYjBUUEgmZEY',4084412423,'kehiz@bYjBUUEgmZEY.com'),(263,'department-dLLFzFOddHZm',3648200841,'mozivu@dLLFzFOddHZm.com'),(264,'department-lTouRkJefxpJ',8909151625,'awde@lTouRkJefxpJ.com'),(265,'department-aowFbFXcPMEs',4903101355,'goipe@aowFbFXcPMEs.com'),(266,'department-NkrDPjpOLkTX',9971412360,'mo@NkrDPjpOLkTX.com'),(267,'department-cwaQdtTBjPfC',9683823081,'soade@cwaQdtTBjPfC.com'),(268,'department-sfXmwWyuVgMn',3761900931,'ehvuvas@sfXmwWyuVgMn.com'),(269,'department-aAViqlCqJYHr',9175052381,'ekohdo@aAViqlCqJYHr.com'),(270,'department-PjVvrFRpsbir',9883122928,'amo@PjVvrFRpsbir.com'),(271,'department-IeBHhgThsesD',2196367080,'vihnouk@IeBHhgThsesD.com'),(272,'department-pBJWyDQFSckR',5282676730,'goclif@pBJWyDQFSckR.com'),(273,'department-MwbSljAvWEuA',3660495482,'tuiwe@MwbSljAvWEuA.com'),(274,'department-sRPYsCxrFUNi',6216168451,'jalga@sRPYsCxrFUNi.com'),(275,'department-ZJmpakJZWkui',9921153272,'cetzoj@ZJmpakJZWkui.com'),(276,'department-OJQAFrQitDTS',6479634297,'to@OJQAFrQitDTS.com'),(277,'department-IdSgsRCkvPKv',2554186656,'efjatuj@IdSgsRCkvPKv.com'),(278,'department-slddDhpZThqc',6202706826,'tietje@slddDhpZThqc.com'),(279,'department-MVsUbGOuCpLh',3162532621,'run@MVsUbGOuCpLh.com'),(280,'department-CXsNAlPHJlCe',8050419135,'wazob@CXsNAlPHJlCe.com'),(281,'department-RohDHjYQshVO',8386652130,'awedo@RohDHjYQshVO.com'),(282,'department-QDgPedjEUOpZ',6107805071,'ig@QDgPedjEUOpZ.com'),(283,'department-LsBohIBsAFYB',6956490759,'gojkew@LsBohIBsAFYB.com'),(284,'department-WvpfNKUQQukd',5653913502,'asike@WvpfNKUQQukd.com'),(285,'department-kFbreFgpVNGK',9613508051,'siivgem@kFbreFgpVNGK.com'),(286,'department-iVOKTLSNWzTS',3797260772,'uve@iVOKTLSNWzTS.com'),(287,'department-CpGOutXebvoJ',3520620100,'lajeur@CpGOutXebvoJ.com'),(288,'department-GiPgJMRrdGjT',2643773453,'voziz@GiPgJMRrdGjT.com'),(289,'department-FTHpGACRPBCg',3433395814,'jenen@FTHpGACRPBCg.com'),(290,'department-zDZjWDoTzQMX',7024813246,'osawo@zDZjWDoTzQMX.com'),(291,'department-RXnbiJAPFmib',4572081043,'egeiconef@RXnbiJAPFmib.com'),(292,'department-UbYLdCWQVAUw',4258859335,'duco@UbYLdCWQVAUw.com'),(293,'department-TubuBrFQpvyB',9565586396,'zonud@TubuBrFQpvyB.com'),(294,'department-WNNGPvUaRLNc',7433525413,'kahef@WNNGPvUaRLNc.com'),(295,'department-rWSyPYQtKxIX',1838949511,'ra@rWSyPYQtKxIX.com'),(296,'department-dGNqHEJZfXya',1882681218,'cu@dGNqHEJZfXya.com'),(297,'department-hMyAujrqmUfo',3788958550,'tiimmum@hMyAujrqmUfo.com'),(298,'department-sHjRgyvfJaDa',8127731459,'atisep@sHjRgyvfJaDa.com'),(299,'department-EBRDxYhNicNp',5175252201,'gugguh@EBRDxYhNicNp.com'),(300,'department-abAyQGCVeblr',6255666085,'katizi@abAyQGCVeblr.com'),(301,'department-lLqgIECSwRjV',5646566835,'pit@lLqgIECSwRjV.com'),(302,'department-kZllPQHmkLdt',6943467834,'lujka@kZllPQHmkLdt.com'),(303,'department-fKoKtYkQgvMr',4416574901,'zutmozmop@fKoKtYkQgvMr.com'),(304,'department-ACOpcZMEMWKm',1184501675,'todfok@ACOpcZMEMWKm.com'),(305,'department-TDKWwfGCbqvt',4719557443,'gergo@TDKWwfGCbqvt.com'),(306,'department-MnOrMuBJjBix',9139218856,'efifun@MnOrMuBJjBix.com'),(307,'department-xGONDTZiiJaq',6873420947,'wewnil@xGONDTZiiJaq.com'),(308,'department-DGMGYVJLPJoA',9606608185,'zurow@DGMGYVJLPJoA.com'),(309,'department-lEnPIfCLpuGk',3291558452,'siwus@lEnPIfCLpuGk.com'),(310,'department-pHpgChPDMEku',4352701073,'bivuzopum@pHpgChPDMEku.com'),(311,'department-nsBNyocJcMjA',7466874615,'jep@nsBNyocJcMjA.com'),(312,'department-wHgxJmZAiGrk',3810783202,'sovam@wHgxJmZAiGrk.com'),(313,'department-zMOCMuNsjdml',1824841081,'mir@zMOCMuNsjdml.com'),(314,'department-GBsziugJqpho',6074634966,'zokani@GBsziugJqpho.com'),(315,'department-XgkpYNaRYOwz',4189105920,'fewodhi@XgkpYNaRYOwz.com'),(316,'department-XcfaIbqpVsZz',1605552999,'iniifvep@XcfaIbqpVsZz.com'),(317,'department-GDNJkiWOpkqU',7038315474,'wemereg@GDNJkiWOpkqU.com'),(318,'department-mSHaSiFpaIQK',1456891133,'ecpib@mSHaSiFpaIQK.com'),(319,'department-DiGDMDFwskfa',7787925480,'rogso@DiGDMDFwskfa.com'),(320,'department-wQdTZdpBHxxb',7247772363,'unzih@wQdTZdpBHxxb.com'),(321,'department-GkBZJRvEdgYA',9382371938,'leglef@GkBZJRvEdgYA.com'),(322,'department-QfiXBLapZzXA',5325804212,'pogve@QfiXBLapZzXA.com'),(323,'department-bQYSRCCYCsVV',4352025693,'ewucergi@bQYSRCCYCsVV.com'),(324,'department-kNivAwMXWsMT',8741263852,'wevi@kNivAwMXWsMT.com'),(325,'department-urKjWEwBbRIW',9679213023,'ifnusfo@urKjWEwBbRIW.com'),(326,'department-uyQQoBQnCjip',8015386570,'momeude@uyQQoBQnCjip.com'),(327,'department-IZxJgPiEDSjL',9290908375,'ete@IZxJgPiEDSjL.com'),(328,'department-IkIWavdjxRof',9962161340,'po@IkIWavdjxRof.com'),(329,'department-QIsiFlwwiiYy',2761651933,'kojjus@QIsiFlwwiiYy.com'),(330,'department-qmqVRnbrMZrO',5246469023,'rujcar@qmqVRnbrMZrO.com'),(331,'department-blIgQHZwOCqg',4594045176,'wolfo@blIgQHZwOCqg.com'),(332,'department-nRROunKECZVm',3041040530,'hab@nRROunKECZVm.com'),(333,'department-olpgegKkjXxc',2998843910,'aroejhoh@olpgegKkjXxc.com'),(334,'department-dVSncArUJkpV',7610131490,'li@dVSncArUJkpV.com'),(335,'department-nizFpZDrMDRZ',6098316964,'hojize@nizFpZDrMDRZ.com'),(336,'department-wUCWERGYfTCd',6461627271,'susloam@wUCWERGYfTCd.com'),(337,'department-BGWrYCBffqgB',8285019237,'sem@BGWrYCBffqgB.com'),(338,'department-ADqWtbhdAnrA',8017005602,'wincigew@ADqWtbhdAnrA.com'),(339,'department-UVjkoefupHEG',1954045351,'anu@UVjkoefupHEG.com'),(340,'department-AOqwSzQBhzFR',8743554430,'herir@AOqwSzQBhzFR.com'),(341,'department-RdNYHcRZMkbr',7869638310,'kir@RdNYHcRZMkbr.com'),(342,'department-jrcBLtYmeoBB',5951907650,'wepitu@jrcBLtYmeoBB.com'),(343,'department-uCqYAjfzcXDi',7542937752,'gise@uCqYAjfzcXDi.com'),(344,'department-wBCHPRPNrIvB',3583740237,'bemifopo@wBCHPRPNrIvB.com'),(345,'department-iroKDSSdgIpK',2426837484,'ku@iroKDSSdgIpK.com'),(346,'department-pCJwaFUzmofm',2184896881,'og@pCJwaFUzmofm.com'),(347,'department-nXHXPrSSDNVc',8564822855,'sikfu@nXHXPrSSDNVc.com'),(348,'department-QHeoqzSOqazg',4462462088,'nus@QHeoqzSOqazg.com'),(349,'department-IvgKYsdjUvce',8629114946,'zemfun@IvgKYsdjUvce.com'),(350,'department-MOYWcqJCEgXW',9129501175,'cite@MOYWcqJCEgXW.com'),(351,'department-HSUSzXRYRKDQ',6797451660,'zejmucim@HSUSzXRYRKDQ.com'),(352,'department-XFKgjWTloNTT',4184949670,'ajaptu@XFKgjWTloNTT.com'),(353,'department-GepYdsoRcqav',6956635227,'vihsos@GepYdsoRcqav.com'),(354,'department-eeJLUvmYUWES',2001055225,'poise@eeJLUvmYUWES.com'),(355,'department-fLggxXCcHcGf',6538491315,'vupe@fLggxXCcHcGf.com'),(356,'department-dVdtDxVeziSy',6328582749,'mo@dVdtDxVeziSy.com'),(357,'department-bVnLxLpvcWDd',9197585076,'keasone@bVnLxLpvcWDd.com'),(358,'department-suYNalumZhLQ',9614966581,'baw@suYNalumZhLQ.com'),(359,'department-ysVYWKchRoKl',6980015302,'siro@ysVYWKchRoKl.com'),(360,'department-rmVFGFMBofRL',8434037589,'codje@rmVFGFMBofRL.com'),(361,'department-FPGnDAfgTmeH',1595001896,'movsef@FPGnDAfgTmeH.com'),(362,'department-OFhFwlOGdQeM',8746253142,'cujgone@OFhFwlOGdQeM.com'),(363,'department-uSsGooYeijqB',3973825103,'junave@uSsGooYeijqB.com'),(364,'department-lCSKZqNNyaVr',8231805764,'sof@lCSKZqNNyaVr.com'),(365,'department-npNAbXRrnXvE',3301178494,'idga@npNAbXRrnXvE.com'),(366,'department-rwBxgExvhxuo',8175800079,'la@rwBxgExvhxuo.com'),(367,'department-gGBhGtlrgGNZ',8994625917,'mihuvere@gGBhGtlrgGNZ.com'),(368,'department-RYlEyrZyCSDF',3891167353,'liserpe@RYlEyrZyCSDF.com'),(369,'department-pyXtLJtjsrIU',1910613333,'ad@pyXtLJtjsrIU.com'),(370,'department-BNCMQakAgvQZ',9065727918,'jemar@BNCMQakAgvQZ.com'),(371,'department-pnKnWhPuudKF',4563413739,'rupor@pnKnWhPuudKF.com'),(372,'department-GWoWMvuZsmCY',1521689096,'saifu@GWoWMvuZsmCY.com'),(373,'department-VZJVNmGmXZTK',2275265433,'di@VZJVNmGmXZTK.com'),(374,'department-dxSyOWKpSinh',5754914753,'acuen@dxSyOWKpSinh.com'),(375,'department-PwRGXbcEgVMy',2803756136,'fadoje@PwRGXbcEgVMy.com'),(376,'department-iwSYDnhCNYsx',9013171195,'venji@iwSYDnhCNYsx.com'),(377,'department-BJAlsCfCNiyw',2525280153,'junoul@BJAlsCfCNiyw.com'),(378,'department-BybkuOpeGgsO',9471121355,'rir@BybkuOpeGgsO.com'),(379,'department-GtAGqLaVjyvW',4070128721,'zijate@GtAGqLaVjyvW.com'),(380,'department-AGoFWvlufEbk',7108789133,'jobiv@AGoFWvlufEbk.com'),(381,'department-iCqoldPdpuXw',5489555538,'tobun@iCqoldPdpuXw.com'),(382,'department-zXzUrLhZZpcr',1524930677,'onoboh@zXzUrLhZZpcr.com'),(383,'department-cCuInPFyGWsg',9359369106,'haw@cCuInPFyGWsg.com'),(384,'department-zokTxDAtwJFy',1619920938,'vafpo@zokTxDAtwJFy.com'),(385,'department-xxDBSvsWSgkH',5006957239,'tojzehu@xxDBSvsWSgkH.com'),(386,'department-EwPYmhhEpMBM',7892644266,'eli@EwPYmhhEpMBM.com'),(387,'department-hzAGvMvbhyoW',9610975662,'zonlo@hzAGvMvbhyoW.com'),(388,'department-fcjzUTpLKERg',9062378364,'donlih@fcjzUTpLKERg.com'),(389,'department-fAFoHZNGRMtn',2987820324,'rof@fAFoHZNGRMtn.com'),(390,'department-fbSkDOkziNIz',8508456653,'hohuce@fbSkDOkziNIz.com'),(391,'department-ThVtUqULQsVG',6873426170,'ka@ThVtUqULQsVG.com'),(392,'department-aLXRAzuSKrij',1501778075,'go@aLXRAzuSKrij.com'),(393,'department-kHiBtjtbaDOL',9018795874,'tipjev@kHiBtjtbaDOL.com'),(394,'department-bIGIekVUwvxp',5700470176,'uwgip@bIGIekVUwvxp.com'),(395,'department-VFYyrCDJgDjR',8535419614,'afi@VFYyrCDJgDjR.com'),(396,'department-wsNMPyoqFWsK',1632412530,'no@wsNMPyoqFWsK.com'),(397,'department-xffMhzQwpnVm',7249341301,'du@xffMhzQwpnVm.com'),(398,'department-VIlsQpmNeWnU',4667903496,'cinliv@VIlsQpmNeWnU.com'),(399,'department-zDJHVRMjHzKD',3838492053,'sazmoep@zDJHVRMjHzKD.com'),(400,'department-JtJpTJXUTotH',6349624128,'poloro@JtJpTJXUTotH.com'),(401,'department-XfALxoLezVrR',6766872142,'wekro@XfALxoLezVrR.com'),(402,'department-ReTTucsyHxLm',5261345157,'pi@ReTTucsyHxLm.com'),(403,'department-NWUnkKEsVhbJ',7931453024,'nioli@NWUnkKEsVhbJ.com'),(404,'department-NjZHgNNVbzVz',7513892184,'sin@NjZHgNNVbzVz.com'),(405,'department-IAbkYiyuPJmn',2496064659,'fafikeg@IAbkYiyuPJmn.com'),(406,'department-zwzGfCKoFhGd',8999322837,'pofel@zwzGfCKoFhGd.com'),(407,'department-eEwTKeCorJLX',3938845089,'seklemu@eEwTKeCorJLX.com'),(408,'department-lkrqiSedgKkM',7814811514,'jemtof@lkrqiSedgKkM.com'),(409,'department-LyIJIvxoKdQp',5036354003,'pepulwe@LyIJIvxoKdQp.com'),(410,'department-XUWjwCbLweBU',6896829240,'izlat@XUWjwCbLweBU.com'),(411,'department-UulopolZOahA',6470951159,'oku@UulopolZOahA.com'),(412,'department-eHCafdYmXLZT',1461844379,'becalse@eHCafdYmXLZT.com'),(413,'department-gmpLtbDOCJHf',2591467403,'himid@gmpLtbDOCJHf.com'),(414,'department-HexIYdTYMHLJ',8117914582,'higjer@HexIYdTYMHLJ.com'),(415,'department-ZWmhjAqmNNvr',6160866207,'po@ZWmhjAqmNNvr.com'),(416,'department-ApoMjUZcbcfG',8692030892,'jerpuopa@ApoMjUZcbcfG.com'),(417,'department-XFeoWxOPJJWD',7148177000,'vulegig@XFeoWxOPJJWD.com'),(418,'department-reUpiuZIeZHa',6464453896,'kakwid@reUpiuZIeZHa.com'),(419,'department-EUCrusmZxGNK',3338374001,'wi@EUCrusmZxGNK.com'),(420,'department-HIYofqBcvfnJ',3679091686,'lid@HIYofqBcvfnJ.com'),(421,'department-vzAqtVhzrdus',1750450272,'lekjewtig@vzAqtVhzrdus.com'),(422,'department-UtYMVzzApXec',1349981489,'lonel@UtYMVzzApXec.com'),(423,'department-HlqMJJZluqhj',4436967768,'pi@HlqMJJZluqhj.com'),(424,'department-BbaETOrQTBRw',9350993419,'fo@BbaETOrQTBRw.com'),(425,'department-mFmaEOZrltjd',4233336886,'rorbem@mFmaEOZrltjd.com'),(426,'department-gGLIjNXaxnDk',2713999707,'fol@gGLIjNXaxnDk.com'),(427,'department-iTzQNkaerASD',2974785832,'ridwoj@iTzQNkaerASD.com'),(428,'department-sCOwrVfFlBAH',3396395695,'ledfosfu@sCOwrVfFlBAH.com'),(429,'department-SGOcPWZvZzhr',2320885283,'hac@SGOcPWZvZzhr.com'),(430,'department-STTMLLOjQYog',5496117777,'nemehih@STTMLLOjQYog.com'),(431,'department-RiBQqocNGVJk',3824052032,'hehegub@RiBQqocNGVJk.com'),(432,'department-pPhLJjHQxRSG',8967396004,'potapnat@pPhLJjHQxRSG.com'),(433,'department-bLbEYUOevuOl',7596414782,'wu@bLbEYUOevuOl.com'),(434,'department-xpxNEWMmZQoX',5666125293,'siv@xpxNEWMmZQoX.com'),(435,'department-MSSMXYeLPHOj',2021560795,'la@MSSMXYeLPHOj.com'),(436,'department-YLpdMaDEGUUz',1321973991,'aku@YLpdMaDEGUUz.com'),(437,'department-pjAJnBbMHdgU',5112588471,'vegem@pjAJnBbMHdgU.com'),(438,'department-omcmxdBcEwyq',2235519920,'ci@omcmxdBcEwyq.com'),(439,'department-PaUasLLiMKyE',9796449601,'jahnu@PaUasLLiMKyE.com'),(440,'department-IahYQGwkmaEv',6950606604,'or@IahYQGwkmaEv.com'),(441,'department-KtiUdPbnVCaz',6186141784,'par@KtiUdPbnVCaz.com'),(442,'department-GccSWXzOwFJk',7503150221,'worah@GccSWXzOwFJk.com'),(443,'department-BPgYvwoQmtDB',2752015912,'zivpof@BPgYvwoQmtDB.com'),(444,'department-XLMrapKcuYcE',8582507558,'cemko@XLMrapKcuYcE.com'),(445,'department-WGGDJyqdESul',9935114286,'kipwi@WGGDJyqdESul.com'),(446,'department-leSigbsTtMPz',1424015532,'mi@leSigbsTtMPz.com'),(447,'department-JKjPZYvYOhed',6658569781,'ascog@JKjPZYvYOhed.com'),(448,'department-qpDvXhFxugQl',1818299897,'vu@qpDvXhFxugQl.com'),(449,'department-PISuJkErllIB',6508973233,'acesop@PISuJkErllIB.com'),(450,'department-qwbzViokduyb',8524833905,'abenuc@qwbzViokduyb.com'),(451,'department-HklXuawIXWlm',7485572361,'vo@HklXuawIXWlm.com'),(452,'department-pcjkIPYEsnMc',4690221071,'momani@pcjkIPYEsnMc.com'),(453,'department-VsbAeyJQlGdt',1330016482,'huweh@VsbAeyJQlGdt.com'),(454,'department-fpNTLIiamelu',1458763592,'vodti@fpNTLIiamelu.com'),(455,'department-wyhmoeuRMVKr',5417158782,'ga@wyhmoeuRMVKr.com'),(456,'department-yFHWxodrvylO',6187755768,'jadiki@yFHWxodrvylO.com'),(457,'department-jqkfpjUXRPwY',8519531180,'abuaj@jqkfpjUXRPwY.com'),(458,'department-xfbYyIHJNvnB',1881835095,'joktel@xfbYyIHJNvnB.com'),(459,'department-dTlXrVGHhNMn',8907641139,'pe@dTlXrVGHhNMn.com'),(460,'department-kZTKMrGNwxBO',1447351509,'wuamese@kZTKMrGNwxBO.com'),(461,'department-iFjarssyUqXU',3828855881,'votone@iFjarssyUqXU.com'),(462,'department-WQrzCOIoIpvU',5883325830,'sarjaawe@WQrzCOIoIpvU.com'),(463,'department-JAXacadbcBhM',2708897211,'kidvu@JAXacadbcBhM.com'),(464,'department-lHMpmMFRQjTR',5971943360,'piabman@lHMpmMFRQjTR.com'),(465,'department-enAdyUnLIxDv',4196723119,'oniugo@enAdyUnLIxDv.com'),(466,'department-DTweIwfiNyRE',6603512816,'do@DTweIwfiNyRE.com'),(467,'department-dyjvgTHZGFPG',8932959325,'cucen@dyjvgTHZGFPG.com'),(468,'department-eLxqyjzpzNcE',6025638619,'fekdernek@eLxqyjzpzNcE.com'),(469,'department-UPBSVSrpmngB',1806347582,'isiwohreg@UPBSVSrpmngB.com'),(470,'department-LzrjACycDUmZ',3568072747,'ruk@LzrjACycDUmZ.com'),(471,'department-MDVPDkAhPSGo',9760572459,'zuwbapu@MDVPDkAhPSGo.com'),(472,'department-gGMKzBRFWJFu',6520567516,'ephok@gGMKzBRFWJFu.com'),(473,'department-JNOrtIzKdYML',9003011486,'fohpocpaw@JNOrtIzKdYML.com'),(474,'department-nTNYPguNUeVd',9852360177,'cuf@nTNYPguNUeVd.com'),(475,'department-cRGCVNvMrFaj',8004728576,'muhlegew@cRGCVNvMrFaj.com'),(476,'department-fgVBWuNtjaDs',9330266056,'mi@fgVBWuNtjaDs.com'),(477,'department-WuOxhwdRnvDR',9999874675,'lene@WuOxhwdRnvDR.com'),(478,'department-DKXUUOLHabJK',1532225976,'bikejac@DKXUUOLHabJK.com'),(479,'department-LcsvBxDgiMbi',7862655026,'koicoge@LcsvBxDgiMbi.com'),(480,'department-qzLuJwKUoZmO',6663714023,'moto@qzLuJwKUoZmO.com'),(481,'department-VFKvhtWRIyao',2725272122,'pa@VFKvhtWRIyao.com'),(482,'department-YaNsVRNcznJt',4057225822,'zolihwi@YaNsVRNcznJt.com'),(483,'department-TfLKCIZHsyzB',5049770471,'sehpow@TfLKCIZHsyzB.com'),(484,'department-BzKpfrUVoxnG',2677979054,'rodir@BzKpfrUVoxnG.com'),(485,'department-fLOBgjWXfmrM',2764160963,'wem@fLOBgjWXfmrM.com'),(486,'department-rbfrboaawxaX',7840782384,'nodi@rbfrboaawxaX.com'),(487,'department-QjNkJMzjEKCH',7922043683,'gi@QjNkJMzjEKCH.com'),(488,'department-DSpBaGHujBDw',2989838818,'fezo@DSpBaGHujBDw.com'),(489,'department-NKulUqeJwAHM',2497207647,'ivwe@NKulUqeJwAHM.com'),(490,'department-ntGfKrJMADbc',5625685302,'kofo@ntGfKrJMADbc.com'),(491,'department-mNTZkrGjxXGZ',4709521970,'vucju@mNTZkrGjxXGZ.com'),(492,'department-jGGhoyjETlbV',7969361563,'cijsotdut@jGGhoyjETlbV.com'),(493,'department-lUNMxibRlHwN',3713103654,'meh@lUNMxibRlHwN.com'),(494,'department-bujGEuJdYvaI',7310425518,'lefgi@bujGEuJdYvaI.com'),(495,'department-LQPZDRCfKmhI',8233599168,'zeju@LQPZDRCfKmhI.com'),(496,'department-HDqJmRzQgxEJ',9151577057,'wefnav@HDqJmRzQgxEJ.com'),(497,'department-jnSvXgQPHcXJ',1555788083,'nob@jnSvXgQPHcXJ.com'),(498,'department-MoQCvpotaskB',5408659326,'jirbuwut@MoQCvpotaskB.com'),(499,'department-lbfdRLWbWxUP',6283055126,'sutdi@lbfdRLWbWxUP.com'),(500,'department-eARhEgABlBBj',8344516625,'hon@eARhEgABlBBj.com');
/*!40000 ALTER TABLE `department_details` ENABLE KEYS */;
UNLOCK TABLES;

--
-- Table structure for table `faculty_details`
--

DROP TABLE IF EXISTS `faculty_details`;
/*!40101 SET @saved_cs_client     = @@character_set_client */;
/*!50503 SET character_set_client = utf8mb4 */;
CREATE TABLE `faculty_details` (
  `faculty_id` int NOT NULL,
  `faculty_FirstName` varchar(45) DEFAULT NULL,
  `faculty_LastName` varchar(45) DEFAULT NULL,
  `faculty_designation` varchar(45) DEFAULT NULL,
  `department_ID` int DEFAULT NULL,
  `course_ID` int DEFAULT NULL,
  PRIMARY KEY (`faculty_id`),
  KEY `department_id_faculty_idx` (`department_ID`),
  KEY `course_id_faculty_idx` (`course_ID`),
  CONSTRAINT `course_id_faculty` FOREIGN KEY (`course_ID`) REFERENCES `courses_details` (`course_id`) ON DELETE RESTRICT ON UPDATE RESTRICT,
  CONSTRAINT `department_id_faculty` FOREIGN KEY (`department_ID`) REFERENCES `department_details` (`department_id`)
) ENGINE=InnoDB DEFAULT CHARSET=utf8mb4 COLLATE=utf8mb4_0900_ai_ci;
/*!40101 SET character_set_client = @saved_cs_client */;

--
-- Dumping data for table `faculty_details`
--

LOCK TABLES `faculty_details` WRITE;
/*!40000 ALTER TABLE `faculty_details` DISABLE KEYS */;
INSERT INTO `faculty_details` VALUES (1,'Ted','Podbury','Professor',333,474),(2,'Loleta','Buessen','Professor',180,78),(3,'Beverlee','Cona','Professor',400,332),(4,'Asa','Wallman','Professor',481,279),(5,'Sibeal','Chipchase','Professor',469,490),(6,'Linet','Aucourte','Professor',265,422),(7,'Conrade','Whitland','Professor',59,456),(8,'Karyn','Haggeth','Professor',83,108),(9,'Trenton','Nunnerley','Professor',58,89),(10,'Keriann','Teresse','Professor',17,452),(11,'Creight','Scrannage','Professor',124,151),(12,'Debbie','MacFall','Professor',309,446),(13,'Trip','Aldwich','Professor',437,384),(14,'Candice','Bourdis','Professor',471,255),(15,'Findlay','Stobbart','Professor',469,477),(16,'Jefferey','Izachik','Professor',300,257),(17,'Bartholomeo','Bagworth','Professor',470,196),(18,'Niki','Mithon','Professor',466,377),(19,'Inness','McConaghy','Professor',176,236),(20,'Morten','Morales','Professor',270,409),(21,'Aylmar','Baldacco','Professor',162,304),(22,'Tootsie','Guion','Professor',499,498),(23,'Debby','Carnson','Professor',428,4),(24,'Yehudi','Faires','Professor',357,56),(25,'Loralyn','Lavens','Professor',164,122),(26,'Neville','Bercher','Professor',319,174),(27,'Horatio','Bleackly','Professor',178,359),(28,'Ali','Wurst','Professor',497,351),(29,'Caz','Beed','Professor',26,173),(30,'Correy','Loxston','Professor',467,202),(31,'Kacey','Macari','Professor',23,393),(32,'Orella','Brettel','Professor',341,70),(33,'Hillary','Corneck','Professor',206,401),(34,'Colin','Aldus','Professor',484,100),(35,'Anastassia','Pailin','Professor',56,154),(36,'Pooh','Spellacey','Professor',308,484),(37,'Nari','Kennicott','Professor',99,4),(38,'Venita','Kennion','Professor',36,386),(39,'Mikel','Hasselby','Professor',243,332),(40,'Woody','Varlow','Professor',180,117),(41,'Reamonn','Kohrs','Professor',184,304),(42,'Mufinella','O\'Keefe','Professor',405,151),(43,'Daffie','Pascho','Professor',424,137),(44,'Tommy','Kettow','Professor',473,62),(45,'Eveline','Perutto','Professor',393,62),(46,'Zane','Miranda','Professor',174,447),(47,'Hettie','Hebard','Professor',163,472),(48,'Nomi','Darnbrook','Professor',192,68),(49,'Alexa','Jeckells','Professor',19,169),(50,'Mohammed','Daudray','Professor',237,267),(51,'Guglielmo','Golland','Professor',2,284),(52,'Annora','Ashborn','Professor',158,434),(53,'Priscella','Troutbeck','Professor',394,2),(54,'Jenni','Maytom','Professor',418,365),(55,'Francisco','Pimerick','Professor',63,225),(56,'Kyla','Boltwood','Professor',300,275),(57,'Tripp','Leggin','Professor',194,57),(58,'Vinnie','Kluge','Professor',355,334),(59,'Ermengarde','McGuiness','Professor',172,484),(60,'Mignon','Mervyn','Professor',189,148),(61,'Theodoric','Yousef','Professor',267,176),(62,'Nikkie','Guilfoyle','Professor',387,37),(63,'Doti','Klus','Professor',236,226),(64,'Charlotte','Wyldbore','Professor',283,407),(65,'Petronella','Durrett','Professor',324,24),(66,'Reuben','Fairlaw','Professor',94,25),(67,'Carmella','Pelling','Professor',303,400),(68,'Gayler','Felmingham','Professor',246,401),(69,'Cord','Goundsy','Professor',333,431),(70,'Jilli','Maddyson','Professor',334,499),(71,'Conrado','Pimmocke','Professor',500,101),(72,'Lek','Warwick','Professor',403,456),(73,'Nerta','Gregson','Professor',451,481),(74,'Kittie','De Domenicis','Professor',294,201),(75,'Andras','Spadeck','Professor',130,232),(76,'Brittney','Plumbley','Professor',250,413),(77,'Egan','Abson','Professor',484,93),(78,'Leanor','Durran','Professor',205,314),(79,'Nichols','Loveland','Professor',86,363),(80,'Valera','Willerson','Professor',469,258),(81,'Carine','Lattimer','Professor',199,362),(82,'Ottilie','Nicely','Professor',85,223),(83,'Britt','Sheardown','Professor',426,157),(84,'Alberto','Challis','Professor',34,3),(85,'Idette','Lafaye','Professor',359,86),(86,'Starlin','Tomasino','Professor',400,62),(87,'Charleen','Timlett','Professor',258,493),(88,'Clarabelle','Plail','Professor',338,296),(89,'Kelley','Dollard','Professor',500,326),(90,'Benjy','Smurfit','Professor',23,327),(91,'Paige','Izakoff','Professor',496,93),(92,'Granville','Linkin','Professor',357,323),(93,'Corri','Felmingham','Professor',203,463),(94,'Gigi','Bastide','Professor',58,12),(95,'Pat','Matushevich','Professor',335,299),(96,'Mychal','Easterbrook','Professor',246,207),(97,'Clair','Gepheart','Professor',86,479),(98,'Wilbur','Delacourt','Professor',398,98),(99,'Barnaby','Hugland','Professor',22,196),(100,'Janeczka','Temprell','Professor',24,123),(101,'Thor','MacGinley','Professor',299,360),(102,'Jodee','McGinnis','Professor',9,367),(103,'Kimball','Pasticznyk','Professor',37,223),(104,'Alica','Wyche','Professor',449,129),(105,'Dennison','Bishop','Professor',259,160),(106,'Mariellen','Lujan','Professor',313,189),(107,'Reuven','Diggar','Professor',400,103),(108,'Padgett','Heersema','Professor',425,193),(109,'Rutherford','Coffey','Professor',221,39),(110,'Adrian','Kettle','Professor',93,288),(111,'Didi','Risbie','Professor',88,26),(112,'Rickie','Delhay','Professor',282,297),(113,'Liv','Fontanet','Professor',104,308),(114,'Harp','Beran','Professor',10,426),(115,'Enrica','Petrazzi','Professor',432,210),(116,'Meridith','Bartelot','Professor',188,323),(117,'Kyle','Jorden','Professor',55,137),(118,'Cammie','Flippini','Professor',470,18),(119,'Heda','Braxay','Professor',253,160),(120,'Neddie','Rosenau','Professor',450,154),(121,'Farleigh','Tuke','Professor',485,309),(122,'Brena','Causey','Professor',413,349),(123,'Jane','Lancastle','Professor',17,150),(124,'Libby','Pickthorne','Professor',117,439),(125,'Gloriana','Bonelle','Professor',421,284),(126,'Artie','Ramelet','Professor',102,385),(127,'Allsun','Jirak','Professor',301,86),(128,'Fayth','Cruess','Professor',471,267),(129,'Graeme','Tubbles','Professor',256,9),(130,'Hewett','Linn','Professor',390,203),(131,'Myles','Pitrollo','Professor',145,53),(132,'Johnette','Odams','Professor',408,493),(133,'Shannon','Bowller','Professor',230,446),(134,'Nickie','Smowton','Professor',262,356),(135,'Jilleen','Bortolozzi','Professor',174,20),(136,'Justinian','Geddes','Professor',468,338),(137,'Norby','Ballinger','Professor',317,429),(138,'Dennie','Mahedy','Professor',415,296),(139,'Bevvy','Hubbocks','Professor',17,205),(140,'Bartholomeo','Blanchet','Professor',333,84),(141,'Shandy','Gealy','Professor',123,455),(142,'Minnie','Pohl','Professor',116,161),(143,'Hayyim','Merrigan','Professor',463,198),(144,'Christy','Bettam','Professor',415,192),(145,'Bettina','Halfacre','Professor',171,63),(146,'Anni','Peagrim','Professor',195,274),(147,'Jazmin','Glidden','Professor',44,110),(148,'Cary','Etty','Professor',346,31),(149,'Corny','Ballin','Professor',498,387),(150,'Brander','Pendlebury','Professor',8,386),(151,'Yvette','McParlin','Professor',490,59),(152,'Rudolf','Glasebrook','Professor',206,301),(153,'Mellisa','Gagg','Professor',155,492),(154,'Rogers','McKelvey','Professor',247,50),(155,'Krissie','Menier','Professor',317,75),(156,'Annissa','Riggeard','Professor',32,331),(157,'Valeria','Minichi','Professor',475,387),(158,'Chrystel','Barnsdall','Professor',161,86),(159,'Pall','Bunce','Professor',477,358),(160,'Edgardo','Robyns','Professor',245,49),(161,'Starla','Gadman','Professor',373,42),(162,'Hadrian','O\'Meara','Professor',173,83),(163,'Ailyn','Simonite','Professor',499,348),(164,'Lancelot','Dengel','Professor',202,141),(165,'Khalil','Kruszelnicki','Professor',232,142),(166,'Nikaniki','Antonellini','Professor',479,352),(167,'Fidelity','Pyecroft','Professor',347,50),(168,'Vinni','Ybarra','Professor',258,472),(169,'Marybeth','Heak','Professor',159,82),(170,'Grayce','Philott','Professor',24,418),(171,'Alaric','Fulleylove','Professor',269,88),(172,'Cammie','Burdin','Professor',485,412),(173,'Tobias','Littefair','Professor',268,29),(174,'Loralie','Monte','Professor',88,247),(175,'Farah','Derks','Professor',402,111),(176,'Pippa','Andersch','Professor',476,102),(177,'Joyan','Gilkes','Professor',333,172),(178,'Osborn','Bould','Professor',341,271),(179,'Fabe','Cantillion','Professor',135,393),(180,'Brien','Bluck','Professor',308,199),(181,'Anette','Bromidge','Professor',377,141),(182,'Stormie','Mobbs','Professor',92,281),(183,'Luce','Pickover','Professor',485,203),(184,'Clerc','Yanov','Professor',42,360),(185,'Lucie','McHugh','Professor',233,139),(186,'Flore','Bartoshevich','Professor',487,42),(187,'Jourdain','Blackey','Professor',149,35),(188,'Vidovic','Loadwick','Professor',21,386),(189,'Glenden','Shevell','Professor',478,55),(190,'Javier','Jorio','Professor',51,252),(191,'Ailis','Bernt','Professor',361,274),(192,'Ephrem','Alben','Professor',385,317),(193,'Janeva','Nancarrow','Professor',290,394),(194,'Annette','Catling','Professor',95,332),(195,'Huberto','Moncreiffe','Professor',278,459),(196,'Dona','Potes','Professor',215,202),(197,'Erskine','Thewlis','Professor',164,403),(198,'Lanny','Hale','Professor',372,113),(199,'Normy','Kingswoode','Professor',145,469),(200,'Bonnie','Knappitt','Professor',233,247),(201,'Isak','Pentelo','Professor',204,260),(202,'Elisabeth','Harron','Professor',438,50),(203,'Marcie','Geck','Professor',211,403),(204,'Archie','Roncelli','Professor',489,158),(205,'Durante','Romagnosi','Professor',256,415),(206,'Mathias','Madge','Professor',300,295),(207,'Rickey','Pullinger','Professor',379,124),(208,'Christine','Woodwing','Professor',469,220),(209,'Pearline','Sedgemore','Professor',409,353),(210,'Channa','Josham','Professor',241,331),(211,'Darrin','McLachlan','Professor',498,217),(212,'Lev','Poole','Professor',23,6),(213,'Moreen','Beamont','Professor',277,145),(214,'Tally','Jacobovitz','Professor',300,422),(215,'Colin','Falvey','Professor',477,499),(216,'Kirsteni','Crome','Professor',2,369),(217,'Doria','Haddock','Professor',9,375),(218,'Wilt','Coffee','Professor',326,61),(219,'Waylin','Biernacki','Professor',85,285),(220,'Sonnnie','Guarin','Professor',240,52),(221,'Clim','Bellerby','Professor',3,182),(222,'Joyous','O\'Fielly','Professor',127,370),(223,'Syd','Elsley','Professor',291,166),(224,'Adey','Deeson','Professor',371,307),(225,'Lynelle','Ellicock','Professor',348,288),(226,'Aura','Bearward','Professor',379,35),(227,'Madonna','Saenz','Professor',81,423),(228,'Neysa','Beddis','Professor',153,228),(229,'Lyndell','Bimrose','Professor',309,93),(230,'Conrado','Lockhead','Professor',32,110),(231,'Tildie','Bowlesworth','Professor',347,370),(232,'Sianna','Dalgarnowch','Professor',495,33),(233,'Duffie','Pargetter','Professor',63,360),(234,'Wallis','Stroulger','Professor',69,61),(235,'Clemmie','Boumphrey','Professor',450,139),(236,'Fran','Checci','Professor',64,322),(237,'Jessey','Ragge','Professor',194,196),(238,'Erskine','Endersby','Professor',81,255),(239,'Cloe','Reye','Professor',93,301),(240,'Malina','Philipsen','Professor',26,447),(241,'Sisile','Follett','Professor',497,341),(242,'Orlando','Patillo','Professor',214,312),(243,'Sasha','Lodford','Professor',414,380),(244,'Ty','O\'Calleran','Professor',427,216),(245,'Anabella','Jahncke','Professor',189,266),(246,'Dosi','Dollman','Professor',221,244),(247,'Hailey','Jiroudek','Professor',304,141),(248,'Simon','Thurner','Professor',91,176),(249,'Ulrick','Melarkey','Professor',378,34),(250,'Kev','Dunlea','Professor',66,290),(251,'Tom','Groundwater','Professor',90,440),(252,'Harlan','Glowacki','Professor',395,76),(253,'Burl','Ciraldo','Professor',430,395),(254,'Cirilo','Dunkley','Professor',97,313),(255,'Jacqueline','Caulliere','Professor',118,12),(256,'Tammie','Lympany','Professor',44,272),(257,'Sergio','Refford','Professor',374,26),(258,'Carmelita','Springate','Professor',499,58),(259,'Eveleen','Kretchmer','Professor',376,239),(260,'Michel','Hathwood','Professor',197,144),(261,'Kipp','Bootell','Professor',42,261),(262,'Katlin','Jovic','Professor',154,260),(263,'Allie','Ogelbe','Professor',447,433),(264,'Sonnnie','Menichillo','Professor',197,50),(265,'Zara','Blinkhorn','Professor',24,121),(266,'Vivianna','Jaycock','Professor',399,154),(267,'Jillian','Thick','Professor',172,183),(268,'Marlie','Steuart','Professor',5,9),(269,'Blaine','Anslow','Professor',209,267),(270,'Rick','Drivers','Professor',337,156),(271,'Armand','Syde','Professor',340,14),(272,'Pepi','Curzon','Professor',368,353),(273,'Penny','Parcall','Professor',228,55),(274,'Grata','Jozefowicz','Professor',267,185),(275,'Huntlee','Carratt','Professor',164,468),(276,'Powell','Foot','Professor',379,70),(277,'Morie','Ellul','Professor',52,451),(278,'Ardath','Quinlan','Professor',188,494),(279,'Judye','Kitcher','Professor',348,51),(280,'Brietta','Enticott','Professor',257,423),(281,'Sherwynd','Kirmond','Professor',422,3),(282,'Luke','Kinningley','Professor',289,94),(283,'Jeffrey','Emlyn','Professor',212,275),(284,'Sibbie','Klulicek','Professor',357,301),(285,'Jorge','Valois','Professor',20,42),(286,'Stepha','Poxson','Professor',460,77),(287,'Tarrance','Hoodless','Professor',370,437),(288,'Ibby','Linscott','Professor',407,456),(289,'Elena','Henze','Professor',409,289),(290,'Jessy','Tuerena','Professor',460,241),(291,'Xenia','Hutcheons','Professor',273,307),(292,'Dewitt','Brigstock','Professor',21,296),(293,'Tana','Ramsdell','Professor',100,434),(294,'Cher','Barraclough','Professor',497,99),(295,'Deane','Hail','Professor',210,218),(296,'Donnajean','Phippin','Professor',2,294),(297,'Barry','Iwanowski','Professor',174,253),(298,'Chad','Lante','Professor',333,190),(299,'Northrop','Ghost','Professor',304,78),(300,'Horacio','Gilfether','Professor',379,129),(301,'Amandi','Macauley','Professor',11,334),(302,'Wheeler','Rottger','Professor',105,421),(303,'Dianemarie','Avrashin','Professor',77,293),(304,'Valentino','Abele','Professor',165,63),(305,'Madlen','Cantera','Professor',309,193),(306,'Paulie','Bilson','Professor',398,133),(307,'Tabby','McMurty','Professor',175,327),(308,'Albie','Kunrad','Professor',349,485),(309,'Suzann','Jeannon','Professor',131,48),(310,'Elladine','Widger','Professor',452,243),(311,'Tillie','Warrior','Professor',31,330),(312,'Harp','Hunt','Professor',33,385),(313,'Rodrick','Androlli','Professor',495,443),(314,'Forest','Dopson','Professor',422,400),(315,'Shayne','Howey','Professor',391,355),(316,'Damita','Ney','Professor',139,224),(317,'Quill','Gammon','Professor',296,270),(318,'Ivonne','Linbohm','Professor',222,384),(319,'Matti','Bess','Professor',143,343),(320,'Conny','Kilmister','Professor',410,491),(321,'Brant','Enrrico','Professor',26,23),(322,'Jorgan','Hyne','Professor',55,104),(323,'Raoul','Chancellor','Professor',351,150),(324,'Clementius','Velareal','Professor',192,342),(325,'Clarita','Adamek','Professor',428,92),(326,'Demetria','Olivetta','Professor',266,190),(327,'Edsel','Viney','Professor',205,390),(328,'Beatriz','Duffrie','Professor',96,387),(329,'Lulita','Tregenza','Professor',425,311),(330,'Harald','Neilands','Professor',400,325),(331,'Athena','Pott','Professor',59,140),(332,'Clerc','Wadeling','Professor',418,127),(333,'Aileen','Regina','Professor',42,145),(334,'Oswell','Rushmer','Professor',177,13),(335,'Dot','Churchlow','Professor',164,440),(336,'Simone','Dunmuir','Professor',123,464),(337,'Correy','Grigoryov','Professor',325,76),(338,'Esma','Gerbl','Professor',428,107),(339,'Ashli','Kalaher','Professor',320,279),(340,'Madel','Krysiak','Professor',15,191),(341,'Lorrin','Lackie','Professor',480,309),(342,'Felicdad','Pavlovic','Professor',436,415),(343,'Gannon','Sebire','Professor',327,333),(344,'Bobette','Giller','Professor',389,395),(345,'Isacco','Phillpot','Professor',125,1),(346,'Rube','Orpwood','Professor',331,430),(347,'Free','Joyson','Professor',144,118),(348,'Fannie','Ghilardini','Professor',261,352),(349,'Kikelia','Blakesley','Professor',293,359),(350,'Staffard','Jevon','Professor',145,41),(351,'Earle','Chate','Professor',474,18),(352,'Beniamino','Vaneev','Professor',130,479),(353,'Leif','Cheale','Professor',184,405),(354,'Marty','Padberry','Professor',112,18),(355,'Shanon','Ciementini','Professor',384,336),(356,'Jennee','Kagan','Professor',406,466),(357,'Perceval','Mouncher','Professor',461,461),(358,'Donia','Twede','Professor',103,58),(359,'Alisha','Dyet','Professor',117,425),(360,'Berni','Tenant','Professor',156,379),(361,'Sybille','Montes','Professor',487,479),(362,'Carilyn','Bernuzzi','Professor',241,82),(363,'Red','Habercham','Professor',142,26),(364,'Yoko','Arthurs','Professor',5,24),(365,'Cordey','Buchett','Professor',500,9),(366,'Violette','Bricksey','Professor',19,306),(367,'Denver','Pratley','Professor',61,275),(368,'Elene','Sandels','Professor',320,249),(369,'Storm','Gribble','Professor',70,241),(370,'Aleta','Solomon','Professor',250,122),(371,'Shermy','Klaes','Professor',40,222),(372,'Del','MacClinton','Professor',310,382),(373,'Chic','Brierly','Professor',65,275),(374,'Mattheus','Bottrell','Professor',304,7),(375,'Natividad','Gather','Professor',320,326),(376,'Avivah','Widmore','Professor',131,392),(377,'Ally','Wanklyn','Professor',264,255),(378,'Eberto','Bailey','Professor',38,130),(379,'Agathe','Dyson','Professor',450,407),(380,'Malachi','Roderighi','Professor',187,361),(381,'Hodge','Langwade','Professor',225,80),(382,'Lavinia','Stubbin','Professor',103,192),(383,'Michaela','Kitcherside','Professor',177,426),(384,'Sinclare','Smillie','Professor',194,347),(385,'Taite','Broome','Professor',396,1),(386,'Juliana','Hause','Professor',50,309),(387,'Jeane','Jackling','Professor',311,220),(388,'Leigh','Lammerts','Professor',391,97),(389,'Donnie','Simmans','Professor',371,436),(390,'Seumas','Georgiev','Professor',429,380),(391,'Vanna','Sprowson','Professor',64,320),(392,'Jess','Potteridge','Professor',500,439),(393,'Benedict','Parncutt','Professor',463,290),(394,'Sasha','Louder','Professor',158,329),(395,'Julina','Cobby','Professor',479,457),(396,'Terri-jo','Joel','Professor',414,156),(397,'Bonnie','Pitchford','Professor',428,460),(398,'Catharina','Gillivrie','Professor',353,73),(399,'Webb','Bocke','Professor',97,349),(400,'Selle','Gallyon','Professor',498,22),(401,'Tonie','Deverose','Professor',119,102),(402,'Daisey','Sopp','Professor',477,355),(403,'Jedd','Brunsden','Professor',93,286),(404,'Vivyan','Fawdrey','Professor',55,492),(405,'Shep','Nys','Professor',187,182),(406,'Huntington','Backs','Professor',499,342),(407,'Emmott','Bonnet','Professor',96,172),(408,'Hussein','Corby','Professor',4,420),(409,'Karleen','Pulley','Professor',118,298),(410,'Lyndell','Kiggel','Professor',46,89),(411,'Orville','Nineham','Professor',337,474),(412,'Ruperta','De Stoop','Professor',206,262),(413,'Arty','Sickamore','Professor',108,355),(414,'Brett','McCaw','Professor',314,22),(415,'Alyda','Hanton','Professor',189,247),(416,'Dionne','Cases','Professor',88,281),(417,'Carolann','Takkos','Professor',451,211),(418,'Loralie','Bolding','Professor',425,168),(419,'Ira','Ward','Professor',178,440),(420,'Claudie','Vannucci','Professor',498,367),(421,'Alexandre','Tizard','Professor',325,232),(422,'Connie','Le Blond','Professor',372,241),(423,'Candide','Goodship','Professor',391,399),(424,'Dalli','Bradshaw','Professor',295,463),(425,'Darell','Spitell','Professor',158,214),(426,'Shir','Porch','Professor',461,197),(427,'Damian','Moorcraft','Professor',380,289),(428,'Ilsa','Durrett','Professor',332,401),(429,'Giffie','Batchan','Professor',323,262),(430,'Levon','Newick','Professor',98,434),(431,'Luciano','Hampton','Professor',158,430),(432,'Inna','Sirrell','Professor',7,140),(433,'Coral','Swatton','Professor',307,9),(434,'Errol','Bruckstein','Professor',453,109),(435,'Emmalynn','Seif','Professor',366,205),(436,'Kort','Yukhnini','Professor',239,112),(437,'Octavius','Gorgler','Professor',31,267),(438,'Angelle','Coopman','Professor',172,136),(439,'Alayne','Kleinlerer','Professor',443,114),(440,'Chevy','Heersma','Professor',37,57),(441,'Alla','Strickler','Professor',25,19),(442,'Vincent','Orta','Professor',347,457),(443,'Gerrie','Hulse','Professor',137,60),(444,'Jilli','Moreby','Professor',3,80),(445,'Rhodia','Papa','Professor',378,123),(446,'Eduardo','Pattenden','Professor',115,236),(447,'Laurent','Bruckman','Professor',139,46),(448,'Olivette','Dyet','Professor',252,89),(449,'Rhetta','Loos','Professor',227,483),(450,'Brennan','Murray','Professor',142,40),(451,'Merridie','Straine','Professor',43,12),(452,'Hedda','Yakunchikov','Professor',203,209),(453,'Dar','Finders','Professor',73,39),(454,'Matty','Loveday','Professor',393,181),(455,'Barth','Brereton','Professor',57,156),(456,'Mandel','Paliser','Professor',209,316),(457,'Katti','Dayer','Professor',494,120),(458,'Bettine','Gradon','Professor',387,405),(459,'Jelene','Janicek','Professor',153,242),(460,'Stacy','Berisford','Professor',403,91),(461,'Arlana','Cadle','Professor',57,344),(462,'Carri','Ziebart','Professor',337,446),(463,'Hort','Tubble','Professor',488,152),(464,'Yorke','Sparrow','Professor',198,457),(465,'Van','Pencost','Professor',40,374),(466,'Claudio','Drysdall','Professor',449,148),(467,'Geneva','Tribell','Professor',413,252),(468,'Joscelin','Matiebe','Professor',354,188),(469,'Daile','Yelden','Professor',34,106),(470,'Dan','Vass','Professor',105,163),(471,'Filmore','Beckhouse','Professor',109,68),(472,'Claiborn','Cleyburn','Professor',314,155),(473,'Mariann','Naisbet','Professor',402,499),(474,'Yale','McClifferty','Professor',384,47),(475,'Rafferty','Gianulli','Professor',423,210),(476,'Helaina','Edgson','Professor',205,77),(477,'Chane','Plaskitt','Professor',85,269),(478,'Duff','Bampford','Professor',378,294),(479,'Wanda','Seville','Professor',50,295),(480,'Annemarie','Swainger','Professor',416,25),(481,'Robena','Fylan','Professor',364,28),(482,'Skipp','Hartfield','Professor',470,400),(483,'Carri','Gouly','Professor',499,251),(484,'Wade','Akroyd','Professor',265,117),(485,'Lishe','Ovise','Professor',1,335),(486,'Cull','Pietrasik','Professor',88,158),(487,'Chantalle','Housley','Professor',366,272),(488,'Sayer','Stolberger','Professor',489,262),(489,'Kurtis','Runciman','Professor',109,289),(490,'Brander','Bambrugh','Professor',214,370),(491,'Baudoin','Motte','Professor',319,311),(492,'Hendrika','Richardes','Professor',218,374),(493,'Alf','Hacksby','Professor',181,105),(494,'Sibylla','Southway','Professor',489,366),(495,'Sibley','Kenway','Professor',373,231),(496,'Cherise','Cotty','Professor',451,451),(497,'Paco','Kneal','Professor',67,187),(498,'Norbie','Liepins','Professor',453,44),(499,'Kordula','Habbert','Professor',50,112),(500,'Elvyn','Krahl','Professor',484,255),(501,'Marillin','Tolland','Professor',154,243),(502,'Clea','Hortop','Professor',325,195),(503,'Kym','Wilkison','Professor',324,467),(504,'Ag','Greenhow','Professor',221,300),(505,'Normand','Hylton','Professor',16,187),(506,'Arin','O\'Cahsedy','Professor',255,375),(507,'Nichols','Leggat','Professor',314,450),(508,'Melodie','Sangwin','Professor',421,68),(509,'Halie','Avraham','Professor',349,188),(510,'Harlan','Tingey','Professor',264,482),(511,'Jill','Domanek','Professor',405,490),(512,'Maressa','Teodoro','Professor',5,32),(513,'Kevon','FitzAlan','Professor',288,346),(514,'Liva','Dossantos','Professor',338,202),(515,'Cymbre','Moseby','Professor',230,47),(516,'Brander','Burbidge','Professor',103,173),(517,'Filmer','Bidmead','Professor',145,236),(518,'Asa','Kilfedder','Professor',229,89),(519,'Holt','Bollini','Professor',420,159),(520,'Lutero','Pitblado','Professor',479,194),(521,'Morley','Breissan','Professor',117,491),(522,'Hedy','Purkis','Professor',214,192),(523,'Ashbey','Breche','Professor',72,451),(524,'Heath','Learie','Professor',6,81),(525,'Karolina','Cale','Professor',490,275),(526,'Christan','Crips','Professor',269,443),(527,'Gilbertine','Rumke','Professor',211,107),(528,'Chad','Pleuman','Professor',107,191),(529,'Jan','Roget','Professor',395,454),(530,'Aimee','Torre','Professor',165,353),(531,'Archie','Klainman','Professor',200,175),(532,'Zacharie','Gooke','Professor',145,235),(533,'Boycey','Walesby','Professor',16,341),(534,'Taddeo','Manley','Professor',483,254),(535,'Janeczka','Stallybrass','Professor',104,268),(536,'Else','Keelinge','Professor',276,437),(537,'Munmro','Isselee','Professor',2,246),(538,'Derick','Kupka','Professor',137,475),(539,'Torrey','Degenhardt','Professor',41,351),(540,'Art','Garford','Professor',309,101),(541,'Minni','Mumm','Professor',239,37),(542,'Daisey','Sagerson','Professor',209,410),(543,'Sol','Servante','Professor',48,155),(544,'Sheff','Skoof','Professor',466,301),(545,'Delia','Schule','Professor',221,216),(546,'Bill','Garford','Professor',133,369),(547,'Madelon','Hills','Professor',256,224),(548,'Murdoch','Piesing','Professor',478,96),(549,'Imelda','Dufton','Professor',309,83),(550,'Lev','Lorking','Professor',6,153),(551,'Milty','Taveriner','Professor',214,189),(552,'Gladi','Ligoe','Professor',248,52),(553,'Selena','Skellington','Professor',35,469),(554,'Caterina','Stolting','Professor',293,89),(555,'Willem','Foukx','Professor',19,484),(556,'Jannelle','Vertigan','Professor',383,418),(557,'Faber','Chisholm','Professor',255,36),(558,'Fraser','Santore','Professor',188,53),(559,'Nicolle','Monkhouse','Professor',318,127),(560,'Rikki','Badsworth','Professor',497,273),(561,'Maxy','Scanterbury','Professor',44,309),(562,'Jacinda','Antill','Professor',381,465),(563,'Hedwiga','Elsmere','Professor',38,449),(564,'Corinne','Stailey','Professor',105,5),(565,'Armstrong','Dignon','Professor',497,439),(566,'Teodora','Purchon','Professor',150,362),(567,'Harwilll','Rannells','Professor',308,185),(568,'Gideon','Crudgington','Professor',238,75),(569,'Nert','Blagburn','Professor',408,61),(570,'Evangelia','Balharrie','Professor',262,321),(571,'Brendin','Rousel','Professor',412,322),(572,'Lainey','Gillicuddy','Professor',353,380),(573,'Jaynell','O\'Corr','Professor',213,351),(574,'Gay','Boomes','Professor',106,152),(575,'Marlin','Kleiner','Professor',4,459),(576,'Suzanne','Gehringer','Professor',500,174),(577,'Emalee','Sidebotham','Professor',461,51),(578,'Nathalie','Ripper','Professor',209,17),(579,'Jane','Gyorgy','Professor',55,181),(580,'Zenia','Wharram','Professor',452,279),(581,'Augustus','Belton','Professor',477,235),(582,'Marthe','Criple','Professor',469,384),(583,'Tana','Bleakley','Professor',95,353),(584,'Aurthur','Skipton','Professor',72,410),(585,'Roselin','Jalland','Professor',285,369),(586,'Barnabe','Digginson','Professor',468,231),(587,'Cyril','Becarra','Professor',274,101),(588,'Francklin','Lorimer','Professor',105,306),(589,'Irvine','Gernier','Professor',315,94),(590,'Jaquenette','Kassidy','Professor',16,452),(591,'Lynelle','Whal','Professor',41,201),(592,'Gerry','Rudolf','Professor',54,422),(593,'Leigh','Visick','Professor',466,150),(594,'Alric','Thunnercliff','Professor',150,249),(595,'Ebonee','Westbrook','Professor',207,388),(596,'Keen','Radwell','Professor',295,38),(597,'Letizia','Tuther','Professor',228,168),(598,'Alva','Manus','Professor',326,23),(599,'Crista','Krysztowczyk','Professor',220,186),(600,'Evie','Talkington','Professor',37,100),(601,'Millicent','Bugdale','Professor',309,355),(602,'Shalne','Glandfield','Professor',364,125),(603,'Eustacia','McCaughey','Professor',282,192),(604,'Giordano','Dwerryhouse','Professor',283,477),(605,'Aubrey','Kornacki','Professor',301,366),(606,'Teresita','Mournian','Professor',94,241),(607,'Fraze','Frazer','Professor',241,248),(608,'Markos','Nendick','Professor',422,335),(609,'Bryn','Beak','Professor',92,404),(610,'Durand','Tunnick','Professor',229,430),(611,'Lorianna','O\'Hearn','Professor',9,209),(612,'Nessi','Fanstone','Professor',162,36),(613,'Sayre','Leversuch','Professor',86,226),(614,'Nathalie','Croome','Professor',364,343),(615,'Chelsie','Amberger','Professor',444,225),(616,'Eolanda','Bispo','Professor',259,235),(617,'Gregor','Whaley','Professor',112,382),(618,'Allegra','Charrette','Professor',249,470),(619,'Ulberto','Illesley','Professor',62,210),(620,'Sibley','Barnewell','Professor',393,297),(621,'Chelsie','Jones','Professor',351,24),(622,'Sal','Torricina','Professor',282,57),(623,'Welsh','Kirsch','Professor',10,298),(624,'Neysa','Laxston','Professor',284,12),(625,'Lorene','Stapleford','Professor',25,24),(626,'Caresse','Shier','Professor',142,41),(627,'Liva','Seamans','Professor',200,84),(628,'Salmon','Donson','Professor',218,236),(629,'Hershel','Dunthorn','Professor',318,400),(630,'Braden','Chatwood','Professor',77,353),(631,'Petronella','Barsby','Professor',51,209),(632,'Kamillah','Yankishin','Professor',210,123),(633,'Obie','Diggens','Professor',160,290),(634,'Jorie','Lile','Professor',133,449),(635,'Erika','Runciman','Professor',286,363),(636,'Hendrika','McGifford','Professor',200,390),(637,'Annecorinne','Kear','Professor',326,412),(638,'Thedric','McIlwrath','Professor',262,147),(639,'Osmond','Bert','Professor',295,204),(640,'Gavan','Rouby','Professor',96,494),(641,'Morton','Ekins','Professor',285,364),(642,'Britni','Lesek','Professor',385,350),(643,'Kalli','Seale','Professor',369,277),(644,'Ida','Breach','Professor',351,160),(645,'Geraldine','Packe','Professor',441,485),(646,'Aloysius','Liger','Professor',314,333),(647,'Aleta','Bernon','Professor',282,376),(648,'Fabien','Cayzer','Professor',122,318),(649,'Joycelin','Lissemore','Professor',132,298),(650,'Aurthur','Hakes','Professor',355,303),(651,'Ferdinand','Tidcombe','Professor',220,116),(652,'Raquela','Larcombe','Professor',63,357),(653,'Sianna','Sebert','Professor',222,127),(654,'Xylia','O\'Hallihane','Professor',482,190),(655,'Carlynne','Royste','Professor',477,91),(656,'Shaw','Myring','Professor',113,68),(657,'Durward','Nield','Professor',355,39),(658,'Israel','Penniall','Professor',15,449),(659,'Cob','Rilings','Professor',405,140),(660,'Olva','Fleisch','Professor',405,171),(661,'Rowena','Fall','Professor',469,455),(662,'Nikoletta','Gaber','Professor',124,436),(663,'Evangeline','Hassett','Professor',66,374),(664,'Jerad','Livermore','Professor',135,391),(665,'Andeee','Putland','Professor',481,62),(666,'Ellie','MacCrossan','Professor',484,241),(667,'Rickie','Gotcliff','Professor',486,235),(668,'Dorie','Anfossi','Professor',8,489),(669,'Odo','Medhurst','Professor',437,233),(670,'Camel','Burndred','Professor',26,450),(671,'Ezra','Jansie','Professor',368,356),(672,'Betsey','Phizakarley','Professor',389,451),(673,'Tanney','Spottiswood','Professor',374,188),(674,'Titos','Harce','Professor',316,101),(675,'Jyoti','Ricket','Professor',58,300),(676,'Gaylor','Renne','Professor',141,262),(677,'David','Mathen','Professor',57,10),(678,'Helli','MacSharry','Professor',351,213),(679,'Anton','Shyres','Professor',224,389),(680,'Clarita','Laing','Professor',323,130),(681,'Jase','Henfre','Professor',480,221),(682,'Orazio','Knellen','Professor',222,342),(683,'Yanaton','Ford','Professor',167,419),(684,'Lilla','Brodley','Professor',245,52),(685,'Dulce','Shanklin','Professor',412,21),(686,'Mikaela','Hillitt','Professor',98,100),(687,'Morena','Woolrich','Professor',182,487),(688,'Reinold','Woodroofe','Professor',303,460),(689,'Beverie','Antcliff','Professor',272,221),(690,'Morlee','Gunner','Professor',410,36),(691,'Bealle','Cockerell','Professor',52,471),(692,'Randie','Mylechreest','Professor',327,372),(693,'Blair','Dalliwater','Professor',221,262),(694,'Rafaela','Capron','Professor',195,289),(695,'Meredeth','Vigers','Professor',201,411),(696,'Ervin','Heisham','Professor',163,193),(697,'Andie','Gauvin','Professor',123,4),(698,'Emelen','Loweth','Professor',288,353),(699,'Duke','Fenech','Professor',333,427),(700,'Joana','MacScherie','Professor',402,278),(701,'Shermy','Culligan','Professor',332,208),(702,'Gabrila','Whiteoak','Professor',49,235),(703,'Angele','Ayrton','Professor',302,404),(704,'Dallas','Cleaton','Professor',294,429),(705,'Mari','Mathers','Professor',282,292),(706,'Peggi','Dwyer','Professor',142,194),(707,'Dewie','McEvilly','Professor',200,307),(708,'Andriana','Marzellano','Professor',446,67),(709,'Missy','McAuliffe','Professor',131,12),(710,'Sauveur','Spilsbury','Professor',114,469),(711,'Jillane','Coddrington','Professor',321,457),(712,'Kath','Oldershaw','Professor',134,267),(713,'Jemie','Gogarty','Professor',500,82),(714,'Solly','Torrijos','Professor',477,33),(715,'Iona','Lynnett','Professor',500,481),(716,'Bethanne','Grishankov','Professor',318,133),(717,'Lillian','Cutajar','Professor',456,421),(718,'Winona','Upward','Professor',2,110),(719,'Perren','Parry','Professor',109,274),(720,'Isaak','Smalls','Professor',14,386),(721,'Estrella','Tape','Professor',202,293),(722,'Courtney','Grabert','Professor',114,355),(723,'Kleon','Greaves','Professor',388,488),(724,'Oralla','McQuirter','Professor',256,238),(725,'Farrand','McCurtin','Professor',402,348),(726,'Crissie','Fishburn','Professor',489,389),(727,'Stacee','Likely','Professor',408,335),(728,'Cort','Skeates','Professor',499,221),(729,'Lauree','Basley','Professor',145,397),(730,'Eulalie','Oldroyd','Professor',441,478),(731,'Birgitta','Yeskin','Professor',266,490),(732,'Sergei','Black','Professor',144,10),(733,'Eugine','Hanaford','Professor',393,293),(734,'Gray','McShirrie','Professor',313,185),(735,'Axe','Slimming','Professor',138,114),(736,'Frederico','Wickersham','Professor',190,309),(737,'Dallon','Luck','Professor',201,19),(738,'Darlleen','Trinke','Professor',409,27),(739,'Ranique','Housego','Professor',107,485),(740,'Thatch','Lucken','Professor',43,140),(741,'Phil','Rush','Professor',7,132),(742,'Adolphe','Valencia','Professor',404,442),(743,'Kali','Pencott','Professor',390,353),(744,'Kissie','Eixenberger','Professor',88,124),(745,'Gerda','Adriani','Professor',312,162),(746,'Orin','Hehir','Professor',388,91),(747,'Abba','Caplin','Professor',355,445),(748,'Fonz','Wells','Professor',471,326),(749,'Laurette','Hundal','Professor',170,387),(750,'Brodie','Staniforth','Professor',38,169),(751,'Dael','Verdie','Professor',91,57),(752,'Ninon','Pagelsen','Professor',298,342),(753,'Lani','Blofield','Professor',160,485),(754,'Rickert','Brock','Professor',357,392),(755,'Violante','Van Cassel','Professor',323,496),(756,'Nathanial','Arp','Professor',89,335),(757,'Maritsa','Hamberstone','Professor',108,145),(758,'Ossie','Antrum','Professor',152,262),(759,'Virgie','Culver','Professor',123,321),(760,'Bald','Shannahan','Professor',421,42),(761,'Felic','Coyne','Professor',334,98),(762,'Holly','Heintze','Professor',191,412),(763,'Casandra','Venners','Professor',137,311),(764,'Janka','Lloyd-Williams','Professor',314,274),(765,'Arlen','Raw','Professor',280,56),(766,'Mellisent','Montfort','Professor',103,124),(767,'Even','Filinkov','Professor',443,182),(768,'Carolynn','Knightsbridge','Professor',61,395),(769,'Rancell','Witts','Professor',22,301),(770,'Samuel','Fairlaw','Professor',68,42),(771,'Gertrudis','De Andreis','Professor',131,51),(772,'Saudra','Tudhope','Professor',125,205),(773,'Shari','Lalley','Professor',109,183),(774,'Angus','Iggulden','Professor',332,39),(775,'Cherice','Leader','Professor',479,418),(776,'Domenico','Philps','Professor',350,120),(777,'Janis','Brimson','Professor',180,477),(778,'Uriel','Trumpeter','Professor',151,22),(779,'Kennie','Puddan','Professor',226,392),(780,'Gabriela','Poytres','Professor',377,240),(781,'Sterling','Rowberry','Professor',48,233),(782,'Alejandrina','Rouge','Professor',286,150),(783,'Natasha','Skoate','Professor',245,396),(784,'Clemens','Newcomen','Professor',74,272),(785,'Hillier','Calloway','Professor',289,322),(786,'Trude','Furmedge','Professor',451,246),(787,'Catharine','Andrini','Professor',371,483),(788,'Shea','St Louis','Professor',266,123),(789,'Lemuel','Kyne','Professor',400,434),(790,'Bobina','Patridge','Professor',395,31),(791,'Nathanael','Jenyns','Professor',432,234),(792,'Sarene','Allon','Professor',288,164),(793,'Effie','Kennifick','Professor',321,59),(794,'Nolie','Berceros','Professor',82,37),(795,'Winifred','Wretham','Professor',164,275),(796,'Mufinella','Tapner','Professor',405,357),(797,'Celka','Goymer','Professor',121,205),(798,'Shaun','McIlwrick','Professor',471,153),(799,'Seth','Dykins','Professor',441,466),(800,'Rocky','Soggee','Professor',141,144),(801,'Leontine','Stears','Professor',284,219),(802,'Charisse','Ansley','Professor',397,68),(803,'Bern','Fellos','Professor',206,301),(804,'Hedvige','Collings','Professor',101,294),(805,'Kilian','Cumbes','Professor',365,364),(806,'Vergil','Selburn','Professor',448,436),(807,'Nady','Wevell','Professor',241,258),(808,'Milo','Gallier','Professor',427,385),(809,'Wald','Cozzi','Professor',77,100),(810,'Britt','Knowlys','Professor',151,491),(811,'Mathian','Rembrant','Professor',201,179),(812,'Vinita','Oulett','Professor',456,257),(813,'Bessie','Pagan','Professor',232,476),(814,'Galvan','McCrossan','Professor',85,453),(815,'Jeff','Gathwaite','Professor',301,270),(816,'Davy','Kall','Professor',118,463),(817,'Maye','Karoly','Professor',455,116),(818,'Tobiah','Tebboth','Professor',472,231),(819,'Dannie','Heiton','Professor',414,1),(820,'Banky','Pentecost','Professor',342,298),(821,'Torre','Wellen','Professor',358,385),(822,'Gusty','Tatteshall','Professor',358,213),(823,'Rogerio','McGlynn','Professor',472,199),(824,'Linell','Bettis','Professor',35,234),(825,'Abbie','Juliano','Professor',280,120),(826,'Juan','Holtaway','Professor',128,296),(827,'Isobel','Illiston','Professor',426,209),(828,'Kenny','Magee','Professor',299,265),(829,'Mollie','Altimas','Professor',162,224),(830,'Elvin','Hacksby','Professor',263,363),(831,'Cacilia','McFetrich','Professor',91,467),(832,'Orren','Stawell','Professor',234,73),(833,'Gill','Dench','Professor',154,81),(834,'Darrel','Streetley','Professor',314,422),(835,'Maia','Wederell','Professor',290,121),(836,'Beitris','Hanaford','Professor',434,333),(837,'Patti','Peacocke','Professor',260,23),(838,'Andria','Greedier','Professor',309,439),(839,'Leonie','Llewhellin','Professor',128,235),(840,'Ladonna','Streatley','Professor',306,366),(841,'Corbet','Wickstead','Professor',176,354),(842,'Tabbatha','d\'Escoffier','Professor',37,438),(843,'Hobart','Whittock','Professor',313,186),(844,'Cyndie','Domone','Professor',6,491),(845,'George','Beldham','Professor',242,260),(846,'Laurena','Carmo','Professor',163,101),(847,'Sandro','Verni','Professor',26,68),(848,'Anica','Ruben','Professor',388,308),(849,'Camey','Sheppard','Professor',240,265),(850,'Justen','Baldacchino','Professor',373,63),(851,'Augusto','Pooly','Professor',92,9),(852,'Gardiner','Kenrick','Professor',296,9),(853,'Vivyan','Mollin','Professor',138,462),(854,'Joby','Ipgrave','Professor',169,59),(855,'Bertie','O\'Hagan','Professor',303,284),(856,'Antone','Leadbeatter','Professor',469,26),(857,'Tabb','Bennett','Professor',250,91),(858,'Ashely','Orta','Professor',215,361),(859,'Zabrina','Mogg','Professor',74,98),(860,'Felita','Cutress','Professor',374,78),(861,'Imogen','Ashbolt','Professor',188,226),(862,'Hersh','Shottin','Professor',222,407),(863,'Hale','Gimlet','Professor',204,372),(864,'Peyton','Dyerson','Professor',408,95),(865,'Floyd','Sharram','Professor',248,483),(866,'Noni','Behling','Professor',87,63),(867,'Ursulina','Ropartz','Professor',109,178),(868,'Georgeanna','Lucius','Professor',257,123),(869,'Even','Cristofano','Professor',373,192),(870,'Heda','Leborgne','Professor',176,292),(871,'Lydon','Lancashire','Professor',354,479),(872,'Rosabel','Venables','Professor',432,313),(873,'Marion','Lambrechts','Professor',470,306),(874,'Christoforo','Mollon','Professor',253,256),(875,'Tiffani','Besant','Professor',467,163),(876,'Minnie','Dafter','Professor',469,127),(877,'Ardith','Whye','Professor',217,466),(878,'Wilmette','Cripps','Professor',475,82),(879,'Jojo','Kerridge','Professor',454,135),(880,'Emmie','Andrin','Professor',326,99),(881,'Gladys','Birkinshaw','Professor',162,266),(882,'Nye','Pinching','Professor',438,482),(883,'Skipper','Stranieri','Professor',31,197),(884,'Lawry','Lammie','Professor',212,450),(885,'Gerri','Braywood','Professor',209,460),(886,'Murry','Mulvenna','Professor',148,224),(887,'Katrina','Pagan','Professor',104,440),(888,'Chuck','Bebbell','Professor',61,296),(889,'Elsworth','McVrone','Professor',498,127),(890,'Mei','Didsbury','Professor',120,243),(891,'Emile','Cutmare','Professor',132,70),(892,'Valaria','Gwilym','Professor',92,476),(893,'Aubry','Tassell','Professor',98,72),(894,'Brockie','Yakebowitch','Professor',462,229),(895,'Judd','Tarney','Professor',204,441),(896,'Ossie','Clausson','Professor',16,253),(897,'Ashely','Aldersea','Professor',312,387),(898,'Isabelita','Frazier','Professor',393,461),(899,'Allsun','Chittey','Professor',156,359),(900,'Rory','Dumbrall','Professor',483,57),(901,'Birch','Guillond','Professor',126,34),(902,'Hinze','Buggs','Professor',219,455),(903,'Carmita','Hewson','Professor',138,265),(904,'Viviana','Barritt','Professor',4,77),(905,'Ingelbert','Asquez','Professor',368,279),(906,'Donalt','Delleschi','Professor',220,119),(907,'Lorenzo','Urlin','Professor',63,6),(908,'Eugenius','Brehault','Professor',14,303),(909,'Sashenka','Stern','Professor',96,112),(910,'Ettore','Capewell','Professor',213,426),(911,'Derril','Colqueran','Professor',198,481),(912,'Elton','Carrick','Professor',254,356),(913,'Josi','Fleetwood','Professor',427,198),(914,'Tiena','MacDougall','Professor',35,313),(915,'Ardisj','Dudliston','Professor',46,343),(916,'Rudiger','Syddon','Professor',12,322),(917,'Raymond','Barme','Professor',299,397),(918,'Garrik','McGennis','Professor',171,434),(919,'Jayme','Wheelan','Professor',73,229),(920,'Kimmy','Jurasek','Professor',38,224),(921,'Hale','Crosston','Professor',384,309),(922,'Elinor','Descroix','Professor',278,86),(923,'Luella','Terbrug','Professor',494,183),(924,'Marmaduke','McLucky','Professor',485,41),(925,'Amandy','Cudmore','Professor',467,276),(926,'Millie','Snipe','Professor',111,62),(927,'Torrance','Croydon','Professor',317,242),(928,'Garvy','Ludgrove','Professor',410,448),(929,'Melisandra','Benwell','Professor',198,63),(930,'Kelli','Jacquemet','Professor',174,274),(931,'Madlen','Dunbleton','Professor',24,102),(932,'Fancie','Mitham','Professor',87,90),(933,'Dorisa','Northage','Professor',266,23),(934,'Drusilla','Ballam','Professor',26,126),(935,'Clay','Crossingham','Professor',317,119),(936,'Sonnnie','Legerton','Professor',459,374),(937,'Jeremiah','Ruttgers','Professor',220,257),(938,'Arden','Badrick','Professor',63,11),(939,'Susanna','Large','Professor',411,391),(940,'Sherwynd','Huckerby','Professor',20,78),(941,'Rakel','Headon','Professor',212,139),(942,'Nan','Conti','Professor',423,409),(943,'Kaylyn','Bacchus','Professor',295,184),(944,'Marcy','Braisby','Professor',362,500),(945,'Estel','Chattoe','Professor',312,251),(946,'Arabele','Addionisio','Professor',367,54),(947,'Benny','Baswall','Professor',300,274),(948,'Cristiano','Poon','Professor',374,70),(949,'Sheffield','Peedell','Professor',362,212),(950,'Florentia','Foskett','Professor',207,373),(951,'Hestia','MacKilroe','Professor',473,210),(952,'Truman','Sidden','Professor',478,191),(953,'Harriot','Hullett','Professor',246,480),(954,'Seka','Dummer','Professor',434,369),(955,'Beryle','Asman','Professor',290,470),(956,'Hersch','Skyppe','Professor',33,225),(957,'Teresina','Cosson','Professor',159,11),(958,'Hugibert','Ludlamme','Professor',377,163),(959,'Candi','Bellham','Professor',426,262),(960,'Maddie','Ludlow','Professor',207,51),(961,'Caryl','Gothup','Professor',303,404),(962,'Jermain','Goodswen','Professor',486,108),(963,'Murray','Seifert','Professor',274,59),(964,'Abbot','Worton','Professor',290,136),(965,'Reeva','Batcheldor','Professor',359,260),(966,'Niven','Ayers','Professor',208,363),(967,'Ginger','Liversage','Professor',86,376),(968,'Jacquie','Freake','Professor',62,467),(969,'Marianne','Romeril','Professor',460,274),(970,'Luca','Plom','Professor',95,44),(971,'Britney','Luciano','Professor',243,301),(972,'Loreen','Linklet','Professor',174,452),(973,'Meryl','Beggin','Professor',196,94),(974,'Ange','Van Der Weedenburg','Professor',322,58),(975,'Marga','Whittet','Professor',142,481),(976,'Dianne','Baumer','Professor',124,87),(977,'Noble','Feldheim','Professor',207,131),(978,'Darb','Torrese','Professor',283,165),(979,'Rodolfo','Siemons','Professor',49,235),(980,'Nikoletta','Hebborn','Professor',387,120),(981,'Olly','Loudiane','Professor',63,98),(982,'Ariel','Frensch','Professor',423,303),(983,'Kristy','Bamber','Professor',247,137),(984,'Blisse','Bierton','Professor',389,142),(985,'Jamie','Capron','Professor',466,91),(986,'Shantee','Cleen','Professor',306,78),(987,'Rivalee','Stother','Professor',168,491),(988,'Cristen','Flegg','Professor',457,249),(989,'Dehlia','Howley','Professor',310,20),(990,'Joshua','Merrigan','Professor',383,90),(991,'Tymothy','Marzello','Professor',173,368),(992,'Alden','Farlow','Professor',186,54),(993,'Law','Sell','Professor',26,43),(994,'Alasdair','Threadgill','Professor',264,223),(995,'Everard','Gallelli','Professor',1,88),(996,'Sam','Lissandrini','Professor',86,469),(997,'Rawley','Joseph','Professor',92,344),(998,'Morly','End','Professor',249,279),(999,'Verna','Collingham','Professor',43,60),(1000,'Hale','Quidenham','Professor',499,55);
/*!40000 ALTER TABLE `faculty_details` ENABLE KEYS */;
UNLOCK TABLES;

--
-- Table structure for table `session_details`
--

DROP TABLE IF EXISTS `session_details`;
/*!40101 SET @saved_cs_client     = @@character_set_client */;
/*!50503 SET character_set_client = utf8mb4 */;
CREATE TABLE `session_details` (
  `session_id` int NOT NULL,
  `session_Name` varchar(45) DEFAULT NULL,
  `session_FromTime` date DEFAULT NULL,
  `session_ToTime` date DEFAULT NULL,
  `department_ID` int DEFAULT NULL,
  `course_ID` int DEFAULT NULL,
  `book_ID` int DEFAULT NULL,
  PRIMARY KEY (`session_id`),
  KEY `department_id_session_idx` (`department_ID`),
  KEY `course_id_session_idx` (`course_ID`),
  KEY `book_id_session_idx` (`book_ID`),
  CONSTRAINT `book_id_session` FOREIGN KEY (`book_ID`) REFERENCES `books_details` (`books_id`) ON DELETE RESTRICT ON UPDATE RESTRICT,
  CONSTRAINT `course_id_session` FOREIGN KEY (`course_ID`) REFERENCES `courses_details` (`course_id`),
  CONSTRAINT `department_id_session` FOREIGN KEY (`department_ID`) REFERENCES `department_details` (`department_id`)
) ENGINE=InnoDB DEFAULT CHARSET=utf8mb4 COLLATE=utf8mb4_0900_ai_ci;
/*!40101 SET character_set_client = @saved_cs_client */;

--
-- Dumping data for table `session_details`
--

LOCK TABLES `session_details` WRITE;
/*!40000 ALTER TABLE `session_details` DISABLE KEYS */;
INSERT INTO `session_details` VALUES (1,'Open-source stable neural-net','2020-07-07','2021-03-18',378,47,449),(2,'Object-based demand-driven solution','2020-03-24','2020-08-29',130,10,699),(3,'Right-sized optimal conglomeration','2021-08-20','2020-11-07',42,243,563),(4,'Reduced object-oriented installation','2021-06-02','2020-10-12',301,435,374),(5,'Customer-focused attitude-oriented hierarchy','2021-04-18','2021-09-17',495,130,774),(6,'Fundamental responsive utilisation','2020-05-06','2020-03-30',81,8,891),(7,'Stand-alone uniform flexibility','2021-01-06','2021-01-22',241,398,867),(9,'Profit-focused real-time standardization','2020-03-30','2020-12-28',328,331,542),(10,'Customer-focused responsive solution','2021-06-13','2021-01-25',282,22,4),(11,'Persevering tertiary functionalities','2021-02-08','2020-08-11',485,238,215),(12,'Robust client-driven internet solution','2021-09-04','2021-07-30',415,209,950),(13,'Polarised user-facing encryption','2021-02-05','2021-06-17',441,158,867),(14,'Synergistic tangible encryption','2021-02-11','2021-03-04',250,212,130),(15,'Triple-buffered non-volatile strategy','2020-06-13','2021-08-30',35,423,716),(16,'Multi-lateral dedicated frame','2020-01-07','2021-01-13',17,95,127),(17,'Horizontal national conglomeration','2021-01-15','2020-09-11',259,161,416),(18,'Stand-alone demand-driven toolset','2020-06-03','2020-04-29',280,103,94),(19,'Face to face directional hardware','2021-10-27','2020-04-06',406,328,603),(20,'Multi-channelled static parallelism','2020-08-04','2021-06-22',346,26,717),(21,'Focused maximized Graphical User Interface','2020-04-20','2021-10-07',10,143,87),(22,'Multi-layered client-driven time-frame','2020-04-04','2020-05-19',227,167,205),(23,'Expanded motivating collaboration','2020-11-01','2021-03-06',2,198,697),(24,'Virtual upward-trending algorithm','2021-05-18','2021-03-13',152,367,971),(25,'Versatile actuating paradigm','2020-05-17','2021-03-23',118,55,706),(26,'Automated actuating success','2020-10-15','2020-12-16',123,243,584),(27,'Advanced logistical toolset','2021-07-09','2021-04-08',329,285,672),(28,'Fully-configurable composite ability','2021-05-07','2020-05-09',392,430,872),(29,'Polarised impactful superstructure','2021-06-05','2021-03-05',212,242,639),(30,'Total user-facing collaboration','2020-05-07','2021-08-18',309,246,138),(31,'Function-based national time-frame','2021-08-16','2020-04-25',119,10,856),(32,'Decentralized bifurcated utilisation','2020-07-26','2020-09-15',74,27,137),(33,'Fundamental solution-oriented system engine','2021-06-22','2021-03-05',159,466,816),(34,'Balanced holistic workforce','2021-10-15','2020-08-23',240,350,726),(35,'Versatile background database','2021-01-25','2021-04-17',200,211,45),(36,'Quality-focused 5th generation info-mediaries','2020-07-06','2020-04-08',420,151,381),(37,'Synergized contextually-based project','2021-04-27','2021-10-25',500,308,348),(38,'Robust responsive software','2021-08-09','2020-11-30',252,169,156),(39,'Multi-tiered bifurcated productivity','2020-03-20','2021-05-05',383,466,938),(40,'Ergonomic optimizing parallelism','2021-10-14','2020-04-11',99,7,869),(41,'Reactive dynamic analyzer','2021-04-14','2020-09-15',182,407,312),(42,'Total homogeneous software','2021-11-06','2020-12-12',360,29,595),(43,'Stand-alone asynchronous policy','2020-02-05','2021-08-15',466,76,151),(44,'Operative client-server projection','2020-09-23','2020-04-16',194,345,796),(45,'Cloned background analyzer','2020-08-26','2021-02-03',292,58,996),(46,'Inverse foreground circuit','2021-05-09','2021-03-21',453,484,397),(47,'Inverse full-range data-warehouse','2020-03-10','2020-05-14',32,466,221),(48,'Exclusive client-driven parallelism','2020-05-02','2020-02-27',64,220,348),(50,'Quality-focused upward-trending application','2021-03-26','2021-05-21',307,172,583),(51,'Synergized heuristic extranet','2020-10-24','2021-01-08',145,171,253),(53,'Future-proofed background interface','2021-11-02','2021-04-17',132,137,9),(54,'Digitized incremental infrastructure','2020-04-12','2021-08-28',322,39,864),(55,'Re-engineered attitude-oriented firmware','2020-06-30','2020-10-18',307,416,975),(57,'Open-architected scalable hub','2020-02-08','2021-03-29',231,59,885),(58,'Operative demand-driven hub','2021-02-25','2021-01-14',274,312,393),(59,'Face to face content-based support','2020-06-11','2021-04-20',357,377,605),(60,'Future-proofed needs-based local area network','2021-05-02','2020-09-29',487,346,68),(61,'Function-based well-modulated methodology','2021-04-29','2020-06-01',341,326,694),(62,'Integrated content-based model','2021-02-09','2020-02-24',165,157,112),(63,'Monitored modular success','2021-02-07','2021-01-13',196,362,591),(64,'Adaptive interactive focus group','2021-02-20','2021-02-02',380,401,359),(65,'Enterprise-wide bi-directional productivity','2020-06-13','2020-05-22',428,148,461),(66,'Ameliorated background customer loyalty','2021-09-08','2020-11-11',486,28,266),(68,'Down-sized value-added website','2020-03-06','2021-09-29',471,287,183),(70,'Managed bandwidth-monitored project','2021-08-05','2020-03-03',79,1,120),(71,'Adaptive multi-tasking open system','2021-05-29','2021-07-16',439,71,395),(72,'Balanced stable hierarchy','2020-05-31','2020-10-23',123,124,955),(73,'Seamless coherent functionalities','2020-01-12','2021-09-23',366,307,305),(74,'Ergonomic discrete local area network','2020-12-11','2021-06-21',413,252,83),(75,'Enhanced didactic support','2021-02-20','2021-09-14',206,248,46),(76,'Progressive mobile flexibility','2021-02-07','2021-11-08',99,252,404),(77,'Triple-buffered heuristic encryption','2020-08-08','2020-07-29',338,392,722),(78,'Multi-channelled hybrid data-warehouse','2020-02-02','2020-09-15',423,25,993),(79,'Grass-roots bifurcated throughput','2020-01-25','2021-10-20',230,201,34),(80,'Re-engineered client-server orchestration','2020-08-14','2020-07-29',137,182,224),(81,'Implemented fault-tolerant adapter','2020-10-05','2021-03-27',474,168,101),(82,'Re-contextualized discrete methodology','2020-06-06','2021-02-26',342,469,456),(83,'Reduced dedicated algorithm','2021-01-13','2021-11-08',92,19,298),(84,'Configurable explicit challenge','2020-01-21','2020-03-12',25,457,466),(85,'Cloned upward-trending model','2021-03-04','2021-01-25',61,74,266),(86,'Grass-roots methodical projection','2020-06-22','2021-05-12',362,341,176),(87,'Robust systemic middleware','2021-06-10','2021-10-16',312,477,189),(89,'Switchable executive instruction set','2021-11-08','2021-06-13',401,335,22),(90,'Sharable eco-centric productivity','2020-07-03','2020-05-25',418,61,107),(91,'Synergized tangible collaboration','2020-03-02','2021-03-01',399,495,518),(92,'Grass-roots even-keeled contingency','2020-10-31','2020-03-27',308,398,302),(93,'Multi-lateral content-based instruction set','2020-08-07','2020-10-09',270,108,31),(94,'Centralized well-modulated approach','2020-07-13','2020-06-25',251,167,54),(95,'Secured 3rd generation alliance','2020-03-12','2021-02-20',267,231,448),(96,'Reactive static framework','2020-09-29','2021-06-29',461,217,932),(97,'Upgradable clear-thinking matrices','2021-05-17','2021-01-11',139,388,28),(98,'Face to face systematic architecture','2021-04-01','2020-09-14',94,479,553),(99,'Intuitive even-keeled monitoring','2021-09-18','2021-11-04',393,9,369),(100,'Programmable system-worthy alliance','2021-03-13','2020-07-19',350,309,20),(101,'Integrated zero administration help-desk','2020-06-23','2021-02-07',425,195,660),(102,'Grass-roots maximized installation','2020-09-24','2021-08-30',113,196,166),(103,'Programmable multimedia alliance','2020-02-09','2020-08-15',73,301,446),(104,'Pre-emptive discrete throughput','2020-10-05','2021-01-09',246,454,57),(105,'Ameliorated intangible product','2021-05-21','2020-08-29',465,162,862),(106,'Realigned intangible synergy','2020-06-21','2020-06-01',56,492,585),(107,'Public-key explicit open architecture','2021-09-07','2020-06-05',391,153,174),(108,'Optimized cohesive concept','2020-04-27','2021-06-22',123,346,203),(109,'Customer-focused multimedia analyzer','2020-11-07','2020-06-29',76,459,401),(110,'Digitized intangible time-frame','2020-08-09','2020-08-07',450,264,150),(111,'Seamless maximized model','2021-08-13','2021-06-07',410,115,140),(112,'Reverse-engineered full-range parallelism','2020-08-16','2020-05-07',226,217,121),(114,'Assimilated 24/7 moratorium','2020-05-25','2021-03-11',270,435,366),(115,'Cross-platform high-level firmware','2020-08-18','2021-09-15',453,186,147),(116,'Horizontal cohesive policy','2020-07-17','2020-05-23',142,67,326),(117,'Upgradable content-based concept','2021-09-17','2021-06-22',108,259,917),(118,'Down-sized motivating benchmark','2020-06-19','2021-05-02',247,98,352),(119,'Exclusive dedicated groupware','2020-01-09','2020-04-21',250,5,59),(120,'Pre-emptive web-enabled middleware','2021-01-22','2021-04-11',237,86,868),(121,'Synergistic explicit process improvement','2021-09-09','2020-11-22',9,404,756),(122,'Re-engineered asynchronous parallelism','2021-03-25','2020-06-08',360,55,947),(123,'Expanded empowering alliance','2021-08-28','2020-10-23',494,162,718),(124,'Implemented coherent knowledge user','2021-11-11','2020-03-13',412,382,154),(125,'Up-sized optimal infrastructure','2021-06-06','2021-06-13',493,153,767),(126,'Down-sized reciprocal data-warehouse','2020-01-19','2020-06-09',347,471,815),(127,'Customer-focused dynamic ability','2020-10-26','2021-02-17',443,287,736),(128,'Distributed holistic core','2020-05-29','2021-10-17',142,313,257),(129,'Operative fault-tolerant knowledge user','2021-01-09','2021-02-11',119,68,557),(130,'Multi-tiered grid-enabled customer loyalty','2021-02-09','2020-04-17',303,397,622),(131,'Self-enabling responsive focus group','2020-12-15','2020-09-19',155,121,750),(132,'Proactive bottom-line structure','2020-06-04','2020-11-17',160,6,941),(133,'Reduced well-modulated framework','2021-06-02','2020-05-31',265,82,499),(134,'Reverse-engineered attitude-oriented strategy','2020-06-13','2021-05-01',65,314,386),(135,'Cloned 4th generation instruction set','2021-07-20','2020-08-13',192,416,940),(136,'Optimized zero administration standardization','2021-11-02','2021-04-08',474,366,710),(137,'Synchronised disintermediate task-force','2020-02-21','2021-09-20',482,299,169),(138,'Decentralized 3rd generation productivity','2021-08-05','2020-06-13',447,271,810),(139,'Centralized cohesive implementation','2020-04-15','2020-09-19',433,365,676),(140,'Down-sized multi-tasking implementation','2020-02-09','2021-09-26',45,92,123),(141,'Compatible scalable productivity','2021-05-31','2021-10-27',355,136,38),(142,'Digitized grid-enabled ability','2021-06-07','2020-03-20',461,66,160),(144,'Reduced 6th generation emulation','2021-06-27','2020-09-01',473,74,391),(145,'Adaptive intangible pricing structure','2021-11-03','2021-06-13',320,148,594),(146,'Customer-focused 24 hour monitoring','2021-10-08','2020-03-20',120,177,198),(147,'Public-key high-level knowledge base','2021-02-27','2021-08-26',426,294,305),(148,'Centralized local artificial intelligence','2020-06-19','2021-04-12',147,184,571),(149,'Multi-tiered mission-critical frame','2021-09-19','2021-08-19',116,255,564),(150,'Automated holistic implementation','2020-10-08','2021-03-29',273,214,707),(151,'Multi-lateral web-enabled paradigm','2021-05-19','2021-09-08',160,186,906),(152,'Networked 5th generation moderator','2021-10-02','2021-03-24',136,261,702),(153,'Streamlined high-level internet solution','2021-08-21','2021-06-16',69,273,88),(154,'Reduced regional frame','2021-06-20','2021-05-27',190,84,476),(155,'Down-sized cohesive product','2020-10-09','2020-05-25',478,201,71),(156,'Cloned client-driven ability','2021-02-04','2021-07-01',497,117,977),(157,'Streamlined cohesive model','2020-12-27','2021-06-30',66,234,498),(158,'Self-enabling responsive definition','2020-02-02','2021-07-06',325,43,261),(159,'Virtual context-sensitive help-desk','2021-05-14','2021-08-20',483,167,702),(160,'Adaptive multimedia definition','2020-06-05','2021-04-16',119,8,534),(161,'Ergonomic optimal parallelism','2020-02-27','2020-12-16',158,82,177),(162,'Reverse-engineered secondary implementation','2020-09-05','2020-07-09',475,377,69),(163,'Implemented multi-state methodology','2020-07-12','2020-10-05',382,308,524),(164,'Pre-emptive eco-centric attitude','2020-01-26','2021-05-21',179,13,866),(165,'Profit-focused directional functionalities','2020-04-13','2021-01-30',463,165,248),(166,'Front-line zero defect framework','2021-03-21','2020-12-17',26,68,495),(167,'Customer-focused systemic circuit','2020-03-17','2021-04-26',200,18,413),(168,'Re-engineered reciprocal concept','2020-04-26','2020-04-30',265,434,951),(169,'Optional regional function','2020-10-16','2020-06-16',86,398,537),(170,'Customer-focused solution-oriented concept','2020-11-01','2021-09-21',160,35,908),(171,'Switchable radical paradigm','2021-05-01','2021-05-20',346,117,534),(172,'Public-key multimedia contingency','2020-01-30','2021-10-07',133,286,137),(173,'Centralized scalable ability','2020-11-05','2021-02-07',199,460,443),(174,'Universal systematic success','2020-05-09','2020-11-09',470,83,241),(175,'Balanced empowering capacity','2020-11-07','2020-03-18',297,126,198),(176,'Enterprise-wide modular emulation','2021-11-09','2020-07-22',5,128,615),(177,'Face to face composite protocol','2020-05-13','2021-01-27',50,161,82),(178,'Intuitive tangible migration','2020-08-25','2021-08-23',296,184,313),(179,'Open-architected value-added infrastructure','2020-01-23','2021-09-02',175,222,812),(180,'Innovative systematic attitude','2021-09-27','2021-07-28',279,459,213),(181,'Persistent empowering process improvement','2021-01-17','2021-04-20',80,407,758),(182,'Digitized transitional application','2021-09-17','2021-10-24',392,5,747),(183,'Automated interactive middleware','2020-04-10','2021-04-24',55,461,553),(184,'Face to face analyzing orchestration','2020-04-06','2020-07-03',4,353,715),(185,'Progressive content-based moratorium','2020-06-09','2020-04-18',18,462,965),(186,'Open-architected encompassing circuit','2020-05-21','2021-07-05',96,52,438),(187,'Managed interactive hub','2020-01-28','2021-09-04',160,483,18),(188,'Profit-focused leading edge concept','2021-02-20','2021-11-04',97,135,793),(189,'Self-enabling tangible analyzer','2020-12-12','2020-06-09',86,368,273),(190,'Mandatory value-added infrastructure','2020-11-26','2021-10-09',396,403,512),(191,'Realigned multi-tasking utilisation','2020-12-13','2021-04-01',361,354,614),(192,'Decentralized bi-directional framework','2021-10-31','2021-06-08',423,70,526),(193,'Automated full-range matrices','2020-04-16','2021-10-25',288,165,630),(194,'Assimilated client-driven hardware','2021-02-12','2020-06-07',101,304,554),(195,'Self-enabling full-range initiative','2021-07-23','2021-01-13',428,350,483),(196,'Realigned modular benchmark','2021-05-02','2020-06-06',119,327,654),(197,'Profit-focused fault-tolerant infrastructure','2020-02-12','2020-07-26',152,390,838),(198,'Enterprise-wide coherent capability','2020-07-21','2020-09-07',120,183,342),(199,'Mandatory client-server analyzer','2020-09-08','2020-02-21',100,236,617),(200,'Cloned 5th generation implementation','2021-06-28','2020-07-13',392,2,992),(201,'Fully-configurable tertiary flexibility','2020-06-28','2021-11-01',416,422,348),(202,'Robust systemic archive','2020-11-03','2021-10-13',136,123,114),(203,'Front-line zero administration alliance','2021-07-13','2021-04-24',153,371,283),(204,'Innovative regional process improvement','2021-01-03','2020-12-08',19,154,81),(205,'Open-architected even-keeled encoding','2020-06-21','2021-10-28',370,141,258),(206,'Open-architected composite circuit','2021-07-01','2020-08-24',238,82,357),(207,'Intuitive intangible array','2020-10-13','2020-05-21',164,289,842),(208,'Object-based context-sensitive interface','2020-08-09','2021-07-11',40,353,93),(209,'Horizontal context-sensitive flexibility','2020-10-29','2020-04-04',279,55,200),(210,'Ergonomic global framework','2020-11-24','2020-10-03',315,3,669),(211,'User-centric foreground model','2021-01-06','2021-04-10',381,490,137),(212,'Right-sized contextually-based collaboration','2021-04-20','2020-06-06',253,139,937),(213,'Open-source impactful attitude','2020-08-01','2020-04-10',461,490,54),(214,'Adaptive real-time budgetary management','2020-03-03','2021-10-30',119,195,283),(215,'User-friendly neutral service-desk','2020-03-27','2021-05-20',406,260,493),(216,'Organic leading edge budgetary management','2020-03-31','2020-09-01',460,451,660),(217,'Optional multimedia Graphical User Interface','2021-03-09','2021-01-16',95,95,837),(218,'Grass-roots leading edge system engine','2020-04-09','2020-11-10',198,125,298),(219,'Pre-emptive neutral success','2021-08-03','2021-09-15',485,264,336),(220,'Enterprise-wide optimal application','2021-05-04','2021-01-24',336,250,482),(221,'Customer-focused uniform product','2020-05-18','2021-04-26',359,97,347),(222,'Multi-layered system-worthy workforce','2021-08-15','2020-10-22',449,266,739),(223,'Secured high-level secured line','2020-09-04','2020-08-14',312,317,830),(224,'Vision-oriented dedicated service-desk','2021-04-12','2021-05-16',375,293,517),(225,'Cross-group tertiary superstructure','2020-03-13','2020-11-07',459,486,280),(226,'Organized incremental core','2021-01-16','2020-08-24',260,478,163),(227,'Proactive local Graphic Interface','2020-12-06','2020-02-17',9,73,735),(228,'Adaptive contextually-based application','2021-03-04','2021-01-09',235,123,740),(229,'Optimized heuristic leverage','2021-04-09','2020-07-23',288,380,620),(230,'Down-sized exuding product','2020-11-06','2020-05-23',174,112,32),(231,'Decentralized zero tolerance encoding','2021-01-03','2021-10-05',216,197,618),(232,'Right-sized radical firmware','2021-11-07','2020-04-12',137,378,701),(234,'Profit-focused even-keeled data-warehouse','2020-01-11','2020-08-21',47,355,475),(235,'Managed next generation infrastructure','2020-03-24','2020-10-26',19,92,793),(236,'Fully-configurable impactful hierarchy','2020-07-29','2020-08-31',432,364,414),(237,'Diverse bottom-line methodology','2020-02-06','2020-09-10',214,124,73),(238,'Networked cohesive middleware','2021-01-11','2020-07-19',51,89,156),(239,'Inverse maximized installation','2021-04-08','2020-09-14',392,279,827),(240,'Public-key didactic Graphical User Interface','2021-06-21','2021-09-19',178,458,795),(241,'Open-architected 4th generation capacity','2020-11-03','2021-08-09',225,7,34),(242,'Fully-configurable upward-trending database','2021-06-12','2020-07-18',198,144,490),(243,'Universal user-facing alliance','2021-01-06','2021-08-26',186,428,155),(244,'Persevering didactic benchmark','2021-04-27','2021-05-09',370,375,724),(245,'Compatible system-worthy software','2020-02-17','2020-09-17',299,454,514),(246,'Public-key contextually-based solution','2021-01-01','2020-07-19',311,468,893),(247,'Secured mission-critical encoding','2021-04-04','2021-08-13',409,290,114),(248,'Upgradable tertiary project','2021-02-02','2021-05-30',471,335,366),(249,'Re-contextualized asymmetric database','2020-01-15','2020-07-26',452,75,997),(250,'Centralized neutral open system','2020-01-17','2020-12-20',10,420,567),(251,'Extended analyzing collaboration','2020-07-27','2020-10-28',85,167,998),(252,'Advanced upward-trending customer loyalty','2020-04-30','2021-04-30',389,392,362),(253,'Compatible solution-oriented emulation','2020-06-23','2021-10-13',183,301,174),(254,'Triple-buffered client-driven encryption','2020-09-05','2021-02-07',360,384,998),(255,'Multi-layered analyzing complexity','2020-03-18','2020-03-23',245,335,706),(256,'Progressive optimizing collaboration','2021-10-04','2020-12-19',158,283,587),(257,'Profit-focused composite database','2020-10-27','2021-07-21',150,287,632),(258,'Expanded reciprocal core','2020-06-18','2021-02-23',386,315,570),(259,'Reverse-engineered heuristic product','2021-05-22','2021-08-22',163,256,714),(260,'Organic zero defect superstructure','2020-12-31','2020-06-03',69,43,16),(261,'Distributed scalable groupware','2021-04-04','2020-06-20',239,314,634),(262,'Optimized neutral solution','2020-04-07','2021-08-15',416,160,651),(263,'Re-contextualized clear-thinking time-frame','2021-09-11','2021-03-22',160,252,547),(264,'Universal global knowledge user','2020-04-25','2021-06-05',83,252,581),(265,'Focused neutral secured line','2021-01-13','2021-04-30',64,475,999),(266,'Face to face zero tolerance standardization','2021-07-03','2021-03-13',349,352,585),(267,'Realigned asymmetric complexity','2021-09-19','2021-05-09',285,261,347),(268,'Diverse directional function','2020-02-22','2021-02-04',140,496,133),(269,'Synchronised 5th generation knowledge base','2021-02-07','2020-11-28',141,482,165),(270,'Digitized multi-tasking moderator','2020-11-26','2021-07-09',240,82,942),(271,'Persistent reciprocal benchmark','2020-07-13','2020-03-05',476,223,133),(272,'Phased disintermediate challenge','2020-10-28','2020-06-18',379,435,624),(273,'Reduced 3rd generation application','2021-01-19','2021-03-03',119,461,805),(274,'Re-contextualized coherent customer loyalty','2021-02-04','2021-11-02',402,21,369),(275,'Reactive bi-directional open system','2021-03-24','2021-10-07',216,270,88),(276,'Synergized non-volatile contingency','2021-02-26','2021-10-31',139,92,159),(277,'Optional solution-oriented frame','2020-09-26','2021-09-10',117,37,129),(278,'Cloned radical benchmark','2020-09-21','2021-03-04',148,489,293),(279,'Pre-emptive zero administration moderator','2021-01-08','2020-05-07',32,210,938),(280,'Synchronised interactive standardization','2020-06-02','2020-06-13',360,369,19),(281,'Advanced tangible throughput','2020-03-23','2021-08-10',256,109,309),(282,'Mandatory multimedia complexity','2020-12-01','2021-01-14',233,435,197),(283,'Expanded local info-mediaries','2021-05-24','2020-06-19',1,105,292),(284,'Upgradable 6th generation hardware','2020-07-23','2021-02-12',189,154,3),(285,'Fully-configurable value-added migration','2020-07-06','2020-08-27',2,412,721),(286,'Reverse-engineered value-added structure','2020-07-31','2021-04-27',248,476,99),(287,'Progressive zero tolerance firmware','2020-01-21','2021-10-13',35,57,557),(288,'Ergonomic holistic application','2020-10-31','2021-06-28',275,209,778),(289,'Profit-focused static conglomeration','2021-09-30','2021-03-14',75,164,675),(290,'Grass-roots optimizing capacity','2020-11-26','2021-06-12',361,105,501),(291,'Cloned high-level website','2020-11-10','2020-08-04',398,131,737),(292,'Synchronised multimedia contingency','2020-04-04','2021-08-08',305,447,516),(293,'Ergonomic asymmetric model','2020-03-14','2021-04-02',270,130,321),(294,'Stand-alone regional synergy','2020-11-03','2020-02-20',27,446,1),(295,'Innovative 4th generation throughput','2020-09-05','2021-08-04',376,115,98),(296,'Innovative 4th generation contingency','2021-10-07','2021-07-07',188,181,192),(297,'Function-based empowering superstructure','2021-09-28','2020-03-16',183,394,518),(298,'Team-oriented fault-tolerant firmware','2021-09-15','2021-10-25',289,483,593),(299,'Automated value-added throughput','2021-01-30','2020-04-14',453,368,968),(300,'Organic foreground hardware','2020-06-22','2021-07-18',33,91,304),(301,'Virtual bottom-line process improvement','2020-02-27','2021-11-03',113,114,733),(302,'Optional disintermediate functionalities','2020-12-24','2020-11-10',349,151,204),(303,'Phased methodical moratorium','2020-07-02','2020-05-30',481,190,146),(304,'Ameliorated value-added infrastructure','2020-02-22','2020-04-25',207,223,449),(305,'Quality-focused uniform system engine','2020-03-08','2020-02-11',479,455,413),(306,'Future-proofed analyzing challenge','2020-03-15','2021-09-29',85,113,771),(307,'Cross-group scalable extranet','2020-10-23','2020-03-01',203,5,580),(308,'Right-sized multi-tasking concept','2021-04-12','2021-07-31',58,158,472),(309,'Assimilated coherent benchmark','2020-04-27','2021-05-30',25,432,890),(310,'Virtual exuding core','2020-06-10','2021-09-02',294,314,865),(311,'Ameliorated 24/7 info-mediaries','2020-09-28','2021-02-28',500,223,655),(312,'Proactive encompassing attitude','2021-04-14','2021-07-15',218,143,343),(313,'Profit-focused methodical moderator','2021-08-06','2020-10-23',390,151,759),(314,'Operative user-facing database','2021-05-07','2021-02-05',423,427,492),(315,'Multi-layered coherent circuit','2021-04-04','2020-06-06',327,469,916),(316,'Right-sized maximized artificial intelligence','2020-06-03','2020-11-20',349,453,853),(317,'Synergistic multimedia attitude','2021-05-15','2021-09-11',90,107,829),(318,'Synergistic empowering access','2020-08-16','2020-05-23',183,166,778),(319,'Seamless actuating process improvement','2021-07-04','2021-09-15',218,418,883),(320,'Switchable well-modulated software','2021-08-02','2020-04-06',366,33,519),(321,'Organic client-server neural-net','2021-03-03','2020-11-27',205,294,479),(322,'Profit-focused optimal architecture','2020-08-14','2021-05-06',43,123,878),(323,'Sharable neutral model','2020-01-14','2020-05-12',470,309,401),(324,'Future-proofed stable success','2020-09-02','2020-05-07',397,288,236),(326,'Integrated motivating installation','2021-02-12','2020-07-24',196,497,374),(327,'Monitored high-level structure','2020-09-08','2021-07-29',123,450,305),(328,'Focused homogeneous internet solution','2020-11-02','2020-03-12',458,326,458),(329,'Quality-focused bandwidth-monitored firmware','2021-02-11','2021-04-13',256,425,12),(330,'Fundamental impactful neural-net','2021-02-25','2020-04-13',491,367,458),(331,'Right-sized fault-tolerant encryption','2021-07-14','2021-08-08',469,240,812),(332,'Assimilated executive function','2021-02-12','2021-03-07',53,481,279),(333,'Secured system-worthy initiative','2020-09-25','2020-06-15',123,410,679),(334,'Automated tertiary functionalities','2021-11-01','2020-05-19',232,482,435),(335,'Monitored multi-state functionalities','2021-05-05','2020-11-23',431,142,748),(336,'Optimized bottom-line solution','2020-12-20','2021-06-27',366,439,85),(337,'Face to face well-modulated alliance','2021-03-08','2020-03-05',284,75,23),(338,'Diverse secondary orchestration','2021-10-17','2020-06-22',20,387,390),(339,'Integrated bi-directional contingency','2021-08-13','2020-02-26',180,316,191),(340,'Function-based coherent collaboration','2021-04-30','2020-10-11',161,79,163),(341,'Re-engineered analyzing application','2020-06-10','2020-04-17',122,342,983),(342,'Face to face disintermediate core','2020-05-30','2021-07-27',19,231,424),(343,'De-engineered needs-based task-force','2021-03-27','2020-12-12',28,34,3),(344,'Versatile zero tolerance local area network','2020-12-29','2020-11-14',498,36,8),(345,'Distributed bifurcated task-force','2020-11-17','2020-03-31',125,493,638),(346,'Grass-roots local portal','2020-10-01','2020-07-30',160,171,559),(347,'Cloned tertiary service-desk','2020-03-28','2020-11-06',195,44,449),(348,'Profound incremental success','2021-06-15','2021-08-21',139,58,815),(349,'Triple-buffered empowering time-frame','2020-05-28','2021-01-01',116,145,694),(350,'Open-source impactful knowledge user','2021-10-09','2020-08-23',287,64,300),(351,'Centralized maximized analyzer','2021-06-13','2020-06-02',373,52,905),(352,'Object-based leading edge flexibility','2020-06-03','2021-04-02',299,42,541),(353,'Up-sized analyzing moratorium','2020-05-11','2021-11-05',153,9,112),(354,'Synchronised logistical migration','2020-12-28','2020-09-17',82,32,690),(355,'Triple-buffered non-volatile functionalities','2020-11-15','2020-02-18',398,30,829),(356,'Triple-buffered bi-directional ability','2020-06-06','2020-12-14',371,312,334),(357,'Profit-focused solution-oriented hub','2020-03-09','2020-12-12',333,154,675),(358,'Enhanced methodical matrix','2020-04-15','2021-08-08',244,262,398),(359,'Realigned high-level productivity','2020-12-12','2021-05-02',420,302,359),(360,'Organized system-worthy process improvement','2020-01-08','2021-03-19',357,124,494),(361,'Focused scalable capacity','2020-06-12','2020-05-21',160,477,600),(362,'Networked grid-enabled software','2020-12-11','2021-10-19',51,167,413),(363,'Reduced interactive ability','2021-06-17','2021-06-16',199,117,632),(364,'Re-contextualized system-worthy matrices','2020-11-01','2020-08-16',454,480,878),(365,'Pre-emptive empowering support','2021-10-20','2020-09-04',206,313,340),(366,'Optional maximized matrices','2020-08-22','2021-01-02',67,339,870),(367,'Expanded multi-state framework','2020-12-29','2021-10-27',58,208,743),(368,'Customizable 6th generation analyzer','2020-03-12','2021-05-03',293,20,9),(369,'De-engineered intangible hardware','2020-01-18','2021-04-30',416,51,668),(370,'Advanced radical algorithm','2021-06-01','2021-04-14',470,29,848),(371,'Proactive user-facing encryption','2020-09-06','2020-03-07',307,423,587),(372,'Business-focused grid-enabled adapter','2020-03-09','2020-05-11',418,245,564),(373,'Extended disintermediate matrix','2020-07-21','2020-06-02',168,372,204),(374,'Right-sized composite collaboration','2021-02-14','2020-08-26',396,365,750),(375,'Right-sized multi-state product','2020-05-15','2021-03-25',390,430,401),(376,'Business-focused foreground paradigm','2021-03-03','2020-07-24',206,471,465),(377,'Integrated background support','2021-06-09','2020-03-22',367,312,26),(379,'Persistent non-volatile intranet','2021-08-12','2021-10-27',282,250,579),(380,'Automated tertiary process improvement','2020-03-08','2021-04-24',391,247,810),(381,'User-centric solution-oriented support','2021-08-18','2020-12-14',167,367,126),(382,'Right-sized eco-centric product','2021-07-23','2021-03-02',58,46,545),(384,'Networked static initiative','2020-08-01','2021-10-11',291,340,857),(385,'Advanced dedicated attitude','2020-05-20','2020-07-18',9,449,975),(386,'Multi-channelled exuding alliance','2020-02-19','2020-04-16',53,50,3),(387,'Fully-configurable regional ability','2021-02-03','2021-06-14',491,93,820),(388,'Ergonomic coherent challenge','2020-10-05','2020-04-21',109,216,603),(389,'Operative disintermediate infrastructure','2020-08-16','2021-01-03',257,189,467),(390,'Business-focused client-server knowledge base','2020-06-03','2021-01-28',356,85,202),(391,'Organic fresh-thinking neural-net','2020-03-12','2021-06-03',240,74,305),(392,'Future-proofed holistic definition','2021-09-29','2021-04-14',159,148,630),(393,'Optimized even-keeled data-warehouse','2020-03-22','2020-07-12',139,24,672),(394,'Extended system-worthy framework','2020-07-24','2020-06-19',139,18,190),(395,'Extended zero tolerance algorithm','2020-09-22','2020-04-14',76,396,599),(396,'Function-based 6th generation array','2020-03-01','2020-11-03',441,337,396),(397,'Organized background utilisation','2020-09-21','2021-02-19',391,80,925),(398,'Re-engineered logistical collaboration','2021-04-27','2020-10-10',188,396,789),(399,'Pre-emptive bottom-line archive','2020-10-10','2020-07-19',325,280,706),(400,'Profound composite instruction set','2021-02-13','2021-04-14',62,372,595),(401,'Managed uniform focus group','2020-08-17','2020-07-07',302,111,707),(402,'Devolved system-worthy analyzer','2020-09-16','2021-03-08',487,115,359),(403,'Cross-platform radical interface','2020-12-03','2020-03-07',261,339,467),(404,'Organized contextually-based open system','2020-07-14','2020-10-12',172,332,848),(405,'Adaptive actuating customer loyalty','2021-08-27','2021-07-09',340,391,63),(406,'Re-contextualized scalable solution','2021-02-17','2020-09-05',435,321,656),(407,'Grass-roots scalable service-desk','2020-04-26','2021-02-05',86,132,132),(409,'Universal multi-tasking extranet','2021-10-20','2020-12-07',48,113,81),(410,'Universal human-resource collaboration','2020-01-11','2020-06-11',259,187,799),(411,'Organic executive circuit','2020-09-20','2021-03-19',311,308,872),(412,'Polarised multi-tasking functionalities','2021-01-23','2020-05-24',201,143,184),(413,'Digitized uniform toolset','2021-05-28','2020-02-15',314,460,685),(414,'Persevering 3rd generation projection','2021-06-07','2020-03-05',123,207,122),(415,'User-centric mission-critical archive','2021-05-19','2021-05-04',358,3,405),(416,'Integrated incremental process improvement','2020-07-06','2021-01-01',171,102,363),(417,'Seamless zero administration synergy','2021-05-29','2021-09-06',95,36,839),(418,'Monitored exuding artificial intelligence','2021-10-26','2021-09-11',408,1,918),(419,'Customizable multi-tasking model','2020-07-14','2020-03-21',234,434,603),(420,'Ergonomic motivating core','2021-04-14','2021-06-28',77,232,825),(421,'Quality-focused high-level protocol','2020-05-27','2021-05-02',425,64,80),(422,'Open-architected dedicated secured line','2020-08-03','2021-08-20',458,152,293),(423,'Optimized uniform projection','2021-01-03','2020-08-19',162,452,501),(424,'Mandatory bifurcated database','2021-07-14','2020-04-17',38,250,852),(425,'Front-line methodical capability','2020-08-31','2021-06-03',3,81,608),(426,'Balanced value-added knowledge user','2020-05-23','2021-07-31',197,116,32),(427,'Streamlined multimedia middleware','2021-09-27','2020-12-04',178,477,392),(429,'Programmable heuristic data-warehouse','2021-05-09','2020-12-06',31,379,671),(430,'Assimilated modular customer loyalty','2020-06-22','2021-09-20',167,437,441),(431,'Persevering asynchronous open system','2020-03-30','2021-09-16',428,421,470),(432,'Managed interactive leverage','2021-02-20','2021-10-16',451,406,927),(433,'Synergistic bifurcated migration','2020-11-11','2020-04-30',494,13,505),(434,'Self-enabling homogeneous superstructure','2020-06-28','2021-04-11',399,15,483),(435,'Reduced static synergy','2020-06-09','2020-09-21',460,492,886),(436,'Balanced even-keeled product','2020-04-02','2021-06-29',373,323,6),(437,'Enterprise-wide 4th generation policy','2021-07-31','2020-11-01',396,300,803),(438,'Phased high-level contingency','2020-02-04','2021-09-07',172,1,156),(439,'User-friendly real-time frame','2021-09-08','2020-07-30',332,357,566),(440,'Cross-platform heuristic service-desk','2020-05-08','2020-03-01',122,344,479),(441,'Public-key national extranet','2021-09-18','2021-01-14',212,499,113),(442,'Proactive multi-state portal','2021-05-01','2020-11-27',34,5,244),(444,'Up-sized contextually-based orchestration','2020-04-24','2020-10-02',473,205,115),(445,'Realigned secondary info-mediaries','2020-03-16','2020-09-19',412,416,272),(446,'Grass-roots stable collaboration','2020-12-23','2021-04-16',375,454,862),(447,'Multi-lateral fault-tolerant portal','2020-08-22','2020-05-10',222,262,243),(448,'Enterprise-wide executive framework','2020-05-04','2021-03-26',55,326,648),(450,'Vision-oriented maximized utilisation','2020-11-02','2021-07-12',160,198,249),(451,'Right-sized human-resource knowledge user','2020-06-28','2021-01-07',244,151,785),(452,'Programmable value-added firmware','2020-11-22','2020-03-16',462,123,980),(453,'Profit-focused static internet solution','2020-11-08','2020-09-23',424,277,645),(454,'Devolved contextually-based knowledge user','2021-03-03','2021-08-06',271,351,680),(455,'Synchronised heuristic flexibility','2020-05-03','2021-03-14',156,209,37),(456,'Diverse 24 hour secured line','2020-06-12','2020-07-18',215,115,881),(457,'Optional asymmetric forecast','2020-08-13','2021-07-27',452,99,998),(458,'Multi-layered needs-based standardization','2020-02-10','2020-11-14',231,12,577),(459,'Digitized contextually-based core','2021-05-29','2021-09-02',107,109,412),(460,'Seamless eco-centric standardization','2021-07-20','2021-04-27',64,249,532),(461,'Adaptive context-sensitive circuit','2021-08-09','2020-03-13',179,358,866),(462,'Focused context-sensitive protocol','2020-01-10','2020-03-23',71,38,438),(463,'Inverse multi-tasking system engine','2020-01-11','2020-05-13',206,387,178),(464,'Persevering system-worthy matrices','2021-02-08','2021-08-21',20,20,754),(465,'Operative leading edge internet solution','2020-09-02','2021-01-17',480,243,256),(466,'Stand-alone dynamic emulation','2021-09-22','2020-11-07',387,133,957),(467,'Focused multimedia toolset','2021-04-03','2020-12-29',215,105,631),(468,'Re-engineered holistic open architecture','2021-11-12','2021-01-14',109,246,369),(469,'Compatible bandwidth-monitored synergy','2021-01-24','2021-02-04',286,244,167),(470,'Expanded neutral model','2021-07-06','2021-09-20',6,140,846),(472,'Distributed logistical complexity','2020-05-22','2021-10-29',215,366,709),(473,'Ameliorated composite system engine','2021-05-17','2021-07-06',210,44,533),(474,'Self-enabling hybrid hub','2020-11-02','2021-05-13',17,321,641),(475,'Open-source clear-thinking flexibility','2020-01-17','2020-05-01',144,192,798),(476,'Configurable directional array','2020-04-05','2021-01-11',498,465,711),(477,'Business-focused responsive pricing structure','2020-11-26','2020-10-17',283,181,468),(478,'Sharable bandwidth-monitored implementation','2020-05-20','2020-05-24',291,468,215),(479,'Right-sized bottom-line success','2020-08-03','2021-10-17',201,310,62),(480,'Universal bottom-line projection','2020-01-14','2020-10-31',434,171,434),(481,'Digitized transitional protocol','2021-10-25','2021-07-02',444,466,261),(482,'Innovative methodical system engine','2021-06-27','2020-08-26',493,27,611),(483,'Proactive leading edge matrices','2020-03-28','2020-08-04',32,99,747),(484,'Quality-focused directional collaboration','2020-08-12','2020-11-03',2,253,142),(485,'Optional cohesive Graphic Interface','2020-12-10','2020-08-22',317,66,908),(486,'Fundamental 6th generation groupware','2020-08-26','2021-01-31',152,336,887),(487,'Synergized foreground data-warehouse','2020-10-06','2021-03-07',84,165,364),(488,'Phased upward-trending focus group','2021-05-25','2020-03-04',221,470,610),(489,'Extended national paradigm','2020-02-26','2021-01-03',235,162,953),(490,'Progressive executive installation','2020-12-28','2021-08-26',296,385,862),(491,'Synergized systematic definition','2020-11-01','2021-02-05',327,496,248),(492,'Integrated grid-enabled policy','2021-02-02','2020-04-10',495,150,601),(493,'Proactive homogeneous archive','2020-06-13','2020-03-18',463,164,199),(494,'Streamlined real-time software','2020-03-31','2021-10-09',298,385,899),(495,'Multi-layered solution-oriented product','2020-08-12','2020-12-14',343,14,704),(496,'Reduced heuristic Graphical User Interface','2021-05-08','2020-12-25',13,94,7),(497,'Optional grid-enabled hub','2020-08-30','2020-05-06',403,479,608),(498,'Down-sized tertiary policy','2020-10-14','2021-03-10',191,204,496),(499,'Phased human-resource service-desk','2020-08-28','2021-09-02',481,366,418),(500,'Multi-layered methodical approach','2021-02-05','2021-08-13',380,284,198),(501,'Compatible national project','2021-02-25','2021-07-17',357,88,534),(502,'Networked transitional array','2020-07-07','2020-02-17',395,403,322),(503,'Triple-buffered client-driven help-desk','2020-04-20','2020-03-08',210,460,143),(505,'Ameliorated 24/7 pricing structure','2020-08-18','2021-07-25',288,263,641),(506,'Multi-channelled national archive','2021-04-18','2021-05-28',42,485,722),(507,'Open-architected systematic neural-net','2021-06-21','2020-06-30',272,90,208),(508,'Robust logistical concept','2021-07-28','2021-10-22',69,207,40),(509,'Triple-buffered user-facing benchmark','2020-06-19','2021-08-05',175,395,399),(510,'Organic secondary parallelism','2021-01-02','2021-10-09',355,298,388),(511,'Down-sized holistic moderator','2020-05-25','2020-08-07',76,365,853),(512,'Reverse-engineered logistical matrix','2020-09-08','2021-08-22',248,472,234),(513,'Right-sized needs-based installation','2021-08-06','2021-07-06',438,491,197),(514,'Enhanced fault-tolerant open system','2021-04-13','2020-04-15',119,268,657),(515,'Focused human-resource solution','2020-09-07','2021-04-29',130,295,918),(516,'User-friendly bandwidth-monitored array','2020-10-25','2020-12-19',66,103,758),(517,'Monitored next generation local area network','2021-10-26','2020-11-17',164,493,312),(518,'Polarised context-sensitive projection','2020-09-12','2020-12-28',90,232,676),(519,'Virtual web-enabled Graphic Interface','2020-07-15','2021-01-15',123,382,529),(520,'Future-proofed optimal protocol','2021-09-25','2020-03-06',23,158,889),(521,'Optional executive success','2021-01-16','2021-07-25',364,345,209),(522,'Persistent client-driven utilisation','2021-01-04','2020-12-02',378,457,817),(523,'Customer-focused intangible solution','2021-09-09','2020-06-04',178,105,605),(524,'Integrated upward-trending capacity','2020-01-27','2020-07-27',214,425,958),(525,'Ergonomic explicit concept','2020-07-29','2021-08-31',88,296,855),(526,'Decentralized bi-directional info-mediaries','2021-06-10','2020-07-10',407,200,862),(527,'De-engineered human-resource product','2021-08-04','2021-08-01',223,488,243),(528,'Balanced high-level core','2020-07-08','2020-05-11',10,17,195),(529,'Reactive human-resource challenge','2021-08-18','2021-05-26',466,267,401),(530,'Right-sized even-keeled attitude','2021-11-04','2021-07-09',126,289,229),(531,'Multi-channelled hybrid knowledge user','2020-06-10','2020-10-19',329,398,276),(532,'Re-contextualized bi-directional adapter','2021-01-08','2021-05-16',297,278,151),(533,'Mandatory executive interface','2021-02-02','2021-06-12',62,432,110),(534,'Integrated next generation superstructure','2021-08-16','2020-05-25',118,221,695),(535,'Implemented empowering superstructure','2020-02-09','2020-03-22',406,222,44),(536,'Realigned homogeneous migration','2021-02-18','2021-08-05',17,90,30),(537,'Programmable demand-driven groupware','2020-12-31','2020-04-27',445,473,73),(538,'Reactive composite matrix','2021-11-11','2020-11-24',175,292,366),(539,'Fundamental encompassing benchmark','2021-05-04','2021-03-09',292,231,687),(540,'Re-engineered holistic implementation','2021-09-08','2020-08-31',170,248,476),(541,'Team-oriented logistical time-frame','2020-12-21','2021-10-20',396,399,249),(542,'Focused bandwidth-monitored policy','2020-11-30','2020-04-05',183,28,737),(543,'Mandatory discrete artificial intelligence','2021-04-21','2020-04-16',320,285,444),(544,'Front-line methodical attitude','2021-03-12','2021-03-20',363,98,277),(545,'Re-engineered system-worthy infrastructure','2020-06-14','2020-04-06',396,331,552),(546,'Triple-buffered user-facing function','2021-06-09','2021-01-12',109,120,822),(547,'Secured dynamic attitude','2021-09-03','2020-08-23',401,59,502),(548,'Up-sized motivating hub','2020-11-12','2021-04-12',136,333,430),(549,'Decentralized user-facing hub','2020-01-31','2020-12-27',489,217,391),(550,'Multi-layered client-server productivity','2021-03-25','2021-06-14',470,188,242),(551,'Balanced hybrid adapter','2021-04-11','2021-03-04',92,406,180),(552,'Implemented fresh-thinking throughput','2021-05-24','2021-11-02',459,217,124),(553,'Balanced national alliance','2020-05-08','2021-06-08',426,214,741),(554,'Cross-platform explicit complexity','2021-05-16','2021-03-05',255,482,587),(555,'Triple-buffered systematic interface','2020-04-12','2020-05-21',311,163,554),(557,'Re-contextualized client-driven capability','2020-11-15','2020-07-24',301,272,923),(558,'De-engineered heuristic instruction set','2020-06-26','2020-05-09',493,37,597),(559,'Future-proofed cohesive core','2021-03-03','2021-06-18',437,497,119),(560,'Switchable global knowledge user','2020-04-22','2020-09-14',439,257,582),(561,'Multi-lateral scalable definition','2021-07-04','2020-04-29',20,364,537),(562,'Versatile incremental customer loyalty','2020-03-12','2021-07-03',440,468,199),(563,'Versatile impactful challenge','2020-12-28','2020-06-14',472,496,339),(564,'Front-line 24 hour instruction set','2021-06-29','2021-07-18',196,256,414),(565,'Diverse uniform standardization','2021-04-16','2021-08-21',444,257,179),(566,'Team-oriented object-oriented service-desk','2021-08-04','2021-07-04',33,92,841),(567,'De-engineered client-server protocol','2020-04-13','2020-07-07',96,12,796),(569,'Robust encompassing challenge','2021-01-10','2021-07-09',167,77,131),(570,'Enterprise-wide motivating interface','2020-08-09','2021-02-19',76,213,260),(571,'Customer-focused value-added hierarchy','2020-12-06','2021-08-02',417,48,814),(572,'Versatile responsive groupware','2021-05-15','2021-03-18',408,73,615),(573,'Organic optimal circuit','2021-09-27','2021-06-16',135,54,154),(574,'Balanced asynchronous circuit','2020-07-10','2021-06-18',290,243,499),(575,'Multi-channelled multi-tasking utilisation','2020-10-03','2021-03-11',449,378,944),(576,'Inverse clear-thinking architecture','2020-06-23','2020-09-24',21,427,894),(577,'Visionary disintermediate forecast','2021-06-12','2020-03-07',116,275,847),(578,'Phased hybrid task-force','2020-04-06','2020-04-06',96,10,331),(579,'Multi-lateral radical projection','2020-12-01','2020-03-03',118,107,4),(580,'Multi-tiered interactive Graphic Interface','2021-03-30','2021-09-19',479,340,755),(581,'Business-focused 6th generation hardware','2020-03-28','2020-03-12',427,16,161),(582,'Quality-focused scalable functionalities','2021-11-08','2021-05-05',279,213,720),(583,'Future-proofed methodical database','2020-10-24','2020-03-20',108,454,997),(584,'Advanced client-driven concept','2020-03-07','2020-12-15',490,109,215),(585,'Enterprise-wide executive paradigm','2021-10-16','2020-08-09',420,407,102),(586,'Up-sized discrete internet solution','2020-06-03','2021-01-24',26,243,634),(587,'Managed coherent open system','2021-07-27','2020-08-16',154,190,277),(588,'Multi-channelled coherent definition','2020-05-19','2021-04-12',483,376,883),(590,'Robust background hardware','2020-01-12','2020-06-05',114,460,271),(591,'Stand-alone didactic standardization','2020-04-09','2020-06-04',440,198,396),(592,'Right-sized reciprocal definition','2020-03-20','2020-12-01',376,423,901),(593,'User-friendly asynchronous moratorium','2021-01-30','2020-04-08',459,104,966),(594,'Down-sized maximized moderator','2020-02-02','2021-08-20',125,337,594),(595,'Balanced 3rd generation paradigm','2020-10-22','2020-06-19',94,332,191),(596,'Advanced solution-oriented productivity','2020-11-15','2020-06-19',370,435,383),(597,'Function-based 3rd generation collaboration','2021-09-27','2021-08-09',492,208,660),(599,'Networked client-driven emulation','2021-07-23','2021-06-28',125,352,137),(600,'Enterprise-wide composite open system','2020-06-30','2021-02-23',284,50,761),(601,'Optional optimal knowledge user','2020-04-10','2020-09-03',233,432,324),(602,'Polarised zero administration success','2020-03-01','2021-07-26',248,248,460),(603,'Visionary human-resource adapter','2020-11-17','2020-03-10',269,202,95),(604,'Ameliorated local flexibility','2021-06-19','2021-06-02',484,472,465),(605,'Integrated cohesive pricing structure','2020-06-18','2021-07-16',328,467,426),(606,'Polarised optimal local area network','2020-05-01','2020-04-11',57,357,409),(607,'Open-architected asynchronous model','2020-02-28','2021-09-21',5,155,293),(608,'Managed asymmetric workforce','2021-05-21','2020-08-03',310,241,934),(609,'Universal holistic open system','2021-03-08','2020-02-29',370,250,691),(610,'Configurable uniform attitude','2020-05-07','2020-06-06',293,75,363),(611,'Function-based systematic open system','2020-12-22','2021-02-17',278,225,839),(612,'Seamless well-modulated support','2020-06-30','2020-04-19',335,256,555),(613,'Optional radical benchmark','2020-08-06','2021-09-16',248,46,29),(614,'Business-focused explicit help-desk','2021-04-07','2021-09-01',190,95,799),(615,'Upgradable scalable data-warehouse','2021-05-17','2021-05-09',121,322,266),(616,'Centralized object-oriented moderator','2020-10-20','2021-02-01',97,138,835),(617,'Persistent contextually-based hardware','2020-06-14','2020-06-19',486,5,967),(618,'Ameliorated bottom-line pricing structure','2020-12-16','2021-01-02',108,44,653),(619,'Fully-configurable secondary middleware','2021-08-26','2021-06-23',178,367,886),(620,'Fundamental static internet solution','2020-07-11','2021-05-15',349,60,7),(621,'Triple-buffered empowering open system','2020-06-28','2021-03-11',53,475,125),(622,'Multi-lateral 5th generation firmware','2021-09-12','2021-08-13',269,347,579),(623,'Focused coherent moderator','2021-02-24','2021-08-22',486,435,512),(624,'Multi-channelled discrete portal','2021-03-04','2021-06-11',153,127,704),(625,'Horizontal object-oriented core','2020-07-18','2021-06-03',461,151,490),(626,'Profit-focused 6th generation hierarchy','2021-03-09','2020-03-26',104,134,712),(627,'Inverse explicit archive','2020-07-31','2021-05-25',357,19,428),(628,'Stand-alone cohesive projection','2021-08-05','2020-11-18',85,462,816),(629,'Managed system-worthy instruction set','2021-02-05','2021-01-05',166,461,927),(630,'Vision-oriented demand-driven infrastructure','2020-10-14','2020-06-22',222,360,571),(631,'Configurable asynchronous internet solution','2020-07-17','2021-10-06',348,315,230),(632,'Programmable 6th generation extranet','2020-10-08','2020-11-14',309,61,440),(633,'Monitored intermediate matrices','2020-09-09','2021-06-23',384,381,768),(634,'Open-source background task-force','2021-01-01','2020-08-02',169,330,435),(635,'Programmable national help-desk','2020-12-11','2021-04-06',300,222,539),(636,'Open-source fault-tolerant firmware','2020-09-16','2020-10-04',27,482,326),(637,'Switchable systemic open system','2020-02-22','2021-09-12',249,251,469),(638,'Programmable multi-state process improvement','2020-05-24','2021-10-17',475,382,598),(639,'Down-sized systematic firmware','2020-10-22','2020-10-01',496,272,5),(640,'Grass-roots stable contingency','2020-12-08','2021-06-13',279,301,277),(641,'Inverse content-based collaboration','2020-05-20','2021-01-22',152,300,420),(642,'Synergistic 6th generation capability','2021-02-22','2021-09-04',222,43,506),(643,'Triple-buffered incremental open architecture','2021-11-08','2020-02-18',341,470,402),(644,'Business-focused motivating algorithm','2020-02-27','2020-12-13',369,94,31),(645,'Cross-group tertiary time-frame','2021-04-26','2020-04-08',399,427,58),(646,'Total well-modulated structure','2021-03-30','2021-07-24',369,180,144),(647,'Stand-alone systemic functionalities','2020-06-23','2021-04-14',359,5,296),(648,'Stand-alone executive encoding','2020-06-21','2020-06-19',162,282,200),(650,'Upgradable radical matrix','2021-04-02','2021-08-16',281,392,718),(651,'Persevering radical workforce','2020-07-03','2020-07-07',24,64,928),(652,'Open-source scalable open architecture','2021-04-17','2020-09-14',413,114,24),(653,'Phased directional archive','2020-09-01','2021-09-26',99,33,379),(654,'User-friendly content-based capability','2021-02-09','2020-09-30',328,129,189),(655,'Focused clear-thinking process improvement','2021-04-16','2020-05-21',369,321,703),(656,'Function-based exuding budgetary management','2021-08-16','2021-02-16',91,255,108),(657,'Vision-oriented content-based moderator','2020-03-31','2021-06-21',425,273,726),(658,'Stand-alone homogeneous adapter','2021-08-11','2020-08-21',39,22,358),(659,'Stand-alone demand-driven utilisation','2020-11-17','2021-05-25',135,263,6),(660,'Streamlined real-time framework','2021-06-15','2020-02-14',475,489,832),(661,'Devolved radical adapter','2020-01-08','2021-08-19',268,239,486),(662,'Cross-group multi-tasking model','2020-10-07','2020-04-14',93,5,684),(663,'Pre-emptive analyzing matrix','2021-09-23','2021-07-23',382,125,937),(664,'Expanded human-resource framework','2021-04-27','2021-10-23',111,343,685),(665,'Persevering impactful interface','2020-12-25','2020-12-26',120,221,142),(666,'Automated explicit complexity','2020-04-21','2021-09-15',310,15,803),(667,'Multi-tiered motivating alliance','2021-04-27','2020-04-09',241,16,770),(669,'Configurable full-range algorithm','2020-03-26','2021-09-02',154,5,733),(670,'Stand-alone 24/7 project','2020-02-26','2020-12-12',441,158,980),(671,'Intuitive full-range flexibility','2020-08-22','2020-09-06',308,111,459),(672,'Object-based 5th generation hierarchy','2021-10-08','2021-08-31',221,309,193),(673,'Vision-oriented 4th generation policy','2020-10-25','2020-10-28',479,129,140),(674,'Reverse-engineered regional circuit','2020-10-03','2020-09-29',78,396,836),(675,'Multi-channelled optimal capacity','2020-09-29','2021-06-22',424,162,699),(676,'Visionary tertiary throughput','2020-07-21','2020-09-01',238,188,972),(677,'Versatile eco-centric application','2020-03-10','2021-05-05',418,362,800),(678,'Focused homogeneous project','2021-09-27','2021-04-22',390,436,120),(679,'Universal impactful success','2020-01-26','2021-05-25',76,243,689),(680,'Synergistic asymmetric application','2020-02-14','2021-07-22',243,54,837),(681,'Fully-configurable composite array','2020-04-16','2021-07-22',258,465,504),(682,'Cross-group fresh-thinking ability','2020-08-04','2020-03-24',79,278,879),(683,'Reduced disintermediate installation','2021-02-26','2021-11-06',197,216,938),(684,'Upgradable impactful secured line','2020-05-31','2020-07-02',238,490,101),(685,'Reactive content-based complexity','2021-10-08','2020-11-26',493,268,777),(686,'Organic systemic structure','2021-06-08','2021-01-05',62,222,362),(687,'Re-contextualized logistical framework','2021-10-26','2020-02-12',464,364,967),(688,'Visionary optimizing algorithm','2020-08-09','2020-06-30',406,195,945),(689,'Multi-layered contextually-based core','2021-06-29','2021-08-28',130,350,469),(690,'Expanded contextually-based extranet','2021-06-04','2020-09-22',78,406,217),(691,'Multi-lateral 24 hour website','2020-06-17','2021-07-11',406,358,788),(692,'Decentralized incremental application','2020-04-08','2021-07-09',258,305,875),(693,'Cross-platform multimedia capacity','2021-08-30','2020-12-21',426,414,250),(694,'Expanded encompassing superstructure','2020-07-24','2021-04-17',294,406,291),(695,'De-engineered fault-tolerant concept','2020-10-20','2020-12-18',387,312,916),(696,'Enterprise-wide transitional initiative','2021-07-05','2020-09-01',127,205,707),(697,'Adaptive impactful encryption','2021-10-16','2020-10-10',59,378,823),(698,'Team-oriented methodical software','2020-10-05','2020-09-07',256,277,418),(699,'Reactive methodical access','2020-11-06','2021-01-20',492,112,150),(700,'Right-sized object-oriented product','2020-06-14','2020-08-16',86,108,510),(701,'Optimized zero administration flexibility','2021-05-05','2021-11-08',439,303,976),(702,'Optimized needs-based circuit','2020-07-30','2021-08-08',204,477,444),(703,'Extended upward-trending process improvement','2020-10-21','2020-05-24',233,196,331),(704,'Profound 3rd generation analyzer','2021-03-25','2020-03-09',321,353,458),(705,'Advanced didactic superstructure','2021-08-10','2020-04-25',118,227,855),(706,'Universal context-sensitive standardization','2021-10-25','2021-05-14',238,91,514),(707,'Networked impactful instruction set','2020-11-09','2020-09-21',251,371,956),(708,'Realigned asymmetric standardization','2021-09-08','2020-07-17',77,74,593),(709,'Expanded eco-centric budgetary management','2021-05-17','2021-06-25',407,233,22),(710,'Quality-focused uniform projection','2020-10-19','2021-04-29',376,323,228),(711,'Persistent high-level instruction set','2021-03-17','2020-09-06',471,191,768),(712,'Cross-group high-level secured line','2021-09-26','2020-08-09',220,188,114),(713,'Cloned exuding forecast','2021-02-21','2021-09-06',353,359,3),(714,'Fundamental intermediate open system','2021-04-21','2020-11-08',108,12,588),(715,'Devolved dedicated support','2020-12-03','2021-02-03',62,417,348),(716,'Reduced tertiary approach','2020-04-11','2020-05-15',281,45,576),(717,'Object-based executive groupware','2021-03-10','2020-09-11',61,419,83),(718,'Exclusive mission-critical moratorium','2021-06-02','2021-10-01',429,401,593),(719,'Face to face mission-critical service-desk','2021-09-04','2020-11-27',318,32,570),(720,'Implemented logistical help-desk','2020-02-18','2020-10-30',299,275,600),(721,'Stand-alone uniform product','2021-03-08','2020-03-31',445,18,214),(722,'Business-focused transitional application','2020-02-10','2021-01-15',188,34,961),(723,'Managed reciprocal monitoring','2021-09-25','2020-04-08',146,482,94),(724,'Operative executive archive','2021-09-20','2020-03-07',121,75,758),(725,'Up-sized local database','2021-01-08','2021-01-04',189,467,847),(726,'Universal non-volatile initiative','2021-08-14','2020-09-16',100,432,360),(727,'Operative motivating alliance','2021-10-13','2021-04-06',333,360,800),(728,'Expanded discrete Graphic Interface','2020-11-16','2020-10-08',83,396,554),(729,'Adaptive global pricing structure','2020-04-28','2020-06-11',294,461,677),(730,'Total incremental system engine','2021-05-05','2021-05-08',91,256,509),(731,'Multi-lateral scalable challenge','2020-02-16','2020-04-19',81,373,884),(732,'Function-based stable budgetary management','2021-10-07','2021-07-15',469,465,117),(733,'Multi-channelled full-range knowledge base','2021-09-06','2021-03-14',276,134,393),(735,'Grass-roots zero administration policy','2020-11-24','2020-09-29',315,108,483),(736,'Innovative bifurcated artificial intelligence','2020-07-09','2021-10-13',176,103,736),(737,'Business-focused mission-critical capability','2020-02-11','2021-08-01',143,392,32),(738,'Re-engineered regional adapter','2021-08-11','2021-08-22',401,471,79),(739,'Pre-emptive interactive open system','2020-06-25','2021-09-06',277,153,708),(740,'Synergistic logistical infrastructure','2020-05-21','2020-10-02',57,433,739),(741,'Enhanced discrete matrix','2021-08-05','2020-04-06',203,98,985),(742,'Robust background utilisation','2020-01-15','2020-06-28',99,300,243),(743,'Inverse heuristic info-mediaries','2021-05-11','2021-06-24',316,354,844),(744,'Reactive dynamic circuit','2021-03-27','2021-09-19',394,484,166),(745,'Horizontal multimedia model','2020-12-20','2020-07-13',133,373,544),(746,'Ameliorated executive software','2020-08-26','2020-08-05',486,243,225),(747,'Visionary disintermediate forecast','2020-07-18','2021-03-13',151,12,908),(748,'Pre-emptive web-enabled database','2020-07-05','2020-03-14',425,292,387),(749,'Face to face user-facing intranet','2020-07-30','2020-07-19',177,486,606),(750,'Proactive systemic matrices','2020-01-07','2021-04-04',500,432,52),(751,'Cross-group incremental benchmark','2021-04-14','2020-11-24',340,352,485),(752,'Distributed client-server monitoring','2020-04-02','2021-06-12',267,246,614),(753,'Reverse-engineered scalable flexibility','2021-06-22','2020-04-27',339,199,420),(754,'Streamlined full-range throughput','2020-05-27','2020-08-20',100,446,730),(755,'Switchable 6th generation analyzer','2021-01-22','2021-01-02',300,449,179),(756,'User-centric object-oriented service-desk','2021-07-20','2021-07-21',197,309,380),(757,'Switchable 6th generation archive','2020-01-18','2021-02-15',196,431,862),(758,'Streamlined web-enabled structure','2020-03-02','2021-06-23',65,74,597),(759,'Stand-alone bandwidth-monitored task-force','2020-11-11','2020-04-06',96,379,136),(760,'Streamlined homogeneous standardization','2020-12-30','2021-06-29',322,345,319),(761,'Advanced tangible internet solution','2020-01-29','2020-04-11',248,4,74),(762,'Innovative coherent software','2021-05-20','2021-08-04',268,126,947),(763,'Customer-focused grid-enabled architecture','2020-12-05','2020-12-05',155,2,726),(764,'Pre-emptive high-level system engine','2021-09-06','2021-01-28',306,325,232),(765,'Assimilated tangible product','2020-06-24','2021-06-13',221,279,923),(766,'Multi-channelled upward-trending project','2020-09-15','2021-01-16',5,284,773),(767,'Cross-group global protocol','2020-08-11','2020-03-19',87,271,283),(768,'Ameliorated radical software','2021-06-02','2021-01-13',193,101,366),(769,'Focused 24/7 alliance','2020-06-17','2020-09-29',359,204,93),(770,'Sharable executive open system','2020-06-04','2021-03-21',291,154,183),(771,'Adaptive 24/7 adapter','2020-12-26','2021-05-16',420,433,834),(772,'Cloned context-sensitive encoding','2021-02-15','2021-10-17',100,67,651),(773,'Multi-layered dedicated frame','2021-05-14','2021-01-07',259,422,845),(774,'Pre-emptive multi-state groupware','2021-03-14','2020-02-28',45,339,881),(775,'Down-sized methodical initiative','2020-01-27','2021-04-05',208,360,333),(776,'Operative contextually-based access','2021-03-02','2020-07-21',107,233,695),(777,'Innovative neutral methodology','2020-05-01','2020-03-24',401,373,717),(778,'Mandatory contextually-based groupware','2020-07-07','2020-07-17',162,226,649),(779,'Object-based secondary archive','2020-04-24','2021-05-05',467,93,972),(780,'Self-enabling cohesive service-desk','2021-08-05','2020-06-13',18,352,920),(781,'Digitized transitional middleware','2021-07-05','2021-08-08',455,479,190),(782,'Enhanced heuristic superstructure','2020-12-21','2020-08-22',130,446,705),(784,'Focused interactive leverage','2021-05-14','2021-04-14',422,57,838),(785,'Up-sized reciprocal intranet','2020-04-22','2021-10-06',90,51,120),(786,'Operative foreground attitude','2021-07-17','2020-03-29',384,209,354),(787,'Down-sized methodical complexity','2020-10-26','2020-11-27',97,479,752),(788,'Innovative zero defect collaboration','2020-01-26','2020-09-25',260,131,900),(789,'Centralized dedicated protocol','2021-04-13','2020-12-09',216,417,893),(790,'Vision-oriented interactive groupware','2021-04-07','2020-10-03',491,480,63),(791,'Public-key global knowledge base','2020-01-29','2020-09-28',441,286,628),(792,'Implemented intermediate protocol','2021-03-15','2020-12-17',446,30,845),(793,'Open-architected hybrid matrix','2021-04-17','2020-05-25',113,340,394),(794,'Phased reciprocal neural-net','2020-08-08','2021-04-27',356,275,323),(796,'Innovative global initiative','2020-05-20','2020-05-17',375,256,788),(797,'Versatile incremental attitude','2021-08-03','2021-10-12',182,161,921),(798,'Cloned 5th generation orchestration','2021-09-17','2020-09-04',403,210,86),(799,'Exclusive grid-enabled time-frame','2020-10-23','2020-06-22',207,474,782),(800,'Reverse-engineered full-range orchestration','2020-09-01','2021-05-11',305,462,31),(801,'Robust systematic concept','2021-06-22','2020-06-10',440,213,281),(802,'Multi-tiered static framework','2020-03-06','2020-05-10',464,214,658),(804,'Balanced encompassing matrix','2021-05-20','2021-03-18',7,317,204),(805,'Down-sized bifurcated neural-net','2020-04-27','2020-09-16',49,95,446),(806,'Persistent disintermediate data-warehouse','2020-08-07','2021-01-29',351,321,417),(807,'Ergonomic motivating success','2020-07-16','2021-03-26',225,99,580),(808,'User-centric bandwidth-monitored hierarchy','2021-01-18','2021-04-19',171,258,94),(809,'Innovative executive strategy','2020-12-24','2020-07-30',41,96,612),(810,'Inverse bottom-line frame','2020-06-11','2020-02-28',264,238,929),(812,'Extended fresh-thinking website','2021-03-29','2021-08-19',410,137,295),(813,'Realigned stable definition','2021-06-12','2021-09-25',143,463,68),(814,'Configurable client-driven model','2020-02-14','2021-04-11',484,250,820),(815,'Cross-group mobile migration','2020-12-29','2020-05-31',323,372,437),(816,'Stand-alone directional support','2020-02-18','2021-02-14',78,7,982),(817,'Enhanced content-based implementation','2021-02-15','2020-06-08',190,213,960),(818,'Profound tertiary capability','2020-10-12','2020-08-04',214,65,257),(819,'Sharable asymmetric analyzer','2021-05-14','2020-08-23',24,14,293),(820,'Synergistic asynchronous middleware','2020-02-17','2021-06-14',323,282,486),(821,'Visionary 3rd generation productivity','2021-04-09','2020-02-22',365,106,761),(822,'Mandatory interactive neural-net','2021-02-21','2021-01-15',456,11,663),(823,'Polarised systematic project','2021-02-14','2021-04-08',438,306,213),(824,'Integrated zero defect approach','2020-05-29','2021-08-09',337,294,911),(825,'Object-based bandwidth-monitored contingency','2020-10-21','2020-10-11',492,360,709),(826,'Exclusive user-facing alliance','2020-08-23','2020-06-06',360,190,616),(827,'Operative intermediate concept','2020-12-10','2021-09-15',94,119,311),(828,'Operative maximized firmware','2020-06-14','2020-07-22',334,142,591),(829,'Multi-layered high-level instruction set','2021-06-28','2021-11-04',392,79,140),(830,'Right-sized value-added archive','2020-09-08','2020-05-21',53,399,249),(831,'Intuitive tertiary standardization','2021-10-12','2021-09-02',308,383,512),(832,'Object-based system-worthy data-warehouse','2020-02-11','2020-08-24',317,118,608),(834,'Reduced transitional Graphical User Interface','2020-06-26','2021-03-14',152,165,549),(835,'Sharable intangible orchestration','2020-06-05','2020-03-28',162,360,938),(836,'Proactive full-range info-mediaries','2021-04-29','2021-07-27',272,464,91),(837,'Devolved interactive portal','2020-06-13','2021-06-13',271,51,209),(838,'Triple-buffered foreground function','2020-04-23','2021-10-21',259,8,818),(839,'Integrated contextually-based circuit','2020-10-28','2020-04-08',5,296,561),(840,'Fully-configurable incremental help-desk','2021-02-18','2021-03-23',1,484,314),(841,'Fundamental intermediate toolset','2021-09-21','2021-02-04',416,387,612),(842,'Ergonomic actuating conglomeration','2021-11-03','2020-10-13',3,499,810),(843,'Multi-tiered background instruction set','2021-09-22','2020-03-17',61,343,490),(844,'Pre-emptive local throughput','2021-07-08','2020-10-01',84,407,756),(845,'Object-based dedicated encryption','2021-05-23','2020-10-21',302,194,531),(846,'Vision-oriented actuating matrix','2021-04-12','2021-07-15',422,138,449),(847,'Open-source hybrid groupware','2020-12-17','2021-10-30',168,266,602),(848,'Streamlined regional solution','2021-04-02','2021-05-16',265,76,409),(849,'Organized holistic moderator','2021-10-10','2021-06-19',198,475,623),(850,'Seamless tertiary hardware','2021-04-16','2020-05-20',306,165,224),(851,'Grass-roots zero tolerance encoding','2020-07-10','2020-06-09',207,14,572),(852,'User-centric 4th generation instruction set','2021-08-03','2021-11-08',351,253,586),(853,'Cross-platform neutral process improvement','2021-09-24','2021-06-22',158,276,272),(854,'Team-oriented interactive encoding','2020-03-19','2020-10-24',197,441,961),(855,'Synergistic composite projection','2021-03-28','2020-06-18',174,190,72),(856,'De-engineered human-resource attitude','2021-02-12','2020-04-16',394,267,521),(857,'Managed foreground help-desk','2021-04-06','2020-12-16',460,369,888),(858,'Advanced asynchronous access','2020-09-08','2021-06-17',500,434,581),(859,'Synchronised bottom-line secured line','2020-07-13','2020-06-30',2,445,147),(860,'Enterprise-wide homogeneous workforce','2020-02-18','2020-02-18',176,154,680),(861,'Proactive disintermediate adapter','2020-01-31','2021-03-23',286,455,793),(862,'Balanced holistic structure','2021-04-13','2020-02-26',231,240,427),(863,'Balanced coherent analyzer','2021-10-28','2021-10-08',337,433,350),(864,'Vision-oriented bottom-line secured line','2021-05-20','2021-04-21',228,404,916),(865,'Realigned demand-driven complexity','2021-04-04','2021-08-16',101,137,416),(866,'Streamlined holistic migration','2021-08-27','2021-07-31',287,356,990),(867,'Fundamental tertiary neural-net','2020-08-20','2021-05-18',384,231,193),(868,'Devolved even-keeled middleware','2020-11-25','2021-05-02',92,453,774),(869,'Advanced explicit access','2020-07-04','2020-04-06',326,387,168),(870,'Down-sized national matrices','2020-11-30','2020-07-05',214,143,715),(871,'Ameliorated impactful migration','2020-06-04','2021-02-16',137,189,170),(872,'Customizable interactive matrix','2020-02-24','2021-01-13',435,221,44),(873,'Public-key motivating toolset','2021-01-01','2021-11-11',304,143,626),(874,'Fundamental cohesive emulation','2021-10-25','2020-05-04',341,218,101),(875,'Focused asynchronous Graphical User Interface','2021-11-13','2020-10-20',340,35,272),(876,'Assimilated transitional website','2020-02-01','2021-03-02',98,325,356),(877,'Secured multi-tasking model','2020-05-07','2021-01-07',469,282,7),(878,'Face to face executive complexity','2020-09-22','2021-07-22',1,369,44),(879,'Innovative national superstructure','2020-07-21','2020-07-22',260,208,366),(880,'De-engineered asymmetric installation','2020-12-26','2021-04-24',100,46,791),(881,'Realigned hybrid adapter','2021-10-25','2020-12-12',140,390,821),(882,'Visionary attitude-oriented collaboration','2021-01-09','2020-09-12',484,480,569),(883,'Monitored contextually-based forecast','2021-09-30','2020-07-07',229,138,532),(884,'Networked discrete leverage','2020-11-29','2021-09-18',46,69,393),(885,'Decentralized heuristic model','2021-08-04','2020-06-17',427,127,43),(886,'Multi-channelled modular budgetary management','2021-02-04','2021-10-02',100,403,575),(887,'Total asynchronous initiative','2021-10-04','2020-12-05',222,297,672),(888,'Reduced radical time-frame','2020-06-02','2021-10-14',79,384,57),(889,'Reactive maximized orchestration','2021-06-22','2021-02-25',130,218,305),(890,'Re-engineered neutral Graphic Interface','2021-07-03','2021-09-02',261,223,614),(891,'Persistent well-modulated extranet','2021-07-27','2021-03-31',206,151,488),(892,'Implemented dedicated budgetary management','2021-05-24','2021-08-11',391,291,103),(893,'Switchable optimal product','2020-09-27','2021-11-07',147,213,351),(894,'Open-source exuding migration','2020-12-20','2021-01-15',106,137,456),(895,'Versatile regional monitoring','2020-03-09','2021-11-08',217,96,792),(896,'Configurable actuating info-mediaries','2020-07-23','2020-10-26',365,323,785),(897,'Exclusive multi-state support','2020-10-10','2020-09-25',437,39,217),(898,'Persevering regional array','2020-09-17','2020-10-23',271,173,628),(899,'Integrated bandwidth-monitored leverage','2021-08-08','2020-10-23',361,203,40),(900,'Virtual homogeneous capability','2020-09-20','2020-05-16',209,330,545),(901,'Automated human-resource access','2020-12-28','2020-06-19',407,103,606),(902,'Focused discrete migration','2020-03-31','2021-08-23',489,189,529),(903,'Multi-channelled intermediate matrix','2021-07-02','2020-08-16',234,232,448),(904,'Team-oriented interactive groupware','2020-04-08','2021-08-15',229,162,701),(905,'Synergistic hybrid flexibility','2021-06-27','2020-06-29',59,311,177),(906,'Reduced methodical model','2021-02-01','2021-10-10',55,277,853),(907,'Distributed mission-critical utilisation','2020-06-02','2020-05-28',391,179,734),(908,'Advanced zero defect internet solution','2021-02-28','2020-07-28',211,347,741),(909,'Compatible 24/7 focus group','2020-08-01','2020-03-28',389,469,303),(910,'Face to face actuating moratorium','2020-12-30','2020-12-18',415,126,332),(911,'Re-engineered maximized throughput','2021-07-18','2020-08-04',148,386,144),(912,'Horizontal multimedia extranet','2021-10-17','2021-04-02',457,122,875),(913,'Up-sized eco-centric open system','2020-03-11','2020-12-03',475,105,383),(914,'Virtual impactful open system','2021-10-22','2021-04-09',479,318,324),(915,'Inverse explicit conglomeration','2021-08-02','2020-11-30',119,71,404),(916,'Horizontal client-driven frame','2021-03-26','2020-10-17',152,470,579),(917,'Multi-lateral zero defect help-desk','2021-08-10','2020-11-10',84,293,557),(918,'Extended asymmetric contingency','2020-07-23','2020-09-21',125,302,16),(919,'Vision-oriented system-worthy portal','2021-06-19','2020-11-05',111,401,458),(920,'Organized homogeneous infrastructure','2021-07-27','2020-11-03',194,47,600),(922,'User-centric 4th generation orchestration','2020-07-19','2021-03-29',85,215,965),(923,'Diverse zero defect productivity','2020-03-07','2021-09-02',417,362,536),(924,'Centralized heuristic process improvement','2021-10-07','2020-04-04',116,73,366),(925,'Grass-roots modular throughput','2020-03-16','2020-03-02',470,43,430),(926,'Streamlined multi-tasking attitude','2020-01-13','2020-10-14',172,35,114),(928,'Profit-focused asynchronous productivity','2020-01-15','2020-08-21',94,395,887),(929,'Re-engineered bi-directional instruction set','2020-01-31','2021-11-02',118,177,747),(930,'Re-contextualized grid-enabled extranet','2021-04-27','2021-08-05',346,324,503),(931,'Extended holistic hardware','2021-02-23','2020-06-15',138,312,872),(932,'User-centric mission-critical intranet','2021-10-16','2020-10-29',85,127,54),(933,'Multi-channelled actuating support','2020-09-04','2021-08-21',475,332,69),(934,'Fundamental user-facing success','2021-05-17','2021-03-04',475,20,116),(935,'Ameliorated impactful software','2020-09-29','2021-09-22',365,270,193),(936,'Persevering bifurcated open architecture','2021-09-06','2020-07-20',460,270,349),(937,'Advanced encompassing complexity','2020-03-02','2020-05-11',232,189,803),(938,'Proactive local customer loyalty','2020-10-27','2021-03-13',342,299,627),(939,'Networked homogeneous budgetary management','2021-09-27','2021-10-23',233,415,690),(940,'Multi-channelled full-range function','2021-04-27','2020-07-23',82,41,238),(941,'Grass-roots fault-tolerant concept','2020-10-29','2020-05-09',183,431,518),(942,'Visionary composite strategy','2020-02-04','2020-05-11',453,316,836),(943,'Triple-buffered methodical algorithm','2020-11-22','2021-06-11',129,48,94),(944,'Extended transitional definition','2021-03-11','2021-09-13',399,50,427),(945,'Devolved empowering productivity','2020-06-09','2020-04-16',10,431,421),(946,'Quality-focused homogeneous approach','2020-09-09','2020-11-30',191,146,281),(947,'Expanded context-sensitive adapter','2020-12-31','2020-02-16',140,147,419),(948,'Configurable grid-enabled extranet','2021-09-16','2021-01-31',95,365,756),(949,'Re-engineered 5th generation contingency','2020-04-06','2020-03-10',25,401,197),(950,'Reactive incremental core','2020-09-19','2021-08-06',391,474,758),(951,'Operative zero defect flexibility','2021-07-01','2020-05-17',99,9,499),(952,'Versatile bi-directional database','2020-01-24','2021-01-03',87,207,951),(953,'Stand-alone fault-tolerant pricing structure','2021-10-09','2020-06-23',142,108,100),(954,'Balanced secondary methodology','2020-08-11','2021-09-15',278,375,838),(955,'Customer-focused secondary approach','2021-09-15','2021-04-24',432,297,108),(956,'Team-oriented holistic function','2020-12-25','2020-06-21',55,82,557),(957,'Triple-buffered holistic throughput','2021-01-24','2021-04-14',215,331,949),(958,'Customer-focused scalable workforce','2021-05-25','2021-10-23',361,260,365),(959,'Implemented client-server emulation','2021-10-30','2020-04-23',226,22,986),(960,'Organic holistic groupware','2020-09-25','2020-09-06',97,476,464),(961,'Stand-alone dedicated attitude','2020-05-30','2021-03-19',218,363,644),(962,'De-engineered client-driven moratorium','2020-05-22','2020-08-07',413,17,542),(963,'De-engineered real-time firmware','2020-12-08','2021-06-28',172,433,655),(964,'Open-source composite alliance','2020-05-13','2021-01-29',113,167,571),(965,'Robust explicit alliance','2020-06-10','2021-10-22',282,198,291),(966,'Right-sized multimedia matrix','2020-06-11','2020-07-05',373,319,579),(967,'Grass-roots zero tolerance core','2020-12-31','2020-03-05',18,317,877),(968,'Operative real-time utilisation','2021-03-01','2021-10-15',141,207,292),(969,'Switchable 4th generation process improvement','2020-12-26','2020-04-08',226,267,770),(970,'Face to face uniform analyzer','2020-12-10','2021-07-27',460,254,871),(971,'Profound mobile leverage','2020-06-09','2021-01-13',52,460,463),(972,'Universal full-range portal','2020-09-29','2020-03-12',80,438,828),(973,'Streamlined mission-critical challenge','2020-12-03','2021-04-12',468,500,586),(974,'Progressive systematic project','2021-09-17','2021-01-30',110,410,226),(975,'Cloned attitude-oriented product','2020-11-14','2020-04-03',121,68,193),(976,'Managed client-server analyzer','2020-10-25','2021-08-24',491,45,872),(977,'Self-enabling modular adapter','2020-05-29','2020-03-21',133,236,770),(978,'Versatile real-time collaboration','2020-03-11','2021-10-07',376,419,771),(979,'Multi-lateral bifurcated complexity','2020-03-21','2021-06-04',245,117,514),(980,'Organic bandwidth-monitored hardware','2020-05-13','2020-11-26',354,393,833),(981,'Persevering tertiary task-force','2020-08-06','2021-03-17',368,158,150),(983,'Reduced systematic strategy','2021-11-10','2021-08-29',282,306,600),(984,'Enhanced holistic moratorium','2021-09-14','2020-04-07',86,192,321),(985,'Devolved human-resource local area network','2021-10-04','2020-04-11',161,55,425),(986,'Front-line 3rd generation matrices','2021-05-16','2020-10-10',102,247,712),(987,'Multi-layered user-facing solution','2020-05-11','2021-11-01',350,197,780),(988,'Object-based stable utilisation','2020-01-08','2020-03-04',342,81,314),(989,'Self-enabling eco-centric process improvement','2021-04-18','2021-07-27',385,159,640),(990,'Integrated 5th generation process improvement','2021-02-16','2021-05-25',333,252,853),(991,'Implemented regional migration','2021-08-24','2021-10-28',359,317,432),(992,'Multi-channelled transitional application','2021-08-17','2021-03-13',286,310,648),(993,'Virtual didactic policy','2020-11-29','2020-09-15',286,350,132),(994,'Enterprise-wide methodical portal','2020-04-26','2020-12-11',266,457,651),(995,'Reactive national archive','2020-11-08','2021-05-22',485,451,601),(996,'Mandatory human-resource core','2020-06-20','2020-08-02',423,247,151),(997,'Face to face human-resource architecture','2021-05-10','2020-03-16',471,112,292),(998,'Inverse homogeneous installation','2020-11-11','2021-08-03',130,417,745),(999,'Multi-tiered secondary circuit','2020-01-13','2021-05-14',241,375,913),(1000,'Devolved 24/7 system engine','2021-10-06','2021-10-07',395,264,232);
/*!40000 ALTER TABLE `session_details` ENABLE KEYS */;
UNLOCK TABLES;

--
-- Table structure for table `student_details`
--

DROP TABLE IF EXISTS `student_details`;
/*!40101 SET @saved_cs_client     = @@character_set_client */;
/*!50503 SET character_set_client = utf8mb4 */;
CREATE TABLE `student_details` (
  `student_id` int NOT NULL,
  `student_FirstName` varchar(45) DEFAULT NULL,
  `student_LastName` varchar(45) DEFAULT NULL,
  `student_ContactNo` varchar(45) DEFAULT NULL,
  `student_email` varchar(45) NOT NULL,
  `student_address` varchar(45) DEFAULT NULL,
  `student_State` varchar(45) DEFAULT NULL,
  `student_City` varchar(45) DEFAULT NULL,
  `student_Zip` varchar(45) DEFAULT NULL,
  `department_ID` int DEFAULT NULL,
  `course_ID` int DEFAULT NULL,
  PRIMARY KEY (`student_id`),
  UNIQUE KEY `student_email_UNIQUE` (`student_email`),
  KEY `department_id_student_idx` (`department_ID`),
  KEY `course_id_student_idx` (`course_ID`),
  CONSTRAINT `course_id_student` FOREIGN KEY (`course_ID`) REFERENCES `courses_details` (`course_id`),
  CONSTRAINT `department_id_student` FOREIGN KEY (`department_ID`) REFERENCES `department_details` (`department_id`)
) ENGINE=InnoDB DEFAULT CHARSET=utf8mb4 COLLATE=utf8mb4_0900_ai_ci;
/*!40101 SET character_set_client = @saved_cs_client */;

--
-- Dumping data for table `student_details`
--

LOCK TABLES `student_details` WRITE;
/*!40000 ALTER TABLE `student_details` DISABLE KEYS */;
INSERT INTO `student_details` VALUES (1,'Bogey','Giral','+86-835-296-8647','bgiral0@typepad.com','322 Londonderry Hill','','Lanshan','',348,359),(2,'Maighdiln','Domnin','+351-761-740-7855','mdomnin1@facebook.com','723 Sommers Circle','Porto','Moinhos','4610-695',389,498),(3,'Carlin','Popping','+66-785-328-8251','cpopping2@hubpages.com','60072 Mosinee Drive','','Nakhon Nayok','26120',174,131),(4,'Carmelle','Kiendl','+353-769-362-7552','ckiendl3@ftc.gov','8702 Holy Cross Road','','Crumlin','D6W',412,374),(5,'Mordecai','Oury','+251-134-519-3694','moury4@illinois.edu','02 Emmet Point','','Gelemso','',484,107),(6,'Malena','Wakeford','+66-968-368-5665','mwakeford5@dailymail.co.uk','4 Leroy Center','','Bua Yai','30120',322,51),(7,'Cecil','Topliss','+1-967-980-6551','ctopliss6@w3.org','36 Longview Point','Qubec','Coaticook','J1A',109,261),(8,'Euell','Ditt','+86-998-307-9860','editt7@xing.com','55 Esker Avenue','','Xukou','',441,337),(9,'Estella','McDell','+86-135-429-8596','emcdell8@theglobeandmail.com','7 Stang Plaza','','Baimajing','',85,250),(10,'Clarice','Huston','+86-428-891-9135','chuston9@a8.net','9500 Shasta Pass','','Changfeng','',470,330),(11,'Valli','Dewberry','+291-450-939-1047','vdewberrya@utexas.edu','879 Cordelia Way','','Teseney','',354,412),(12,'Nicolette','Attrey','+1-813-959-3060','nattreyb@hc360.com','97 Lunder Parkway','Florida','Tampa','33615',409,175),(13,'Cristy','Dargie','+33-677-583-1041','cdargiec@hc360.com','2622 Hallows Lane','le-de-France','Rueil-Malmaison','92848 CEDEX',470,232),(14,'Ania','Baldung','+63-502-349-4526','abaldungd@fastcompany.com','909 Evergreen Place','','Mileb','6088',71,217),(15,'Phillipe','Chamney','+7-358-178-1368','pchamneye@engadget.com','5184 Hermina Center','','Novokhovrino','141707',247,278),(16,'Lance','Reddihough','+55-790-909-7611','lreddihoughf@gnu.org','1 Lyons Street','','Lauro de Freitas','42700-000',90,254),(17,'Arnoldo','Shepstone','+86-987-456-3919','ashepstoneg@ustream.tv','1554 Paget Drive','','Huangwan','',378,232),(18,'Codee','Basden','+33-838-396-2467','cbasdenh@ovh.net','96891 Arrowood Street','Provence-Alpes-Cte d\'Azur','Frjus','83613 CEDEX',263,118),(19,'Erie','Enevold','+352-633-906-4248','eenevoldi@privacy.gov.au','95 Shasta Place','','Niedercorn','L-4993',237,360),(20,'Shepard','Cholwell','+86-696-255-2279','scholwellj@blinklist.com','40 Kim Junction','','Bahe','',41,107),(21,'Katlin','Kelcher','+7-713-770-2511','kkelcherk@virginia.edu','9732 Old Gate Plaza','','Abaza','655752',108,465),(22,'Hobard','Theml','+33-298-591-1495','hthemll@youku.com','299 Arrowood Lane','Bourgogne','Dijon','21009 CEDEX',166,84),(23,'Damian','Tocknell','+7-451-100-8546','dtocknellm@icq.com','964 Eliot Trail','','Novopokrovskaya','353029',355,410),(24,'Sonnnie','Gohn','+86-529-489-6308','sgohnn@discovery.com','4056 Hallows Avenue','','Zhucun','',320,72),(25,'Mariam','Klimko','+964-726-651-0197','mklimkoo@spiegel.de','906 Old Gate Junction','','Ar Rumaythah','',224,306),(26,'Jacob','Biasio','+351-175-158-1197','jbiasiop@blinklist.com','2497 Anderson Drive','Lisboa','Cercal','2550-214',411,418),(27,'Marlo','Garvey','+63-755-933-4682','mgarveyq@ucoz.ru','7 Calypso Circle','','Cabannungan Second','3300',58,97),(28,'Abbey','Darthe','+62-646-204-2381','adarther@theglobeandmail.com','186 Lakewood Gardens Place','','Pangkalanbunut','',25,309),(29,'Keelia','Hamerton','+31-688-157-0189','khamertons@delicious.com','61316 Lighthouse Bay Hill','Provincie Overijssel','Zwolle','8029',215,98),(30,'Pia','Pauletto','+86-438-708-8424','ppaulettot@sakura.ne.jp','49 Eastlawn Junction','','Zhongchao','',381,305),(31,'Nancie','Vagges','+86-184-610-4232','nvaggesu@omniture.com','7 Norway Maple Trail','','Yanji','',86,40),(32,'Cynthie','Bottrill','+86-840-212-3362','cbottrillv@nifty.com','9 Golf Course Hill','','Dingtou','',237,223),(33,'Kara','Lochet','+98-909-340-0391','klochetw@businesswire.com','29 Scofield Crossing','','Naqadeh','',88,350),(34,'Simona','Grundle','+249-574-803-5048','sgrundlex@plala.or.jp','769 Hoepker Court','','Geneina','',491,493),(35,'Marrissa','Gilardone','+39-180-506-1088','mgilardoney@house.gov','69 Lyons Place','Lazio','Roma','00163',29,473),(36,'Bennett','Finlason','+355-960-509-7008','bfinlasonz@free.fr','8000 Toban Plaza','','Bajram Curri','',119,422),(37,'Hubie','Carlick','+230-881-345-3887','hcarlick10@ameblo.jp','0 Truax Road','','Port Louis','',319,368),(38,'Tann','Bottinelli','+62-914-243-1692','tbottinelli11@narod.ru','65975 Twin Pines Park','','Gunungbatu','',158,247),(39,'Christina','Money','+62-889-479-5661','cmoney12@friendfeed.com','6401 Graedel Road','','Toupopu','',10,194),(40,'Hayyim','Rutt','+86-147-256-5353','hrutt13@toplist.cz','9 Morning Lane','','Shuanghekou','',133,393),(41,'Dunstan','Tomsen','+63-494-335-6829','dtomsen14@a8.net','6643 Thackeray Trail','','Mabua','3706',57,16),(42,'Hughie','Rene','+351-789-742-1589','hrene15@blogspot.com','9 1st Court','Leiria','Casal Galego','2430-084',103,266),(43,'Humbert','Leaves','+976-840-560-1749','hleaves16@printfriendly.com','7 Old Gate Junction','','Hshigiyn-Ar','',449,378),(44,'Petronille','Blasi','+48-154-630-8488','pblasi17@nymag.com','09 Rutledge Hill','','Kalety','42-660',102,455),(45,'Cameron','Pilmer','+56-377-676-8846','cpilmer18@nih.gov','9 Holmberg Crossing','','Purranque','',271,137),(46,'Pacorro','Venneur','+81-614-654-7260','pvenneur19@wunderground.com','13323 Starling Hill','','Tsuma','881-0033',9,253),(47,'Guglielma','Herculson','+506-665-646-8953','gherculson1a@w3.org','807 Kim Park','','Alajuela','20101',323,488),(48,'Rice','Tidmarsh','+55-437-126-0580','rtidmarsh1b@shop-pro.jp','28927 Di Loreto Alley','','Jaguarari','48960-000',177,355),(49,'Sherwin','Atcock','+86-694-538-4369','satcock1c@aboutads.info','09297 Mallory Place','','Dongjiao','',439,262),(50,'Gabie','Silversmid','+86-942-843-6655','gsilversmid1d@fda.gov','30 Anzinger Crossing','','Yangong','',420,155),(51,'Esme','Howship','+264-910-603-3160','ehowship1e@paginegialle.it','974 Menomonie Plaza','','Nkurenkuru','',438,115),(52,'Antoine','Kindleside','+7-632-689-9455','akindleside1f@macromedia.com','129 Mifflin Crossing','','Pevek','689400',101,34),(53,'Myrwyn','Echalier','+82-279-215-3969','mechalier1g@bigcartel.com','682 Armistice Center','','Andong','',434,448),(54,'Wren','Loveday','+57-456-269-3107','wloveday1h@globo.com','9 Melvin Plaza','','Candelaria','111711',472,302),(55,'Jacques','Engley','+381-651-785-3721','jengley1i@webeden.co.uk','5 Grim Circle','','Perlez','',329,14),(56,'Cordey','Duncombe','+7-199-618-1358','cduncombe1j@nba.com','58 Starling Parkway','','Kamyshin','403879',324,191),(57,'Ariana','Braitling','+62-327-240-1783','abraitling1k@europa.eu','4277 Hagan Parkway','','Tembongraja','',345,333),(58,'Alvira','Minster','+234-234-245-0946','aminster1l@miitbeian.gov.cn','58834 Weeping Birch Road','','Lafia','',219,450),(59,'Morton','Casetta','+66-215-739-7663','mcasetta1m@vk.com','48 Chive Junction','','Khu Khan','56110',166,38),(60,'Bernie','Upjohn','+420-221-112-8691','bupjohn1n@jigsy.com','4044 David Alley','','Mto','347 01',216,452),(61,'Alfy','Tichner','+66-460-593-8171','atichner1o@webs.com','50 Hayes Park','','Khanu Woralaksaburi','62130',42,311),(62,'Nessy','Flewett','+62-790-387-6661','nflewett1p@vimeo.com','46423 Calypso Lane','','Pandan','',17,216),(63,'Vincenz','Bruce','+62-966-957-5266','vbruce1q@symantec.com','0 Luster Point','','Gandusari','',409,314),(64,'Rooney','Pfeffel','+62-623-523-7562','rpfeffel1r@npr.org','33 Sunnyside Crossing','','Cikayas','',155,232),(65,'Davey','Kesey','+7-562-585-8540','dkesey1s@java.com','9 Reinke Plaza','','Smolenka','427645',429,54),(66,'Theodoric','Inge','+237-420-426-2518','tinge1t@php.net','72 Monterey Trail','','Limbe','',338,6),(67,'Tamma','Symes','+63-771-192-2492','tsymes1u@oaic.gov.au','0 Carioca Pass','','Marcos','2907',295,278),(68,'Gaspar','Brosoli','+234-263-429-0143','gbrosoli1v@symantec.com','8524 Badeau Hill','','Bomadi','',97,348),(69,'Ailis','Cassimer','+62-124-558-5957','acassimer1w@miitbeian.gov.cn','3869 Kennedy Place','','Longnawang','',331,130),(70,'Knox','Goschalk','+1-365-400-1049','kgoschalk1x@google.cn','9318 Goodland Center','Qubec','Laval','H7S',312,119),(71,'Claudie','Mapowder','+62-455-731-3226','cmapowder1y@yolasite.com','742 Buena Vista Drive','','Sukadana','',25,425),(72,'Courtney','Zoanetti','+62-584-205-0010','czoanetti1z@tripadvisor.com','274 Troy Alley','','Jatisari','',225,48),(73,'Wilbert','Tomlin','+55-829-235-8904','wtomlin20@oracle.com','5829 Thackeray Terrace','','Imperatriz','65900-000',81,54),(74,'Boigie','Dreye','+86-108-916-1349','bdreye21@nhs.uk','78 Oxford Trail','','Jiangchi','',275,13),(75,'Kendrick','Caso','+63-227-898-4316','kcaso22@google.ru','61235 Almo Pass','','Bangui','2920',274,112),(76,'Grace','Barme','+993-580-186-8740','gbarme23@360.cn','54 Chive Park','','Gazanjyk','',64,103),(77,'Orazio','Fisher','+57-142-956-6366','ofisher24@free.fr','4489 Bultman Park','','Andaluca','763008',17,179),(78,'Anet','Okeshott','+970-488-251-2670','aokeshott25@slashdot.org','25651 Hudson Terrace','','Kharbath Ban rith','',151,36),(79,'Armin','Quartley','+86-881-143-9003','aquartley26@webnode.com','25 Crescent Oaks Road','','Qianpai','',66,328),(80,'Kai','Carmen','+81-689-746-6146','kcarmen27@mediafire.com','55112 Clarendon Pass','','Tatsunoch-tominaga','679-4324',48,474),(81,'Grethel','McCathay','+47-643-986-4348','gmccathay28@blogs.com','34358 Glendale Place','Sor-Trondelag','Trondheim','7445',105,231),(82,'Lindsey','Lorne','+966-638-528-7759','llorne29@spiegel.de','3762 Declaration Circle','','Al Had','',355,131),(83,'Zora','Winscomb','+7-224-574-1889','zwinscomb2a@marketwatch.com','95 Hoard Hill','','Kimovsk','301723',148,19),(84,'Caro','Filipputti','+62-770-976-4210','cfilipputti2b@youku.com','5 Northfield Drive','','Baganhilir','',437,288),(85,'Boonie','Heardman','+63-744-701-2903','bheardman2c@mozilla.org','366 Forster Circle','','Basing','2417',416,137),(86,'Doug','Dring','+255-767-601-6569','ddring2d@bloglovin.com','2004 Warbler Plaza','','Ilongero','',194,147),(87,'Beniamino','Magauran','+509-496-953-0139','bmagauran2e@sitemeter.com','85 Bobwhite Park','','Kenscoff','',348,91),(88,'Lynnette','Mirams','+86-475-105-7947','lmirams2f@weebly.com','25646 Logan Junction','','Tianhekou','',403,23),(89,'Smitty','McIllrick','+98-356-649-0530','smcillrick2g@bbb.org','3 Clarendon Parkway','','Qen','',468,238),(90,'Sybilla','Stoll','+62-518-500-1986','sstoll2h@usda.gov','06624 Ramsey Junction','','Pojok','',377,337),(91,'Briana','Dmitrovic','+351-368-471-3339','bdmitrovic2i@feedburner.com','0836 Southridge Park','Coimbra','Vila Pouca da Beira','3400-759',334,480),(92,'Allan','Donnell','+420-637-877-5366','adonnell2j@soup.io','18 Swallow Court','','Blina Kyselka','419 01',474,65),(93,'Slade','Rickesies','+48-111-102-3815','srickesies2k@google.co.jp','2651 Elgar Trail','','Jadowniki','32-851',257,484),(94,'Culley','Blackshaw','+62-461-562-8403','cblackshaw2l@ted.com','71046 Derek Park','','Ngajum','',11,53),(95,'Hakeem','Curner','+48-949-942-9941','hcurner2m@google.ca','30 8th Street','','Pusk','16-515',322,499),(96,'Madelina','Willcock','+51-267-476-4858','mwillcock2n@sciencedaily.com','4 6th Road','','Achanizo','',277,4),(97,'Hamish','Finden','+967-746-369-9759','hfinden2o@t-online.de','755 Melrose Alley','','Al Udayn','',117,484),(98,'Cornelle','Clendening','+62-345-968-8672','cclendening2p@photobucket.com','6756 Troy Lane','','Kaem','',261,416),(99,'Gabrielle','Myton','+81-974-652-7954','gmyton2q@usa.gov','19889 Hoffman Center','','Tagawa','997-0753',177,308),(100,'Cletus','Kitcherside','+351-626-597-4493','ckitcherside2r@abc.net.au','22722 Lillian Trail','Porto','Engenho','4620-207',100,114),(101,'Alana','Mibourne','+58-261-391-7444','amibourne2s@etsy.com','2 Park Meadow Trail','','Mucumpiz','',491,51),(102,'Hall','Conrart','+86-147-857-5185','hconrart2t@facebook.com','0 Mandrake Point','','Wanan','',465,117),(103,'Tallou','Hutchinges','+62-443-282-1659','thutchinges2u@edublogs.org','5210 Mifflin Court','','Merik','',248,247),(104,'Jenica','Boxhill','+1-301-884-2212','jboxhill2v@networksolutions.com','8791 Schmedeman Drive','Maryland','Hyattsville','20784',143,169),(105,'Hill','Hince','+63-838-195-0524','hhince2w@bizjournals.com','58875 Lakewood Lane','','Santo Tomas','8112',231,377),(106,'Derick','Ruffler','+7-249-195-0524','druffler2x@newsvine.com','561 Farragut Terrace','','Beregovoy','644905',48,24),(107,'Mirella','Josipovic','+62-530-393-8858','mjosipovic2y@businessweek.com','9910 Moland Center','','Soko','',152,25),(108,'Alana','Michurin','+352-552-134-3966','amichurin2z@jimdo.com','2 Hudson Avenue','','Helmsange','L-7270',228,422),(109,'Nikkie','Pettitt','+48-850-254-7257','npettitt30@aol.com','0 Chinook Crossing','','Krajenka','77-430',436,385),(110,'Melisa','Thain','+86-949-495-1185','mthain31@flickr.com','54 Utah Drive','','Songyuan','',188,241),(111,'Hurleigh','Novkovic','+355-949-468-2794','hnovkovic32@hugedomains.com','136 Graceland Court','','Ishm','',131,43),(112,'Hymie','Jevon','+961-342-374-7177','hjevon33@paypal.com','7 Lakewood Crossing','','El Hermel','',148,314),(113,'Hedwig','Arlott','+1-682-264-7000','harlott34@jiathis.com','371 Monument Court','Texas','Denton','76205',216,284),(114,'Lincoln','Roelofsen','+63-222-182-0475','lroelofsen35@fda.gov','3149 Vermont Crossing','','Doyong','2419',443,241),(115,'Augustina','Rounsivall','+55-255-445-5738','arounsivall36@twitpic.com','87 Cody Pass','','Paraso das guas','36420-000',146,147),(116,'Randolf','Yushkin','+63-750-887-8242','ryushkin37@elegantthemes.com','3946 Arkansas Crossing','','Pateros','1930',333,363),(117,'Gena','Libero','+46-520-656-1624','glibero38@oakley.com','7 Northfield Plaza','Stockholm','lvsj','125 25',489,142),(118,'Kenna','Earland','+420-421-990-2111','kearland39@cpanel.net','4 School Junction','','Okrouhlice','582 31',433,434),(119,'Nomi','Pionter','+27-656-962-6549','npionter3a@sciencedaily.com','0919 Hoffman Road','','Oudtshoorn','6651',227,487),(120,'Heddie','Beeton','+62-799-223-8230','hbeeton3b@bbc.co.uk','640 North Trail','','Rupe','',157,175),(121,'Alvin','Raecroft','+62-927-875-8456','araecroft3c@ted.com','66515 Vahlen Road','','Sabang','',480,474),(122,'Gunner','Kilduff','+63-470-946-8115','gkilduff3d@jugem.jp','42236 Killdeer Parkway','','Manuel Roxas','9512',190,459),(123,'Ulla','Aucock','+230-936-777-2084','uaucock3e@reddit.com','71103 Hazelcrest Parkway','','Flic en Flac','',107,92),(124,'Kath','Terbeck','+86-905-973-9087','kterbeck3f@aol.com','252 Aberg Avenue','','Yantan','',23,303),(125,'Jessalyn','Ivanishin','+49-115-358-4867','jivanishin3g@ifeng.com','18 Warrior Court','Hamburg','Hamburg Sankt Pauli','20459',49,219),(126,'Inna','Flobert','+7-816-826-9391','iflobert3h@unesco.org','24121 Hoffman Terrace','','Belovo','442070',27,497),(127,'Wandie','Figiovanni','+7-414-759-9629','wfigiovanni3i@icq.com','6608 Annamark Alley','','Vostryakovo','141662',303,26),(128,'Camellia','Mansell','+48-784-620-8908','cmansell3j@biglobe.ne.jp','05 Barby Way','','Powidz','62-430',67,445),(129,'Tanitansy','Divers','+62-289-973-7618','tdivers3k@homestead.com','7609 Buhler Parkway','','Kiraman','',351,61),(130,'Dinnie','Siveyer','+51-410-664-6890','dsiveyer3l@slideshare.net','79 Thompson Drive','','El Parco District','',280,452),(131,'Dolley','Branscomb','+81-304-181-3545','dbranscomb3m@opera.com','51731 Jenifer Pass','','Hadano','259-1335',43,260),(132,'Pepito','Sunman','+62-663-531-6351','psunman3n@state.gov','60 Thompson Drive','','Rancakole','',334,17),(133,'Kaitlyn','Blyth','+86-590-802-8713','kblyth3o@bloglovin.com','54996 Dakota Way','','Zhonghe','',90,422),(134,'Addy','Bools','+967-613-975-4115','abools3p@ihg.com','4 Dahle Center','','awr al Bah','',451,63),(135,'Ranna','Sidnall','+94-684-320-3013','rsidnall3q@nih.gov','4 Warrior Way','','Colombo','00100',351,379),(136,'Jenine','Longland','+86-781-723-6829','jlongland3r@globo.com','4223 Sutteridge Avenue','','Jinsha','',431,395),(137,'Odelia','Puckinghorne','+95-772-749-6676','opuckinghorne3s@cdc.gov','9 Arizona Plaza','','Bhamo','',5,340),(138,'Jacquie','Aris','+86-645-570-1271','jaris3t@slideshare.net','2760 Donald Plaza','','Tiandiba','',325,169),(139,'Caspar','Corris','+55-272-836-3007','ccorris3u@edublogs.org','49294 Meadow Ridge Court','','Tapes','96760-000',170,137),(140,'Jerrie','O\'Crigan','+1-520-384-5929','jocrigan3v@soup.io','33143 Michigan Pass','Arizona','Tucson','85715',378,114),(141,'Elbert','Martelet','+351-216-579-7938','emartelet3w@soundcloud.com','9 Hollow Ridge Place','Castelo Branco','Rosmaninhal','6060-414',312,417),(142,'Lacey','Conkie','+372-603-850-7334','lconkie3x@japanpost.jp','81842 Linden Way','','Tartu','',424,284),(143,'Guglielma','Blackbourn','+86-376-419-5093','gblackbourn3y@nymag.com','728 Rowland Way','','Liuqiao','',175,10),(144,'Vera','Shreeve','+62-678-225-5304','vshreeve3z@cnn.com','548 Bobwhite Circle','','Krajan Dermawuharjo','',45,435),(145,'Germaine','Taggett','+52-792-726-5231','gtaggett40@ustream.tv','70906 Carioca Center','Coahuila De Zaragoza','Luis Donaldo Colosio','26095',354,371),(146,'Natalya','Brundill','+223-802-515-6189','nbrundill41@japanpost.jp','3018 Huxley Court','','San','',124,488),(147,'Claire','Deny','+998-613-891-7000','cdeny42@dion.ne.jp','69 Michigan Center','','Mangit Shahri','',110,396),(148,'Olga','Gamell','+57-595-130-4306','ogamell43@mozilla.com','3533 Welch Street','','Quincha','664008',292,252),(149,'Charla','Mc Coughan','+51-981-380-1067','cmccoughan44@newsvine.com','9 Maryland Lane','','Taraco','',398,73),(150,'Eamon','Woolstenholmes','+86-815-892-7787','ewoolstenholmes45@cbslocal.com','99431 Briar Crest Junction','','Luodong','',123,199),(151,'Alanson','Wolfenden','+63-605-515-2730','awolfenden46@gov.uk','06 Sheridan Parkway','','Kudanding','9811',384,470),(152,'Cherice','Amys','+51-637-883-9586','camys47@oaic.gov.au','2529 Butternut Alley','','Ihuari','',237,399),(153,'Fremont','Wreight','+380-369-700-5593','fwreight48@europa.eu','69 Ryan Court','','Donetsk','',418,492),(154,'Celle','Spratling','+51-478-888-7104','cspratling49@fastcompany.com','4405 Ruskin Circle','','Calango','',323,107),(155,'Janna','Edelston','+86-467-106-2870','jedelston4a@reuters.com','95 Linden Avenue','','Changjiang','',161,35),(156,'Dorothea','Creelman','+86-290-850-3733','dcreelman4b@senate.gov','46 Browning Drive','','Tongmuluo','',183,476),(157,'Torrance','Pettie','+591-646-876-9560','tpettie4c@ehow.com','15 2nd Alley','','Concepcin','',14,439),(158,'Bernadene','Pauls','+86-401-539-9632','bpauls4d@kickstarter.com','16 Lakewood Plaza','','Xiaosong','',153,485),(159,'Charyl','Arne','+62-826-177-4538','carne4e@admin.ch','5621 Kedzie Alley','','Karangsari','',23,61),(160,'Cyndia','Macy','+51-386-990-6908','cmacy4f@photobucket.com','50 Carberry Circle','','Tambo','',48,283),(161,'Melba','Tummasutti','+86-260-248-2889','mtummasutti4g@yellowbook.com','8590 Butternut Terrace','','Wuduhe','',171,53),(162,'Merill','Leacy','+55-514-147-6342','mleacy4h@goo.gl','03 Manufacturers Crossing','','Santa Vitria do Palmar','96230-000',440,178),(163,'Robinette','Ivanenko','+691-560-455-9223','rivanenko4i@rediff.com','44 8th Circle','','Pisaras','',360,377),(164,'Jervis','Simon','+33-408-473-3076','jsimon4j@google.es','4 Dayton Road','Centre','Blois','41904 CEDEX 9',444,316),(165,'Andriana','Hayer','+64-190-497-4416','ahayer4k@redcross.org','6837 Northwestern Plaza','','Lower Hutt','5042',488,184),(166,'Domenic','Lockier','+47-473-264-0869','dlockier4l@forbes.com','7717 Kings Drive','Ostfold','Fredrikstad','1616',93,342),(167,'Desirae','Basham','+1-312-865-8265','dbasham4m@youku.com','9 Banding Crossing','Illinois','Chicago','60686',195,183),(168,'Tobe','Sakins','+212-793-674-4278','tsakins4n@google.co.jp','4277 Comanche Street','','Arazane','',380,261),(169,'Carl','Burgwyn','+46-392-135-5284','cburgwyn4o@wsj.com','308 Jackson Place','Skne','Svedala','233 94',195,459),(170,'Dody','Hagan','+63-296-593-0733','dhagan4p@disqus.com','6280 Manley Road','','San Narciso','4313',339,255),(171,'Rich','Chesnut','+81-417-262-7517','rchesnut4q@zdnet.com','25 Toban Plaza','','Numazu','419-0125',128,274),(172,'Benn','Pickburn','+54-621-512-7659','bpickburn4r@mayoclinic.com','624 Bowman Parkway','','Herrera','4326',231,369),(173,'Marlie','Leckie','+63-106-804-2455','mleckie4s@etsy.com','58 Shasta Crossing','','Kaputian','8120',132,187),(174,'Daisy','Van Waadenburg','+7-213-707-2110','dvanwaadenburg4t@webs.com','7 Golf Course Road','','Novyye Kuzminki','352812',360,258),(175,'Shayne','Binks','+386-647-900-5555','sbinks4u@msn.com','0266 Glendale Lane','','Videm pri Ptuju','2284',215,480),(176,'Lydie','Izakovitz','+86-576-867-3128','lizakovitz4v@twitter.com','62244 Hazelcrest Park','','Qiongshan','',169,403),(177,'Angil','Papez','+86-259-960-5629','apapez4w@foxnews.com','73 John Wall Plaza','','Yanglin','',40,338),(178,'Marthena','Macklin','+220-813-623-1615','mmacklin4x@who.int','9221 Toban Park','','Pateh Sam','',258,215),(179,'Tate','McNickle','+234-737-291-7207','tmcnickle4y@tuttocitta.it','6231 Schurz Parkway','','Siluko','',304,204),(180,'Gardner','Wilcockes','+45-108-247-2992','gwilcockes4z@bing.com','832 Forest Dale Park','Region Hovedstaden','Frederiksberg','1823',392,427),(181,'Mohammed','Morden','+234-389-694-8313','mmorden50@sciencedirect.com','19062 Almo Court','','Ifon','',67,268),(182,'Elise','Demelt','+62-660-352-8785','edemelt51@cbc.ca','31592 Surrey Way','','Megulung','',270,426),(183,'Raychel','Venny','+267-596-248-3956','rvenny52@auda.org.au','70619 Arrowood Lane','','Mopipi','',281,154),(184,'Xenia','Philliphs','+63-805-743-3235','xphilliphs53@psu.edu','6 Everett Alley','','San Eduardo','7207',438,7),(185,'Jamison','Pontain','+86-189-517-6532','jpontain54@google.com.hk','733 Shoshone Plaza','','Hexi','',347,336),(186,'Charmaine','Quemby','+7-846-690-6715','cquemby55@auda.org.au','98 Ryan Road','','Myrzakent','',286,36),(187,'Zelig','McTrusty','+1-515-680-9605','zmctrusty56@opensource.org','94806 Tomscot Terrace','Iowa','Des Moines','50393',416,435),(188,'Saunder','Lindley','+62-253-607-3658','slindley57@google.fr','61 Mandrake Trail','','Bantu','',22,2),(189,'Feliza','Waddup','+504-106-862-0217','fwaddup58@nba.com','3667 Sachtjen Point','','El Corpus','',261,406),(190,'Ferne','Abramcik','+225-303-766-4817','fabramcik59@yahoo.co.jp','576 East Pass','','Toumodi','',124,33),(191,'Shanta','Gaskins','+7-165-422-1360','sgaskins5a@nih.gov','9124 Forest Run Court','','Atyrau','',91,263),(192,'Rowen','Quarrington','+86-133-911-1017','rquarrington5b@washingtonpost.com','1 Muir Junction','','Fulu','',193,259),(193,'Hannie','Hellewell','+960-424-299-0643','hhellewell5c@sakura.ne.jp','85 Di Loreto Plaza','','Fuvahmulah','',160,205),(194,'Addy','Mulliss','+84-313-859-9002','amulliss5d@businessinsider.com','70252 Corscot Alley','','Hi An','',416,257),(195,'Woodrow','Stutard','+7-613-723-8275','wstutard5e@seesaa.net','84613 Rigney Hill','','Severomorsk','663853',192,248),(196,'Joellen','Lomaz','+81-236-585-2613','jlomaz5f@google.nl','792 Nevada Point','','Himeji','680-0301',323,36),(197,'Elysia','Kloisner','+371-176-792-3856','ekloisner5g@ameblo.jp','40 Trailsway Parkway','','Mrsrags','',95,80),(198,'Teri','Monkley','+967-470-706-7714','tmonkley5h@bbc.co.uk','266 Sunbrook Street','','Mukayrs','',373,416),(199,'Pavel','Aylward','+86-987-332-4887','paylward5i@spotify.com','0 Corscot Pass','','Zhujiang','',69,7),(200,'Valentine','Vause','+359-464-102-2008','vvause5j@webmd.com','9523 Ohio Parkway','','Ardino','4939',393,272),(201,'Reggie','Disley','+63-512-449-5310','rdisley5k@stumbleupon.com','3440 Nelson Plaza','','Navotas','1485',31,173),(202,'Rosella','Klich','+232-538-670-6535','rklich5l@cornell.edu','0 Spenser Park','','Lunsar','',332,159),(203,'Dolores','Puckey','+998-952-459-6138','dpuckey5m@aboutads.info','36 Dexter Place','','Qorovulbozor','',419,499),(204,'Amabel','Thies','+86-392-208-6710','athies5n@walmart.com','3 Bobwhite Point','','Laojunmiao','',458,344),(205,'Eba','Burdge','+86-369-566-5441','eburdge5o@people.com.cn','9841 Vermont Junction','','Chatian','',366,186),(206,'Laurel','Gierck','+62-125-472-1761','lgierck5p@nasa.gov','6950 Hintze Parkway','','Kusi','',144,482),(207,'Rowney','Meryett','+1-477-436-0839','rmeryett5q@artisteer.com','6792 Village Crossing','','Rio Claro','',49,105),(208,'Doroteya','Viccary','+591-736-323-8855','dviccary5r@edublogs.org','3824 Pearson Court','','Aiquile','',212,416),(209,'Dall','Rudkin','+62-989-847-1293','drudkin5s@tinypic.com','0 Warbler Avenue','','Sumbermanggis','',31,93),(210,'Aubert','Lowell','+86-499-350-0727','alowell5t@miitbeian.gov.cn','41 Bartillon Point','','Hushan','',325,326),(211,'Gav','Axe','+7-662-305-0390','gaxe5u@bloglovin.com','68 Harbort Point','','Severnyy','141707',433,117),(212,'Cindy','Jorgesen','+62-707-578-0781','cjorgesen5v@mac.com','3 Chinook Pass','','Citampian','',106,111),(213,'Barry','Lewens','+62-413-564-1338','blewens5w@acquirethisname.com','7 Magdeline Way','','Sumberejo','',146,464),(214,'Doralynn','Bransgrove','+685-892-681-5818','dbransgrove5x@amazon.com','21 Del Mar Parkway','','Faleula','',329,153),(215,'Lola','Portigall','+7-871-424-2388','lportigall5y@myspace.com','5 Rowland Terrace','','Saryshaghan','',11,284),(216,'Townie','Witty','+420-451-596-6677','twitty5z@shareasale.com','5 Twin Pines Park','','Moravsk Krumlov','672 01',438,185),(217,'Myrtice','Daglish','+351-485-149-9714','mdaglish60@weibo.com','1 Raven Crossing','Setbal','Flor da Mata','2840-707',133,94),(218,'Adams','Maisey','+52-663-995-4662','amaisey61@newyorker.com','2509 Portage Crossing','Oaxaca','Emiliano Zapata','70805',366,139),(219,'Chester','Depport','+54-417-491-1278','cdepport62@usnews.com','2198 Holmberg Terrace','','Cruz del Eje','5280',473,247),(220,'Flint','Sparshott','+380-174-318-8762','fsparshott63@squidoo.com','56103 Garrison Alley','','Horodyshche','',223,106),(221,'Abramo','Linn','+355-341-803-3188','alinn64@engadget.com','33853 Main Center','','Selenic','',285,423),(222,'Scotti','Grahlman','+86-919-429-3952','sgrahlman65@slideshare.net','1 Graedel Point','','Qinjiang','',394,491),(223,'Marijo','Armall','+62-382-836-4986','marmall66@army.mil','5 Montana Place','','Saniwonorejo','',200,380),(224,'Andria','Kelshaw','+351-394-889-3380','akelshaw67@mozilla.com','12009 Melrose Way','Castelo Branco','Vila de Rei','6110-176',166,60),(225,'Cesya','Belliard','+86-861-207-8217','cbelliard68@a8.net','7320 Boyd Way','','Daguyun','',289,236),(226,'Fannie','Blaymires','+66-871-757-2297','fblaymires69@marriott.com','12 Merry Drive','','Ban Talat Yai','83120',14,92),(227,'Natividad','Cay','+63-142-334-6722','ncay6a@pcworld.com','518 Hagan Terrace','','Maonon','4402',254,153),(228,'Heidi','Joncic','+27-563-825-8380','hjoncic6b@plala.or.jp','2187 Elka Avenue','','Cullinan','1005',343,385),(229,'Shoshana','Duddin','+249-292-834-0627','sduddin6c@wiley.com','73815 Dryden Avenue','','Um Jar Al Gharbiyya','',127,348),(230,'Putnam','Schukraft','+380-381-853-7546','pschukraft6d@salon.com','131 Hooker Plaza','','Chornorudka','',17,146),(231,'Malanie','Rose','+7-988-781-0786','mrose6e@boston.com','14388 Sutteridge Pass','','Zhatay','182514',234,115),(232,'Jerrilee','Whiteway','+1-484-317-7774','jwhiteway6f@wiley.com','097 Lake View Plaza','Ontario','Stratford','C1B',439,99),(233,'Chrissie','Slocom','+1-796-471-8734','cslocom6g@dyndns.org','52484 Blackbird Point','Qubec','Plessisville','G6L',72,310),(234,'Montague','Belly','+380-222-639-7998','mbelly6h@japanpost.jp','022 Loeprich Park','','Semypolky','',176,74),(235,'Fianna','Cowdroy','+227-682-820-6464','fcowdroy6i@free.fr','2 Lerdahl Plaza','','Gaya','',291,50),(236,'Pennie','Plumptre','+420-881-656-8916','pplumptre6j@boston.com','406 Banding Lane','','Zajeov','267 63',49,133),(237,'Billie','Crasswell','+1-516-542-2602','bcrasswell6k@ow.ly','3740 Algoma Terrace','New York','Hicksville','11854',189,152),(238,'Sula','Sherwyn','+48-363-355-8217','ssherwyn6l@epa.gov','2030 Warner Crossing','','Sulmierzyce','98-338',368,212),(239,'Ahmad','Marchi','+63-201-299-2887','amarchi6m@sakura.ne.jp','63 Westend Hill','','Guinticgan','5019',336,334),(240,'Ingrim','Sawford','+63-560-275-0030','isawford6n@gmpg.org','69981 Daystar Place','','Kinalaglagan','5614',6,394),(241,'Jocelyne','Blandford','+54-457-775-4958','jblandford6o@dion.ne.jp','4 Arapahoe Street','','Unquillo','5109',436,307),(242,'Paquito','Foot','+1-703-282-8016','pfoot6p@alexa.com','54 Orin Crossing','Virginia','Reston','20195',55,346),(243,'Yolanda','Jaffa','+82-762-218-6141','yjaffa6q@taobao.com','548 Acker Circle','','Ulsan','',86,449),(244,'Connor','Vaar','+54-970-493-3959','cvaar6r@google.nl','6 Clemons Street','','Anguil','6326',63,117),(245,'Leopold','Hollyard','+63-381-212-3555','lhollyard6s@seattletimes.com','778 Springview Terrace','','Giporlos','6811',284,155),(246,'Agnella','Brabyn','+963-762-406-6675','abrabyn6t@loc.gov','326 Red Cloud Place','','As Sab Biyr','',40,464),(247,'Brigham','Farrington','+86-462-510-1697','bfarrington6u@icq.com','3 Birchwood Terrace','','Lianyun','',428,169),(248,'Claire','Winch','+46-796-791-5709','cwinch6v@purevolume.com','94606 Beilfuss Terrace','rebro','rebro','701 81',136,497),(249,'Mariann','Le Franc','+62-637-243-9361','mlefranc6w@census.gov','6 3rd Point','','Lowayu','',234,11),(250,'Katharyn','Aristide','+375-150-856-6217','karistide6x@digg.com','2981 Orin Crossing','','Dzyarzhynsk','',240,104),(251,'Law','Devita','+48-970-308-8983','ldevita6y@ebay.co.uk','405 Pearson Way','','Ksipol','23-415',17,427),(252,'Yorgo','Lackner','+7-577-869-9063','ylackner6z@friendfeed.com','7758 Waywood Street','','Prosvet','641330',106,367),(253,'Mia','Brumbie','+86-464-728-9511','mbrumbie70@blogger.com','0718 Utah Parkway','','Lantian','',293,411),(254,'Gib','Secker','+47-683-895-1864','gsecker71@dion.ne.jp','41 Jana Road','Oslo','Oslo','0806',422,26),(255,'Alicia','Attard','+358-584-413-2676','aattard72@webs.com','8 Porter Parkway','','Brnd','22920',197,441),(256,'Lilith','Gooch','+62-258-106-7453','lgooch73@unc.edu','5 Blackbird Place','','Pasarbaru','',359,201),(257,'Adrien','Comettoi','+57-428-578-5015','acomettoi74@bing.com','845 Menomonie Terrace','','Cinaga','478008',282,186),(258,'Melvin','Alyutin','+62-295-999-9256','malyutin75@whitehouse.gov','24387 Bonner Plaza','','Krebetkrajan','',130,170),(259,'Rici','Mowsdill','+218-985-751-8609','rmowsdill76@forbes.com','0 Drewry Terrace','','Zliten','',296,220),(260,'Krystle','Dinkin','+251-908-143-0946','kdinkin77@timesonline.co.uk','8 Alpine Way','','Gebre Guracha','',434,368),(261,'Ashbey','Culross','+351-513-580-2222','aculross78@nymag.com','37 Eliot Terrace','Porto','Pvoa','4615-325',11,401),(262,'Floria','Ybarra','+86-965-324-0703','fybarra79@a8.net','2 Grayhawk Parkway','','Jiancheng','',240,477),(263,'Libbi','Erwin','+386-576-599-0935','lerwin7a@barnesandnoble.com','359 Tennessee Trail','','Lipovci','9241',208,267),(264,'Felicdad','Miebes','+371-689-668-5781','fmiebes7b@sogou.com','2241 Tomscot Road','','Lvni','',196,55),(265,'Wilfred','Bleaden','+66-679-852-1862','wbleaden7c@redcross.org','49 Waubesa Court','','Pakham','92000',238,397),(266,'Henderson','Riddett','+593-177-805-6803','hriddett7d@imageshack.us','4977 Nevada Trail','','Catamayo','',470,210),(267,'Ulrike','Oxlee','+7-285-570-1597','uoxlee7e@cmu.edu','79 Forest Lane','','Issa','442710',137,384),(268,'Aurelea','Laherty','+48-693-332-1928','alaherty7f@shutterfly.com','99 Reinke Road','','Ostrw Lubelski','21-110',257,81),(269,'Tracie','Lattie','+55-707-725-2463','tlattie7g@sourceforge.net','0879 Basil Circle','','Gavea','89136-000',204,324),(270,'Chick','Coulson','+86-161-947-2980','ccoulson7h@nyu.edu','14828 Green Ridge Place','','Zhaowanzhuang','',369,291),(271,'Kelley','Cogar','+359-274-756-3235','kcogar7i@newyorker.com','8880 Arapahoe Drive','','Lesichevo','4465',278,324),(272,'Ardith','Bispo','+55-460-688-5473','abispo7j@businessweek.com','0067 Huxley Street','','Tangu','24890-000',160,393),(273,'Drugi','Webling','+63-810-530-8323','dwebling7k@webmd.com','2028 Nancy Plaza','','Tudela','7202',130,499),(274,'Ainslee','Haruard','+62-853-907-2173','aharuard7l@gravatar.com','77537 Pine View Lane','','Penanggungan','',303,166),(275,'Farrell','Dredge','+374-184-756-2976','fdredge7m@dagondesign.com','5921 Summit Point','','Artsvaberd','',25,73),(276,'Lynnett','Scutts','+353-732-545-7790','lscutts7n@eventbrite.com','8 Novick Court','','Rathwire','Y25',350,288),(277,'Zarah','Schurig','+55-890-819-6599','zschurig7o@apache.org','0 Oak Place','','Ortigueira','84350-000',326,328),(278,'Annamaria','Sotheby','+86-651-523-7295','asotheby7p@foxnews.com','57451 Hauk Drive','','Baishi','',452,188),(279,'Seline','Hoodlass','+63-301-486-1324','shoodlass7q@yahoo.co.jp','91445 Independence Avenue','','Bayawan','4323',94,363),(280,'Lexie','Bigland','+86-838-506-9317','lbigland7r@psu.edu','4235 Novick Avenue','','Shanshi','',122,376),(281,'Colleen','Denerley','+64-867-434-8686','cdenerley7s@npr.org','962 Westend Way','','Waihi Beach','3642',367,396),(282,'Alberik','Chatin','+386-959-760-1693','achatin7t@icio.us','276 1st Trail','','Vrtojba','5291',378,327),(283,'Judye','Gifford','+98-766-251-1525','jgifford7u@squidoo.com','8 Blaine Pass','','Sardasht','',31,8),(284,'Diena','Woodlands','+33-762-837-4378','dwoodlands7v@java.com','353 West Junction','Midi-Pyrnes','Toulouse','31029 CEDEX 4',172,144),(285,'Rinaldo','Beaglehole','+46-524-361-8888','rbeaglehole7w@independent.co.uk','19 Dawn Avenue','Norrbotten','Pajala','984 28',86,205),(286,'Arny','Brangan','+998-418-345-7221','abrangan7x@unesco.org','210 Marquette Crossing','','Qorovulbozor Shahri','',357,461),(287,'Lazar','Vanini','+33-150-695-8336','lvanini7y@mayoclinic.com','12 Sutteridge Court','Provence-Alpes-Cte d\'Azur','Marseille','13269 CEDEX 08',135,460),(288,'Robert','Woodroff','+1-785-172-3918','rwoodroff7z@businessweek.com','00075 Prentice Parkway','British Columbia','Princeton','V6V',387,205),(289,'Lucius','Grevel','+33-498-113-8457','lgrevel80@wikimedia.org','14530 Fair Oaks Terrace','Centre','Saint-Pierre-des-Corps','37705 CEDEX',243,92),(290,'Charlotta','Maude','+7-550-377-6644','cmaude81@google.com','79 Melrose Street','','Nuradilovo','368030',299,378),(291,'Calypso','Etherson','+98-976-894-4631','cetherson82@smh.com.au','937 Anzinger Lane','','Shzand','',429,96),(292,'Sapphire','Spriggen','+55-658-434-9293','sspriggen83@diigo.com','7 Dakota Court','','Baro de Cocais','35970-000',3,97),(293,'Adrianne','Barnwille','+62-251-279-3593','abarnwille84@mysql.com','416 Armistice Parkway','','Panimbang','',173,355),(294,'Tami','Yakobovitz','+420-121-574-8791','tyakobovitz85@kickstarter.com','24 Mosinee Center','','Hoice','678 01',251,198),(295,'Gabby','Danilenko','+7-461-413-9424','gdanilenko86@1688.com','3502 Village Green Point','','Kolyshley','442830',354,266),(296,'Gilburt','Deamer','+1-408-316-9773','gdeamer87@arstechnica.com','9 Tennyson Alley','California','San Jose','95108',195,396),(297,'Kerry','Dobbie','+7-422-276-4350','kdobbie88@phoca.cz','1442 Division Hill','','Pervouralsk','623109',283,98),(298,'Juditha','Dafforne','+358-956-763-4354','jdafforne89@tinyurl.com','86 Bellgrove Point','','Kurikka','61301',205,81),(299,'Omero','Mundell','+62-595-637-6248','omundell8a@stumbleupon.com','4 Calypso Place','','Sumberejo','',345,206),(300,'Trixie','Blackler','+66-462-693-6169','tblackler8b@reference.com','4447 Dovetail Pass','','Samut Sakhon','74000',192,395),(301,'Brooks','Emmott','+86-143-663-9792','bemmott8c@google.es','630 Dawn Junction','','Daxindian','',236,97),(302,'Benoite','Rawlyns','+502-920-849-5631','brawlyns8d@disqus.com','0601 Waubesa Center','','Guazacapn','06011',245,63),(303,'Bobbee','Toppas','+1-850-834-6846','btoppas8e@ask.com','7633 Pearson Circle','Florida','Pensacola','32505',498,65),(304,'Markos','Lehrahan','+234-817-825-3496','mlehrahan8f@blogspot.com','03 Arapahoe Point','','Kontagora','',53,396),(305,'Hale','Gidney','+86-381-453-7947','hgidney8g@dell.com','79265 Scott Plaza','','Shuanghekou','',157,447),(306,'Tomlin','Gerritzen','+86-844-310-3739','tgerritzen8h@howstuffworks.com','479 Clarendon Trail','','Qilin','',453,99),(307,'Delcina','Sisland','+850-574-495-4639','dsisland8i@cafepress.com','2222 Center Parkway','','Kapsan-p','',295,486),(308,'Laurice','Whithalgh','+63-116-369-0002','lwhithalgh8j@ox.ac.uk','70634 Stuart Parkway','','Bontoc','6604',3,441),(309,'Anthony','Keely','+249-355-745-2540','akeely8k@telegraph.co.uk','9230 Hazelcrest Way','','Al awtah','',377,439),(310,'Marji','Dunlap','+7-659-186-4833','mdunlap8l@reuters.com','9 Mayfield Circle','','Vykhino-Zhulebino','140454',339,288),(311,'Claus','Laybourne','+966-334-935-8135','claybourne8m@trellian.com','1 Fairview Court','','Riyadh','',272,236),(312,'Gypsy','Midgley','+54-879-530-5203','gmidgley8n@jugem.jp','069 Mcbride Avenue','','Famaill','4132',330,175),(313,'Dana','Duker','+7-391-188-9782','dduker8o@ifeng.com','50157 Red Cloud Road','','Chemal','649240',125,193),(314,'Harwilll','Snalham','+48-403-653-5590','hsnalham8p@house.gov','47679 Fieldstone Terrace','','Brodnica','87-302',258,148),(315,'Dawn','Brok','+86-323-623-3301','dbrok8q@hubpages.com','74 Paget Road','','Qijiaxi','',448,401),(316,'Anita','Chinnick','+7-985-179-3588','achinnick8r@dailymail.co.uk','3 Milwaukee Road','','Biryulvo','142717',356,340),(317,'Dickie','Pigot','+63-229-338-5254','dpigot8s@vinaora.com','24209 Banding Lane','','Pontian','8701',232,76),(318,'Ivory','Crichmer','+62-952-503-8822','icrichmer8t@ft.com','40 Ridgeway Circle','','Ciusul','',69,114),(319,'Madalyn','MacAlester','+420-616-768-1675','mmacalester8u@hc360.com','873 Glendale Court','','Star Paka','507 91',170,59),(320,'Rivalee','Buffery','+86-244-227-9229','rbuffery8v@i2i.jp','41 Sauthoff Street','','Liangzeng','',35,313),(321,'Mandi','Bolderstone','+62-929-621-7771','mbolderstone8w@slate.com','4 Gerald Place','','Bacem','',412,308),(322,'Dana','Birkinshaw','+57-536-353-7424','dbirkinshaw8x@addtoany.com','2846 Tennessee Trail','','San Carlos','232517',411,190),(323,'Gaby','Dinwoodie','+507-451-815-6633','gdinwoodie8y@ft.com','97790 Tomscot Avenue','','David','',285,359),(324,'Celinda','Whatley','+7-192-133-9641','cwhatley8z@apple.com','184 Farwell Trail','','Mozhaysk','155126',171,177),(325,'Lavina','Skin','+244-618-685-1088','lskin90@statcounter.com','2 Brentwood Circle','','Malanje','',414,341),(326,'Karlyn','Mussared','+386-840-954-8636','kmussared91@europa.eu','6582 Warner Lane','','Trzin','1236',181,89),(327,'Zandra','Matterface','+62-537-621-7460','zmatterface92@google.es','34 Crescent Oaks Court','','Cidamar','',170,478),(328,'Norri','Gayther','+220-644-252-1913','ngayther93@wikia.com','21778 Sugar Junction','','Jakhaly','',37,418),(329,'Letizia','Sisse','+86-366-474-2074','lsisse94@nba.com','51 Hoard Road','','Longcheng','',187,486),(330,'Lanette','Gregon','+57-875-645-4045','lgregon95@ted.com','811 Becker Court','','Sincelejo','700017',478,357),(331,'Josee','MacAndreis','+55-295-453-3745','jmacandreis96@sohu.com','19747 Green Ridge Circle','','Ipor','76200-000',215,207),(332,'Hope','Wellstead','+353-950-684-6822','hwellstead97@printfriendly.com','8 Eastlawn Terrace','','Dromiskin','W23',452,4),(333,'Ashly','Olivet','+62-360-349-1960','aolivet98@indiegogo.com','92 Autumn Leaf Plaza','','Ciudian','',417,496),(334,'Sofia','Lyptratt','+386-523-281-3018','slyptratt99@cpanel.net','996 Bartelt Plaza','','Pamee','2383',163,392),(335,'Christophorus','Glyn','+55-480-339-6475','cglyn9a@deviantart.com','53 Center Hill','','So Paulo de Olivena','69600-000',479,222),(336,'Perry','Dundredge','+20-222-912-6669','pdundredge9b@rambler.ru','5826 Fremont Circle','','Suez','',494,487),(337,'Elyse','Ninotti','+86-652-304-2626','eninotti9c@nature.com','98 Truax Street','','Xinhang','',477,343),(338,'Eleanora','Moulder','+60-251-615-6945','emoulder9d@vkontakte.ru','2 Warbler Street','Kelantan','Bachok','16070',216,324),(339,'Gavrielle','Towriss','+27-719-658-9029','gtowriss9e@biglobe.ne.jp','22175 Sloan Point','','Phuthaditjhaba','9869',159,146),(340,'Lisle','Sammons','+375-163-953-7991','lsammons9f@youtu.be','249 Harbort Circle','','Kamyanyets','',225,449),(341,'Eveleen','O\'Daly','+86-470-861-1384','eodaly9g@zdnet.com','035 Green Crossing','','Bachuan','',423,500),(342,'Abbe','Rasor','+963-768-750-2756','arasor9h@usa.gov','9 Lakewood Parkway','','Qadsy','',182,386),(343,'Kristy','Lazenbury','+54-698-849-1877','klazenbury9i@theglobeandmail.com','7146 Eastwood Park','','Quilmes','5270',370,470),(344,'Donaugh','Twelvetrees','+249-707-154-5092','dtwelvetrees9j@google.es','03 Kingsford Circle','','Ab Zabad','',32,293),(345,'Laverna','Wasson','+86-824-371-6829','lwasson9k@mapquest.com','14 Crownhardt Alley','','Yangqing','',449,415),(346,'Meg','Harradence','+86-573-341-5963','mharradence9l@usda.gov','186 Chive Court','','Diaoluoshan','',146,159),(347,'Hunter','Geill','+675-845-610-8486','hgeill9m@umich.edu','2 Reindahl Crossing','','Vanimo','',473,477),(348,'Caron','Heball','+7-926-913-1030','cheball9n@telegraph.co.uk','013 Towne Hill','','Berzovyy','682738',324,172),(349,'Merissa','Adshead','+86-806-789-5851','madshead9o@miibeian.gov.cn','376 Dovetail Pass','','Tuochuan','',57,359),(350,'Ana','Lapre','+55-368-621-8762','alapre9p@github.io','1 Pawling Street','','Campo Grande','59680-000',18,320),(351,'Cecile','Vercruysse','+380-124-479-4786','cvercruysse9q@weibo.com','3 Weeping Birch Point','','Ulichnoye','',321,444),(352,'Em','Siggens','+86-657-580-2257','esiggens9r@fastcompany.com','2898 Amoth Place','','Jinshanzui','',247,127),(353,'Tamma','Jovasevic','+86-317-156-2846','tjovasevic9s@biglobe.ne.jp','54826 Little Fleur Hill','','Changsha','',186,171),(354,'Maybelle','Covotto','+47-773-783-3780','mcovotto9t@hp.com','189 Dottie Trail','Buskerud','Drammen','3027',482,281),(355,'Michel','Petrolli','+62-769-208-5283','mpetrolli9u@163.com','784 Little Fleur Park','','Waru','',24,430),(356,'Julietta','Thatcher','+33-501-552-1664','jthatcher9v@digg.com','709 Village Green Way','Aquitaine','Bordeaux','33026 CEDEX',320,169),(357,'Imogene','Sertin','+81-510-969-3392','isertin9w@squidoo.com','80784 Kim Court','','Minato','988-0505',24,131),(358,'Ikey','Dyson','+46-250-226-6664','idyson9x@baidu.com','5002 Ryan Trail','Norrbotten','Boden','961 19',212,224),(359,'Claresta','Besantie','+46-461-872-0074','cbesantie9y@biglobe.ne.jp','434 Crescent Oaks Parkway','Sdermanland','Nykping','611 35',107,152),(360,'Carine','Hollingsby','+57-908-205-3335','chollingsby9z@youtube.com','2 Washington Parkway','','Zaragoza','052448',136,197),(361,'Adelle','Tenaunt','+62-635-888-9897','atenaunta0@apache.org','28 Pierstorff Center','','Bantilan','',61,351),(362,'Dunn','Pellitt','+81-529-834-3750','dpellitta1@webmd.com','77869 Corscot Park','','Fujieda','426-0025',315,269),(363,'Teresina','Boggas','+63-179-167-1625','tboggasa2@printfriendly.com','938 Westerfield Street','','Kabasalan','7005',103,60),(364,'Kirby','Ajean','+86-585-908-3572','kajeana3@ibm.com','542 Portage Point','','Longjiang','',81,442),(365,'Aloise','Badby','+216-482-526-5991','abadbya4@smh.com.au','755 Onsgard Lane','','Douane','',484,146),(366,'Robinet','Wones','+389-461-947-3044','rwonesa5@csmonitor.com','522 Canary Terrace','','','1325',36,301),(367,'Walton','Adamson','+374-565-834-0349','wadamsona6@wired.com','70 3rd Trail','','Byuravan','',267,77),(368,'Tammara','Maliphant','+1-962-506-3806','tmaliphanta7@google.fr','5 Leroy Street','','Mella','10510',308,203),(369,'Dorelle','Clutton','+48-767-836-4388','dcluttona8@wordpress.org','1835 Sherman Court','','knica','68-208',129,326),(370,'Knox','Radke','+81-235-764-1838','kradkea9@zdnet.com','90 Moulton Junction','','no-hara','739-0559',119,368),(371,'Julieta','Showt','+33-861-593-4251','jshowtaa@php.net','50 Dawn Crossing','Basse-Normandie','Caen','14008 CEDEX 1',56,19),(372,'Norine','Euplate','+48-784-814-4021','neuplateab@themeforest.net','09419 Jackson Parkway','','Opatowiec','28-520',72,362),(373,'Gino','Mullett','+55-154-620-2709','gmullettac@google.ru','309 Sunfield Place','','Itaperuna','28300-000',336,485),(374,'Dermot','Gouck','+48-675-684-7828','dgouckad@msn.com','5 Eagle Crest Road','','Czerwonak','62-004',34,13),(375,'Abigail','Schoenleiter','+86-870-589-6397','aschoenleiterae@tamu.edu','3143 Derek Terrace','','Tiantang','',90,251),(376,'Zaneta','Blade','+597-366-982-1933','zbladeaf@vkontakte.ru','4 Center Parkway','','Paramaribo','',278,354),(377,'Zelma','Catmull','+58-846-579-6013','zcatmullag@berkeley.edu','5 Buhler Hill','','Temblador','',438,472),(378,'Alasteir','Vasyutin','+62-468-756-3481','avasyutinah@elpais.com','782 Forest Run Street','','Yogyakarta','',464,80),(379,'Haley','D\'Avaux','+55-698-319-8269','hdavauxai@wp.com','06 Emmet Circle','','Santo Amaro','44200-000',432,96),(380,'Rodolfo','Tremellier','+92-450-712-1967','rtremellieraj@google.ca','769 Beilfuss Place','','Llin','35470',80,331),(381,'Suzy','Mewe','+351-464-561-5769','smeweak@ca.gov','30 Dovetail Parkway','Setbal','Pinhal General','2865-193',197,431),(382,'Rosabel','Cremen','+62-953-955-0067','rcremenal@bandcamp.com','36855 Farmco Street','','Krajan Alastengah','',55,133),(383,'Shena','Sall','+94-495-896-8373','ssallam@issuu.com','19309 Novick Place','','Dambulla','21100',297,185),(384,'Brynn','Andras','+63-908-626-4969','bandrasan@oaic.gov.au','59641 Loeprich Court','','San Esteban','2706',50,351),(385,'Gavan','Son','+381-201-536-8253','gsonao@nymag.com','5121 Thierer Pass','','Sajan','',55,250),(386,'Allan','Caughte','+967-717-828-5234','acaughteap@sciencedirect.com','9 Manitowish Parkway','','Judaydah','',330,375),(387,'Huberto','Chaffyn','+1-937-281-4671','hchaffynaq@free.fr','6 Grayhawk Park','Qubec','Cowansville','J2K',300,389),(388,'Marie','Gossart','+218-328-235-4635','mgossartar@smh.com.au','30820 Loomis Way','','Az Zuwaytnah','',276,327),(389,'North','Fernley','+62-309-478-1145','nfernleyas@princeton.edu','5 Sycamore Street','','Sendangwaru','',124,265),(390,'Jilleen','Domenc','+504-488-650-6333','jdomencat@twitpic.com','817 Hoffman Center','','Dulce Nombre de Culm','',368,295),(391,'Astra','Rule','+507-768-129-8161','aruleau@foxnews.com','686 Barby Parkway','','El Cao','',67,282),(392,'Nessy','Desmond','+54-928-934-2612','ndesmondav@gnu.org','3842 Reindahl Hill','','Brandsen','1981',495,158),(393,'Lorraine','Gammie','+62-522-900-9265','lgammieaw@digg.com','81805 Cambridge Lane','','Batubantar','',205,183),(394,'Michel','Bilovsky','+86-519-846-2184','mbilovskyax@eventbrite.com','3 Russell Junction','','Hezhi','',419,408),(395,'Tami','Callander','+62-922-442-7945','tcallanderay@google.com.hk','14 Derek Street','','Temorlorong','',152,153),(396,'Jessey','Archbald','+86-118-472-3353','jarchbaldaz@kickstarter.com','3 Kensington Center','','Shishan','',104,474),(397,'Paulie','Eddison','+46-464-100-8395','peddisonb0@ucoz.ru','9069 Moulton Terrace','Stockholm','Sundbyberg','172 39',414,31),(398,'Verla','Bendle','+46-551-241-4979','vbendleb1@cyberchimps.com','2 Susan Terrace','Norrbotten','Kalix','952 61',387,241),(399,'Torre','Gaythwaite','+381-750-357-4119','tgaythwaiteb2@foxnews.com','59 Meadow Ridge Way','','Panevo','',259,229),(400,'Phillipe','Makinson','+48-138-305-1014','pmakinsonb3@spiegel.de','2 Susan Lane','','Nekla','62-330',306,200),(401,'Klara','Boole','+242-726-985-8080','kbooleb4@reference.com','8 Armistice Drive','','Bukavu','',426,81),(402,'Emanuele','Vlahos','+62-251-913-8603','evlahosb5@paypal.com','93 Spenser Avenue','','Pamedilan','',175,476),(403,'Bondy','Fairburn','+48-184-797-0402','bfairburnb6@1und1.de','076 Morrow Hill','','Miejska Grka','63-910',160,466),(404,'Morris','Arno','+232-594-260-5147','marnob7@newsvine.com','12666 Hallows Plaza','','Sumbuya','',312,148),(405,'Anjanette','Jovanovic','+33-916-781-0285','ajovanovicb8@ibm.com','85998 Menomonie Court','Alsace','Wissembourg','67165 CEDEX',1,52),(406,'Gilberte','Tomasino','+82-387-861-6029','gtomasinob9@nydailynews.com','351 Evergreen Crossing','','Gapyeong','',462,299),(407,'Gnni','Sherrett','+62-839-835-5858','gsherrettba@g.co','40 Washington Alley','','Bunutan','',8,385),(408,'Alfons','Sang','+86-860-502-9384','asangbb@about.com','4 Cambridge Trail','','Nubma','',369,148),(409,'Berty','Witts','+86-206-915-1989','bwittsbc@reverbnation.com','0 Blackbird Junction','','Pingshui','',271,159),(410,'Thacher','Lush','+86-169-582-6161','tlushbd@nymag.com','77474 Sunbrook Way','','Cairima','',455,245),(411,'Roxie','Thursfield','+880-408-952-8736','rthursfieldbe@skyrock.com','3 Gerald Center','','Joypur Ht','1510',39,397),(412,'Ketty','Holttom','+86-748-671-7367','kholttombf@ebay.com','2382 Vernon Junction','','Sizao','',206,3),(413,'Bendicty','Westwood','+86-446-290-1242','bwestwoodbg@cdc.gov','17 Manley Center','','Chuandao','',50,141),(414,'Reese','Ellph','+353-295-323-9739','rellphbh@gnu.org','8 Fairview Hill','','Cill Airne','N41',425,220),(415,'Elyn','Schiell','+86-337-754-5314','eschiellbi@google.co.uk','39896 Jenna Road','','Huoshaodian','',193,470),(416,'Hall','Karlqvist','+7-874-882-7427','hkarlqvistbj@nyu.edu','00052 Charing Cross Circle','','Vychegodskiy','165340',420,190),(417,'Blinnie','Cleaves','+63-317-298-7647','bcleavesbk@si.edu','703 Trailsway Way','','Abut','2720',490,163),(418,'Chickie','Elintune','+63-765-560-7771','celintunebl@twitter.com','3 Eagan Terrace','','Cabiao','3107',103,175),(419,'Viole','Battista','+48-623-451-2639','vbattistabm@cloudflare.com','1 Quincy Avenue','','Duczki','05-205',352,79),(420,'Paige','Midghall','+380-212-449-6588','pmidghallbn@arstechnica.com','58 Calypso Parkway','','Shyroke','',52,209),(421,'Polly','McGaughey','+86-977-658-3036','pmcgaugheybo@hc360.com','32 7th Terrace','','Yantan','',345,140),(422,'Nicolai','MacKellar','+380-362-270-2727','nmackellarbp@cnet.com','94555 Mallory Place','','Mysove','',377,492),(423,'Madelyn','Millar','+231-761-798-4571','mmillarbq@accuweather.com','04108 Jana Parkway','','Monrovia','',59,12),(424,'Lay','Tremain','+380-634-936-4333','ltremainbr@cornell.edu','14 Amoth Terrace','','Rakiv Lis','',189,40),(425,'Muriel','MacNeillie','+86-159-350-2119','mmacneilliebs@gov.uk','16 Charing Cross Court','','Langxi','',137,311),(426,'Ora','Stuehmeyer','+598-305-751-7406','ostuehmeyerbt@earthlink.net','1382 Northridge Trail','','Cardal','',391,391),(427,'Orazio','Ginnelly','+55-529-962-1446','oginnellybu@jiathis.com','945 Elgar Place','','Parnamirim','56163-000',222,162),(428,'Gracia','Schumacher','+354-375-237-8725','gschumacherbv@github.com','13 Myrtle Pass','','Vogar','190',143,428),(429,'Gleda','Scanlon','+7-354-887-2218','gscanlonbw@ifeng.com','7 Monument Parkway','','Myrzakent','',459,17),(430,'Latashia','Harrowell','+57-753-729-6520','lharrowellbx@desdev.cn','297 Claremont Plaza','','Ginebra','763518',413,16),(431,'Erwin','Olek','+254-308-103-5978','eolekby@umn.edu','9762 Packers Lane','','Molo','',57,291),(432,'Karrah','Casarino','+48-149-183-7459','kcasarinobz@amazon.de','82 Utah Alley','','Ostrorg','02-072',211,107),(433,'Curran','Stuehmeyer','+7-746-850-4982','cstuehmeyerc0@dedecms.com','073 Messerschmidt Junction','','Smolenka','427645',37,79),(434,'Jen','Goodyear','+7-902-663-0201','jgoodyearc1@live.com','3 Esch Place','','Sokol','347252',445,183),(435,'Maria','Sturdey','+86-699-608-0078','msturdeyc2@meetup.com','7 Caliangt Plaza','','Lhasa','',471,465),(436,'Micheil','Garlee','+7-716-801-5333','mgarleec3@bbc.co.uk','10 Stephen Point','','Pribrezhnyy','624620',445,354),(437,'Saree','Rushmare','+62-248-146-2534','srushmarec4@gmpg.org','41320 Tony Point','','Situsari','',350,383),(438,'Ivett','Cure','+86-365-611-6940','icurec5@twitter.com','77 Evergreen Parkway','','Fanzhen','',12,42),(439,'Tallou','Dwire','+86-210-295-6620','tdwirec6@nytimes.com','63979 Clarendon Pass','','Gaotai','',63,433),(440,'Consuela','Bubbins','+62-735-478-7809','cbubbinsc7@shutterfly.com','7 Old Shore Trail','','Parajara','',298,470),(441,'Filippa','Isaac','+62-889-814-7313','fisaacc8@sphinn.com','43556 Sommers Junction','','Jagong','',352,56),(442,'Ron','Teck','+237-518-285-6668','rteckc9@microsoft.com','1 Manufacturers Alley','','Eda','',117,417),(443,'Sallee','Gyrgorcewicx','+86-458-896-2381','sgyrgorcewicxca@fda.gov','087 Derek Way','','Leyuan','',148,63),(444,'Jourdan','Verillo','+62-452-174-1465','jverillocb@cisco.com','45 Bonner Circle','','Mambalan','',475,7),(445,'Faina','Scroggs','+221-888-247-7811','fscroggscc@patch.com','163 Coolidge Street','','Rosso','',176,321),(446,'Shelby','Andrichak','+30-196-627-2687','sandrichakcd@ocn.ne.jp','674 Stephen Drive','','Genissa','',432,54),(447,'Saw','Cisar','+7-869-224-9210','scisarce@etsy.com','5 Packers Trail','','Baykonyr','',471,499),(448,'Mollee','Grcic','+45-892-887-8346','mgrciccf@qq.com','2 Straubel Alley','Region Hovedstaden','Kbenhavn','1532',465,301),(449,'Gabriella','Riep','+81-495-646-7380','griepcg@jalbum.net','8 Randy Avenue','','Maruoka','997-0334',461,382),(450,'Sharity','Fiddyment','+1-803-324-9267','sfiddymentch@google.it','11 Golf View Terrace','','Villa Bison','11105',229,121),(451,'Gonzales','Trulock','+351-350-481-8754','gtrulockci@123-reg.co.uk','0 Red Cloud Crossing','Porto','Covas','4560-061',450,475),(452,'Sean','Fern','+374-780-233-3351','sferncj@joomla.org','7 Delaware Pass','','Verin Artashat','',38,497),(453,'Kipper','Lazare','+992-776-488-1187','klazareck@netvibes.com','54 Lillian Parkway','','Konibodom','',11,77),(454,'Holly-anne','Wisdom','+86-512-420-4726','hwisdomcl@ustream.tv','800 Longview Drive','','Yangchao','',496,174),(455,'Caye','Blouet','+7-900-820-7716','cblouetcm@nsw.gov.au','3003 Debs Parkway','','Verbilki','141930',132,393),(456,'Taffy','Douglas','+86-424-876-7998','tdouglascn@salon.com','0665 Logan Lane','','Baishigou','',485,492),(457,'Charmaine','Coburn','+380-228-423-9874','ccoburnco@whitehouse.gov','97 Corry Drive','','Novohrad-Volynskyy','',414,400),(458,'Tresa','Leven','+57-945-218-1068','tlevencp@com.com','29889 Hagan Avenue','','San Carlos','232517',17,301),(459,'Kaleena','Pippin','+33-410-676-8905','kpippincq@bizjournals.com','21 Heffernan Center','Rhne-Alpes','Le Chambon-Feugerolles','42505 CEDEX',251,159),(460,'Jodee','Eingerfield','+358-474-182-5272','jeingerfieldcr@accuweather.com','6068 Loftsgordon Parkway','','Ruukki','92401',54,8),(461,'Yard','Fivey','+7-247-643-6318','yfiveycs@techcrunch.com','79 Village Crossing','','Plavsk','301477',336,85),(462,'Babita','Blakeway','+95-762-206-9809','bblakewayct@pcworld.com','32938 Northwestern Plaza','','Pyay','',279,6),(463,'Giacomo','Acom','+502-677-984-4605','gacomcu@nasa.gov','14171 Memorial Road','','Patulul','10014',250,311),(464,'Pippy','Romanski','+86-649-432-1572','promanskicv@i2i.jp','21510 Sauthoff Way','','Changtang','',264,52),(465,'Arny','Shanks','+373-227-298-4378','ashankscw@ftc.gov','0 High Crossing Alley','','Bender','MD-3200',441,186),(466,'Terry','Yell','+380-215-110-1046','tyellcx@hugedomains.com','50 Westend Place','','Rechka','',53,53),(467,'Lu','Bakesef','+86-616-707-8437','lbakesefcy@bloomberg.com','20 Meadow Vale Pass','','Sizhou','',437,264),(468,'Neddy','Bellard','+244-195-674-7663','nbellardcz@squarespace.com','16738 Manufacturers Circle','','Ndalatando','',126,363),(469,'Sher','Trayford','+249-506-284-9787','strayfordd0@netlog.com','3 Colorado Crossing','','Bor','',415,323),(470,'Adelbert','Dimbleby','+81-771-250-6769','adimblebyd1@google.com','4699 Eastwood Pass','','Ebetsu','163-0690',309,374),(471,'Marlin','Masserel','+86-550-603-9545','mmassereld2@vimeo.com','392 Morning Crossing','','Longquan','',328,138),(472,'Libbi','Danforth','+51-287-955-4939','ldanforthd3@github.io','877 Florence Circle','','Pucallpa','',310,67),(473,'Calypso','Jagg','+51-462-121-6858','cjaggd4@msn.com','08240 Buena Vista Court','','Colquemarca','',18,380),(474,'Vin','Quinsee','+226-412-262-9661','vquinseed5@si.edu','671 Johnson Way','','Boulsa','',182,79),(475,'Artie','Patridge','+372-248-114-0450','apatridged6@google.com.br','2 Fremont Lane','','Trva','',322,85),(476,'Jerrilyn','Colgrave','+30-526-612-9917','jcolgraved7@samsung.com','91638 Gulseth Avenue','','Kavli','',219,287),(477,'Susana','Castagnier','+86-389-540-6231','scastagnierd8@reddit.com','3097 East Center','','Fengren','',174,201),(478,'Neron','Gorgl','+62-837-323-5398','ngorgld9@spotify.com','63327 Mosinee Parkway','','Sopo','',95,274),(479,'Hort','Wharin','+55-928-696-0338','hwharinda@disqus.com','97 Del Sol Point','','Igarassu','53600-000',153,305),(480,'Ulric','Carous','+86-467-770-2870','ucarousdb@ucla.edu','0 Raven Place','','Qilin','',17,154),(481,'Keir','Newtown','+66-228-687-3396','knewtowndc@sphinn.com','1 Hansons Street','','Sathing Phra','44150',122,272),(482,'Antonella','Rothon','+351-478-275-9708','arothondd@dagondesign.com','502 Morningstar Point','Coimbra','So Pedro','3090-748',213,199),(483,'Stephani','Curme','+51-209-565-1883','scurmede@princeton.edu','8 Schlimgen Way','','Otuzco','',484,139),(484,'Alejoa','Mayell','+33-850-712-8365','amayelldf@patch.com','207 Scofield Park','le-de-France','Paris 19','75949 CEDEX 19',495,183),(485,'Jannel','Frusher','+351-277-671-0910','jfrusherdg@cbslocal.com','53 Manley Parkway','Porto','Foz Sousa','4515-093',382,450),(486,'Wrennie','Hair','+86-553-555-1269','whairdh@godaddy.com','05476 Debs Crossing','','Wenwusha','',247,203),(487,'Neale','Bayman','+7-185-118-4487','nbaymandi@economist.com','78 Canary Park','','Vnukovo','601136',206,226),(488,'Ky','Stollhofer','+7-715-896-0905','kstollhoferdj@myspace.com','399 Boyd Street','','Bastan','658972',369,271),(489,'Esmeralda','Hasney','+63-327-575-5470','ehasneydk@go.com','1197 Raven Avenue','','San Marcelino','2207',494,241),(490,'Obadias','Wixon','+55-571-824-6509','owixondl@list-manage.com','61 Victoria Center','','Nova Friburgo','28600-000',435,165),(491,'Alma','Beincken','+81-751-819-9155','abeinckendm@indiatimes.com','501 Lake View Hill','','Shirone','950-1262',304,272),(492,'Emilia','Pretti','+1-260-371-0016','eprettidn@google.co.uk','19 Hovde Trail','','Charlotte Amalie','00822',469,66),(493,'Camala','Niblett','+420-195-763-9968','cniblettdo@creativecommons.org','9198 Trailsway Parkway','','Teovice','763 02',221,277),(494,'Loy','Roston','+967-595-563-7713','lrostondp@soundcloud.com','61204 Algoma Street','','Dh as Sufl','',98,43),(495,'Rhodie','Crosfield','+57-122-483-6509','rcrosfielddq@yellowbook.com','9006 Glendale Circle','','Popayn','190018',258,474),(496,'Lew','Bedow','+86-924-500-6074','lbedowdr@deliciousdays.com','7 Hollow Ridge Place','','Youfang','',301,446),(497,'Harald','Winckle','+1-296-853-3837','hwinckleds@prlog.org','1991 Esker Pass','Ontario','Niagara Falls','L2J',191,61),(498,'Maren','Lefever','+62-863-864-4241','mlefeverdt@wunderground.com','8648 Clarendon Way','','Kupang','',40,6),(499,'Price','Tidswell','+62-839-375-8602','ptidswelldu@clickbank.net','33 Stang Junction','','Gempolan Wetan','',38,109),(500,'Carlynn','Summerbell','+7-825-185-0820','csummerbelldv@mashable.com','4088 Sutteridge Park','','Medvedovskaya','352720',200,45),(501,'Brande','Congreve','+212-464-349-3310','bcongrevedw@ed.gov','655 Maryland Circle','','Tafraout','',109,213),(502,'Rozanne','Saines','+46-615-899-5290','rsainesdx@g.co','96 Straubel Terrace','Vstra Gtaland','Mariestad','542 73',283,243),(503,'Fritz','Pesek','+1-253-329-3514','fpesekdy@etsy.com','06272 Hoard Plaza','Washington','Seattle','98140',238,352),(504,'Saundra','Smallcombe','+63-693-727-8372','ssmallcombedz@imdb.com','296 Rieder Street','','Nagbacalan','2902',34,44),(505,'Kelley','Kemme','+86-886-505-8337','kkemmee0@examiner.com','29643 Sugar Junction','','Shicheng','',357,388),(506,'Keven','Ackenson','+503-369-395-1972','kackensone1@pagesperso-orange.fr','275 Northridge Plaza','','Olocuilta','',55,19),(507,'Cristobal','Reace','+880-229-290-6277','creacee2@howstuffworks.com','94 Gulseth Circle','','Khagrachhari','7407',406,494),(508,'Duff','McVee','+7-692-980-3369','dmcveee3@amazonaws.com','83878 School Drive','','Mikhnvo','142843',392,420),(509,'Floria','Gowdy','+52-849-319-5734','fgowdye4@cafepress.com','886 Gerald Trail','Chihuahua','Magisterial','32350',251,21),(510,'Clair','Pashbee','+357-139-535-1480','cpashbeee5@twitpic.com','984 Hovde Street','','Lioptri','',457,47),(511,'Ware','Habershaw','+385-104-212-9974','whabershawe6@washingtonpost.com','9 Burrows Park','','Podhum','51218',190,216),(512,'Korney','Zoren','+380-623-389-3563','kzorene7@skyrock.com','8 Cambridge Alley','','Velikiye Borki','',342,428),(513,'Bethanne','Knell','+46-670-860-8800','bknelle8@woothemes.com','0306 Onsgard Hill','Stockholm','Solna','171 78',441,239),(514,'Anallise','Chelley','+66-895-376-5469','achelleye9@devhub.com','1 Calypso Plaza','','Khong','30260',389,217),(515,'Adriaens','Harbard','+502-101-601-3959','aharbardea@blinklist.com','1243 Raven Center','','San Antonio Huista','13024',82,465),(516,'Dwain','Cicchitello','+63-346-397-0853','dcicchitelloeb@shutterfly.com','33745 Ramsey Center','','Sampaloc','4329',304,182),(517,'Christoph','Darbon','+33-594-248-6935','cdarbonec@twitter.com','8 Pine View Lane','Lorraine','pinal','88020 CEDEX',65,222),(518,'Eduino','Kealey','+62-470-764-9734','ekealeyed@geocities.jp','7 Crowley Way','','Ngurensiti','',454,243),(519,'Robin','Inde','+86-672-710-1040','rindeee@multiply.com','573 Buhler Pass','','Xinwo','',311,102),(520,'Etheline','Codeman','+51-916-281-2722','ecodemanef@census.gov','64 Lindbergh Street','','Orurillo','',305,162),(521,'Gale','Edmott','+33-918-641-6482','gedmotteg@comsenz.com','330 Tony Parkway','Aquitaine','Bordeaux','33036 CEDEX',97,5),(522,'Esteban','Lennon','+994-688-552-0185','elennoneh@reddit.com','228 Ramsey Avenue','','Goranboy','',201,59),(523,'Maitilde','Roast','+55-767-478-2918','mroastei@forbes.com','3675 Bartillon Lane','','Vitria de Santo Anto','55600-000',226,293),(524,'Cybill','Haccleton','+963-867-562-1954','chaccletonej@jugem.jp','68352 Logan Terrace','','Sasa','',218,57),(525,'Zaneta','Spowart','+298-656-218-9697','zspowartek@networksolutions.com','14 Algoma Trail','','Argir','165',460,294),(526,'Rem','Tortis','+86-703-898-9106','rtortisel@europa.eu','0646 Meadow Valley Plaza','','Fengtang','',348,320),(527,'Elna','Gennrich','+55-932-560-8389','egennrichem@google.co.jp','8639 Elka Terrace','','Santos Dumont','36240-000',321,383),(528,'Rhonda','Weond','+234-614-168-3958','rweonden@telegraph.co.uk','8116 Old Shore Terrace','','Auna','',332,76),(529,'Olympie','Dingsdale','+46-315-176-7978','odingsdaleeo@yandex.ru','98 Bonner Street','Vsterbotten','Skelleftehamn','932 33',155,3),(530,'Clemmy','Ekkel','+380-579-752-4393','cekkelep@last.fm','22218 Ridgeview Way','','Rubizhne','',261,170),(531,'Tandi','McGaffey','+62-477-529-5900','tmcgaffeyeq@slashdot.org','04 Golden Leaf Avenue','','Penambangan','',438,26),(532,'Annmarie','Marchment','+7-679-428-5818','amarchmenter@dailymail.co.uk','38405 Delaware Trail','','Stan-Bekhtemir','662174',454,8),(533,'Betta','Aronin','+1-404-810-1967','baronines@eepurl.com','7360 Mockingbird Pass','Qubec','Asbestos','J1T',227,323),(534,'Bea','McCraw','+1-598-759-4043','bmccrawet@123-reg.co.uk','08 Straubel Place','Qubec','Saint-Sauveur','J0R',284,377),(535,'Carmelita','Rawlins','+86-541-892-0425','crawlinseu@mayoclinic.com','7245 Upham Pass','','Quangang','',81,438),(536,'Chastity','Fouch','+63-362-340-0794','cfouchev@phoca.cz','691 Dunning Junction','','Bairan','4511',155,392),(537,'Mellie','Monksfield','+381-214-112-1197','mmonksfieldew@myspace.com','0 Amoth Circle','','Kutilj','',383,345),(538,'Marlin','Jurs','+420-326-853-3463','mjursex@gmpg.org','99 Melby Point','','Star Msto','788 32',31,333),(539,'Marta','Blincow','+7-742-544-2673','mblincowey@imageshack.us','6 Dixon Place','','Rybnoye','393917',194,155),(540,'Elsworth','Eastam','+1-916-200-3646','eeastamez@wunderground.com','13024 Claremont Road','','San Jose Village','96950',222,365),(541,'Winonah','Tebald','+30-286-265-9167','wtebaldf0@cam.ac.uk','9694 South Junction','','Ziprion','',54,137),(542,'Nickola','Gowrich','+62-633-684-3183','ngowrichf1@newyorker.com','516 Alpine Hill','','Sukamaju','',140,461),(543,'Kean','Heaseman','+86-389-459-7929','kheasemanf2@1und1.de','1 Warbler Plaza','','Shagang','',378,320),(544,'Chip','Preddy','+81-812-874-1540','cpreddyf3@time.com','50007 Pawling Point','','Kitahama','985-0003',137,113),(545,'Phillida','Idwal Evans','+1-305-978-2795','pidwalevansf4@uol.com.br','4 Duke Road','Florida','Clearwater','34615',69,69),(546,'Patrick','Stigell','+66-285-464-8165','pstigellf5@domainmarket.com','30 Division Center','','Ban Phaeo','74120',106,275),(547,'Fleurette','Hobbema','+63-269-924-0144','fhobbemaf6@wix.com','061 Sloan Plaza','','Samboan','6027',73,410),(548,'Emmett','Durrell','+358-494-828-8596','edurrellf7@wufoo.com','88835 Kennedy Parkway','','Lemland','22610',225,367),(549,'Durward','Grinval','+230-126-254-4132','dgrinvalf8@over-blog.com','3653 Cody Hill','','Amaury','',252,458),(550,'Wilma','Richley','+62-707-992-7268','wrichleyf9@sogou.com','0 Norway Maple Park','','Praimarada','',370,298),(551,'Arly','Kellar','+358-994-984-8702','akellarfa@nba.com','620 Mockingbird Terrace','','Kylmkoski','37960',234,395),(552,'Padgett','Vasyanin','+46-953-397-7645','pvasyaninfb@hostgator.com','9685 Nobel Park','Skne','Munka-Ljungby','266 91',36,473),(553,'Trent','Bome','+86-750-946-2727','tbomefc@slashdot.org','401 Moose Alley','','Qianjia','',267,104),(554,'Shelley','Probbin','+33-925-186-6854','sprobbinfd@plala.or.jp','4069 Florence Street','Centre','Orlans','45922 CEDEX 9',46,316),(555,'Arnuad','Josupeit','+84-929-164-5224','ajosupeitfe@meetup.com','58 Homewood Plaza','','Ging Trm','',346,203),(556,'Danyette','MacCartan','+86-344-464-8045','dmaccartanff@so-net.ne.jp','80202 Blaine Road','','Xinquan','',133,191),(557,'Madelyn','Darycott','+62-131-659-3789','mdarycottfg@so-net.ne.jp','02528 Mayer Lane','','Ngangguk','',363,288),(558,'Sven','Creech','+81-752-396-7870','screechfh@parallels.com','4 Utah Circle','','funato','410-0871',448,57),(559,'Claire','Exter','+351-971-271-4401','cexterfi@smh.com.au','56587 Grayhawk Hill','Porto','Boua','4640-210',194,41),(560,'Worden','Raysdale','+57-604-380-8844','wraysdalefj@wisc.edu','915 Center Alley','','La Jagua de Ibirico','203027',39,413),(561,'Jobyna','Aynscombe','+86-883-835-4900','jaynscombefk@unc.edu','22981 Alpine Avenue','','Tieremu','',469,361),(562,'Adelice','Bulcock','+54-158-212-1102','abulcockfl@marriott.com','033 Bashford Center','','Caada de Gmez','2500',199,321),(563,'Aleece','Kreutzer','+86-459-597-1781','akreutzerfm@discuz.net','266 Garrison Center','','Shuntian','',243,62),(564,'Sheff','Sigfrid','+7-172-589-8562','ssigfridfn@arstechnica.com','41486 Elgar Road','','Severnyy','309060',317,408),(565,'Jeanie','Chillcot','+86-611-695-4104','jchillcotfo@printfriendly.com','6422 Birchwood Lane','','Shuangfeng','',388,300),(566,'Gene','Gecks','+86-664-916-1199','ggecksfp@miibeian.gov.cn','2 Cherokee Point','','Fengniancun','',370,272),(567,'Aluin','Duckett','+46-659-166-8589','aduckettfq@dell.com','4610 Rusk Center','Sdermanland','Oxelsund','613 22',418,82),(568,'Raoul','Aliberti','+93-488-566-1694','ralibertifr@jigsy.com','1066 Tennessee Way','','Babasakhib','',53,306),(569,'Derk','Gomby','+351-511-345-3079','dgombyfs@cloudflare.com','9 Myrtle Point','Leiria','Picassinos','2430-418',249,222),(570,'Cheri','Rospars','+66-311-993-2456','crosparsft@desdev.cn','7 Sullivan Way','','Bang Na','10260',197,394),(571,'Hyacintha','Lyford','+63-831-574-9595','hlyfordfu@jigsy.com','05 Green Street','','Gang','3703',306,81),(572,'Lonee','de Guerre','+48-175-326-8364','ldeguerrefv@hatena.ne.jp','600 Reindahl Crossing','','Lipinki uyckie','68-213',151,372),(573,'Viola','Cantle','+86-752-980-7284','vcantlefw@bloglovin.com','3 Dayton Junction','','Jingchuan Chengguanzhen','',252,412),(574,'Daune','Lenglet','+54-504-154-9155','dlengletfx@mapy.cz','93194 Melby Junction','','Merlo','5881',189,41),(575,'Philip','Hutchinges','+7-798-614-4743','phutchingesfy@nymag.com','9918 Warrior Court','','Vanino','682860',197,163),(576,'Camel','Hacon','+86-410-302-0200','chaconfz@home.pl','65862 Hooker Pass','','Hangkou','',386,115),(577,'Homerus','Sieve','+389-561-951-3352','hsieveg0@about.me','018 Jackson Parkway','','Karbinci','2207',430,483),(578,'Kearney','Cusworth','+86-315-698-6766','kcusworthg1@wufoo.com','85177 Mockingbird Point','','Samajie Ewenkeminzu','',364,492),(579,'Parnell','Chmiel','+52-317-230-4930','pchmielg2@illinois.edu','63565 Buell Circle','Chihuahua','Benito Juarez','31770',472,31),(580,'My','Portwain','+81-910-373-6894','mportwaing3@google.cn','82 Hanson Park','','Yamoto','981-0503',182,98),(581,'Adler','Kobiera','+7-958-594-2282','akobierag4@google.nl','18591 Sutteridge Crossing','','Ozerki','309092',56,268),(582,'Onida','Rickasse','+976-538-666-1049','orickasseg5@naver.com','649 Riverside Center','','Buyant','',452,189),(583,'Letisha','Piel','+62-348-721-0867','lpielg6@shop-pro.jp','731 American Circle','','Dajalorong','',17,160),(584,'Nadya','Barclay','+420-145-705-8756','nbarclayg7@unc.edu','22 Valley Edge Avenue','','Nklo','783 32',134,95),(585,'Selig','McKeurtan','+685-684-382-4850','smckeurtang8@uiuc.edu','37925 Park Meadow Park','','Solosolo','',448,223),(586,'Nikaniki','Screaton','+86-433-965-3367','nscreatong9@xrea.com','3397 Vera Plaza','','Taozhuang','',136,321),(587,'Isacco','Cornew','+86-197-390-6498','icornewga@state.tx.us','27 Twin Pines Park','','Wanzu','',269,153),(588,'Hamlin','Pitcaithly','+351-422-403-2243','hpitcaithlygb@cisco.com','598 Springs Lane','Viseu','Valena do Douro','5120-504',89,237),(589,'Neale','Thackham','+48-537-980-9071','nthackhamgc@tmall.com','72 Raven Center','','apczyca','32-744',301,53),(590,'Eleanore','Rubica','+86-408-382-5243','erubicagd@instagram.com','511 Monterey Terrace','','Huangliang','',100,401),(591,'Lyndsey','Robley','+389-170-449-7813','lrobleyge@hud.gov','624 Saint Paul Crossing','','Gostivar','1230',131,28),(592,'Madeleine','Colton','+86-771-802-5678','mcoltongf@ask.com','3 Waywood Way','','Yangxunqiao','',368,422),(593,'Beitris','Quernel','+86-922-107-9682','bquernelgg@dmoz.org','0952 Ruskin Circle','','Longgao','',270,320),(594,'Tiffanie','Grinval','+86-350-162-2288','tgrinvalgh@diigo.com','433 Glendale Place','','Dazhan','',83,76),(595,'Lita','Derell','+46-108-353-7366','lderellgi@guardian.co.uk','5 Heath Pass','Jnkping','Bankeryd','564 35',138,300),(596,'Wesley','Barens','+55-586-504-8608','wbarensgj@adobe.com','603 Columbus Point','','Sorocaba','18000-000',420,63),(597,'Crissie','Grimmer','+380-810-840-8416','cgrimmergk@squidoo.com','96 Pankratz Junction','','Biryukove','',274,82),(598,'Herman','Andryushin','+86-870-414-0159','handryushingl@china.com.cn','78012 Columbus Place','','Huaqiao','',207,349),(599,'Ianthe','Brindley','+62-911-401-4694','ibrindleygm@list-manage.com','75 Lunder Parkway','','Baturinggit Kaja','',336,347),(600,'Nolly','Bampkin','+46-421-631-2720','nbampkingn@marketwatch.com','60021 Lakewood Plaza','Skne','Tomelilla','273 30',22,326),(601,'Ellynn','Josilevich','+81-570-251-4785','ejosilevichgo@mysql.com','333 Annamark Pass','','Narutoch-mitsuishi','779-0311',424,296),(602,'Aurelea','Larive','+62-514-618-0516','alarivegp@patch.com','6 Hazelcrest Plaza','','Sindangsari','',58,10),(603,'Coleman','Hryniewicki','+504-107-953-5763','chryniewickigq@google.it','332 Bashford Trail','','Azacualpa','',137,18),(604,'Virginia','Pressey','+1-682-947-2128','vpresseygr@devhub.com','9 Mallard Court','Texas','Fort Worth','76178',192,381),(605,'Noelyn','Eversfield','+86-981-203-5825','neversfieldgs@bloglines.com','26436 Thierer Lane','','Beichan','',88,469),(606,'Dorothy','Surcombe','+86-161-777-5115','dsurcombegt@cnn.com','4034 Blackbird Way','','Yejia','',355,494),(607,'Carey','Lampard','+62-751-574-8128','clampardgu@cnn.com','08944 Portage Plaza','','Fatumnasi','',244,344),(608,'Brockie','Dorkins','+46-175-781-7308','bdorkinsgv@e-recht24.de','85836 Mitchell Pass','Vstra Gtaland','Kvnum','535 91',492,211),(609,'Reginald','Seathwright','+381-725-589-1736','rseathwrightgw@ebay.co.uk','829 Westend Court','','Mali Io','',111,53),(610,'Jakie','Dugall','+63-272-386-8096','jdugallgx@gmpg.org','35752 Coleman Way','','Tungawan','7018',59,89),(611,'Marie-jeanne','Nicolls','+30-962-825-0180','mnicollsgy@un.org','4 Gina Park','','Chrysopolis','',32,322),(612,'Leland','Reid','+55-998-668-9182','lreidgz@plala.or.jp','37 Colorado Circle','','Paraty','23970-000',430,475),(613,'Jammal','Crossdale','+48-193-135-2449','jcrossdaleh0@blinklist.com','226 Pierstorff Center','','Pantalowice','37-224',325,68),(614,'Calley','Dorset','+598-720-966-4656','cdorseth1@so-net.ne.jp','49408 Manitowish Hill','','Cerro Colorado','',214,177),(615,'Abbey','D\'Agostino','+86-425-162-4996','adagostinoh2@goodreads.com','2728 Homewood Avenue','','Chunhua','',446,7),(616,'Tracy','Neild','+371-146-333-1228','tneildh3@goo.gl','54080 Oneill Point','','Mrupe','',260,360),(617,'Gwendolen','Bartholomaus','+84-925-205-3752','gbartholomaush4@dion.ne.jp','7151 Talisman Trail','','M Tho','',67,479),(618,'Gian','Dalla','+62-751-247-3622','gdallah5@biblegateway.com','6 Del Sol Place','','Maiwal','',82,81),(619,'Ranique','Glidden','+7-816-166-0409','rgliddenh6@rambler.ru','55 Crownhardt Way','','Peterhof','198804',303,84),(620,'Mei','Petrusch','+62-482-295-0380','mpetruschh7@webeden.co.uk','591 Coolidge Place','','Kototujuh','',481,369),(621,'Buddy','Gavaghan','+30-129-623-3384','bgavaghanh8@scribd.com','31 Badeau Avenue','','Mikrkampos','',198,293),(622,'Vicky','Devanny','+993-137-538-4705','vdevannyh9@tiny.cc','5 Dwight Point','','Daoguz','',121,265),(623,'Etienne','Aronsohn','+86-843-443-9814','earonsohnha@huffingtonpost.com','95 Badeau Lane','','Jincang','',204,264),(624,'Nerty','Bratley','+63-662-476-0844','nbratleyhb@usnews.com','74447 Northridge Terrace','','Angadanan','3307',381,194),(625,'Susie','MacCallum','+33-570-335-7898','smaccallumhc@blogspot.com','62 Drewry Trail','Franche-Comt','Montbliard','25204 CEDEX',351,96),(626,'Brien','Mountcastle','+86-306-858-6521','bmountcastlehd@bloglovin.com','42 Toban Avenue','','Yongfeng','',323,300),(627,'Bibbie','Blackater','+230-915-533-5303','bblackaterhe@goo.ne.jp','21899 Pleasure Hill','','Quartier Militaire','',300,62),(628,'Costa','Daymont','+62-252-462-8976','cdaymonthf@bloomberg.com','0275 Manitowish Pass','','Padangtikar','',20,306),(629,'Harlan','Jukubczak','+86-829-290-0782','hjukubczakhg@businesswire.com','36 Crest Line Center','','Qingshan','',498,14),(630,'Horacio','Dear','+86-598-893-7344','hdearhh@squarespace.com','80271 Meadow Ridge Trail','','Mentougou','',182,383),(631,'Derk','Grzegorecki','+375-151-297-5438','dgrzegoreckihi@list-manage.com','81240 Cambridge Circle','','Lyuban','',282,119),(632,'Kort','Porch','+86-614-913-5275','kporchhj@wiley.com','165 Bultman Parkway','','Sanxixiang','',76,108),(633,'Vaughn','Lampard','+998-723-185-5931','vlampardhk@hibu.com','57725 Manitowish Road','','Yangirabot','',334,320),(634,'Thane','Mell','+48-560-113-5513','tmellhl@linkedin.com','05891 Dwight Point','','Sadkowice','96-206',90,476),(635,'Jefferson','Strowthers','+86-378-607-4965','jstrowthershm@economist.com','2 Delaware Road','','Zangbawa','',354,314),(636,'Madelina','Sincock','+48-651-412-7397','msincockhn@washington.edu','245 Havey Trail','','Rogowo','88-420',216,244),(637,'Goldia','Hackford','+1-666-119-5688','ghackfordho@photobucket.com','116 Dryden Junction','Qubec','Cowansville','J2K',449,234),(638,'Sibylla','Mewburn','+351-389-461-4389','smewburnhp@webeden.co.uk','16315 Cascade Hill','Braga','Vilar do Monte','4750-789',109,351),(639,'Merrie','Jacqueminet','+7-210-636-2855','mjacqueminethq@odnoklassniki.ru','9272 Valley Edge Center','','Khokhryaki','427011',478,371),(640,'Kimbell','Saipy','+33-119-559-5867','ksaipyhr@psu.edu','4978 Aberg Trail','Pays de la Loire','Laval','53022 CEDEX 9',24,458),(641,'Robinetta','Trelease','+62-245-481-7834','rtreleasehs@prnewswire.com','2 Mccormick Center','','Caringin','',497,492),(642,'Tyler','Possell','+86-994-560-0787','tpossellht@microsoft.com','2 Buell Parkway','','Taosha','',421,279),(643,'Kaitlyn','Gorioli','+351-973-284-1629','kgoriolihu@geocities.com','4 Sage Way','Viseu','Ponte','3680-191',50,457),(644,'Winnie','Gleasane','+63-407-715-7659','wgleasanehv@smh.com.au','6 Lukken Pass','','Baguio','2600',25,161),(645,'Veronike','Nugent','+86-659-306-9504','vnugenthw@msn.com','8 Briar Crest Drive','','Wangda','',77,262),(646,'Joeann','McGilroy','+63-114-828-4961','jmcgilroyhx@barnesandnoble.com','65615 Pankratz Center','','Cabagan','3328',140,246),(647,'Anson','Fawloe','+995-295-681-6381','afawloehy@whitehouse.gov','829 Ridge Oak Center','','Ozurgeti','',300,391),(648,'Justis','Kohler','+66-382-544-2423','jkohlerhz@1und1.de','52832 Maple Plaza','','Ban Fang','40270',142,34),(649,'Toby','Puddephatt','+51-360-816-2906','tpuddephatti0@trellian.com','6 Anderson Parkway','','Los Aquijes','',494,269),(650,'Francis','Smeuin','+33-365-861-7266','fsmeuini1@sciencedirect.com','34497 Shoshone Street','Rhne-Alpes','Montbrison','42604 CEDEX',79,338),(651,'Ruy','Weaben','+62-335-155-7811','rweabeni2@zdnet.com','780 Victoria Avenue','','Genengan Kulon','',226,385),(652,'Claire','Stanley','+52-852-562-9174','cstanleyi3@cornell.edu','0475 Hansons Point','Veracruz Llave','Revolucion','93610',122,91),(653,'Marietta','Fateley','+351-225-762-1945','mfateleyi4@cnbc.com','32999 West Street','Lisboa','Antas','2630-224',348,335),(654,'Gunar','Borg-Bartolo','+263-184-735-1828','gborgbartoloi5@vkontakte.ru','257 Acker Center','','Centenary','',112,10),(655,'Tobie','Monteaux','+267-793-273-4499','tmonteauxi6@dailymail.co.uk','0 Lakewood Circle','','Maun','',22,426),(656,'Lazarus','Crowdy','+963-727-161-5999','lcrowdyi7@ameblo.jp','35 Hoepker Drive','','Jablah','',456,337),(657,'Adam','Sale','+7-505-688-5858','asalei8@aboutads.info','739 Eastlawn Hill','','Irtyshskiy','644552',448,340),(658,'Briant','Andrag','+86-184-636-1106','bandragi9@oracle.com','110 Ohio Road','','Zaolin','',402,30),(659,'Eda','Lindell','+55-174-133-8418','elindellia@shutterfly.com','182 Graceland Terrace','','Cuiab','78000-000',157,262),(660,'Lothaire','Alvin','+963-970-919-7751','lalvinib@slate.com','56 Homewood Pass','','Al Yarubyah','',43,38),(661,'Petr','Cutchee','+1-801-199-5276','pcutcheeic@networksolutions.com','99 Butterfield Circle','Utah','Salt Lake City','84170',123,134),(662,'Purcell','Rehm','+63-275-593-6787','prehmid@blogspot.com','96 Mosinee Court','','Tiglauigan','7305',358,16),(663,'Edouard','Padson','+62-670-385-9052','epadsonie@hao123.com','560 Dakota Junction','','Krajan Langenharjo','',41,86),(664,'Bailie','Lappine','+48-917-439-7009','blappineif@t.co','783 Lakeland Circle','','Wodzisaw lski','44-373',51,473),(665,'Araldo','Crutchley','+82-341-567-7335','acrutchleyig@timesonline.co.uk','4 Nancy Street','','Moppo','',71,178),(666,'Esme','Tennison','+86-879-886-4841','etennisonih@nationalgeographic.com','476 Bultman Hill','','Yuanba','',52,486),(667,'Annabell','Pettman','+850-340-653-4105','apettmanii@businesswire.com','879 Rowland Drive','','Tongchn-p','',149,365),(668,'Simona','St. Queintain','+86-663-190-7624','sstqueintainij@dedecms.com','35511 Dovetail Hill','','Lutou','',136,148),(669,'Dionis','Pratton','+86-642-167-7353','dprattonik@businesswire.com','470 Tennessee Plaza','','Zhaoguli','',183,124),(670,'Gan','Cresswell','+86-451-586-0899','gcresswellil@wiley.com','102 Anderson Plaza','','Jeminay','',216,297),(671,'Alley','Umney','+62-490-835-9648','aumneyim@people.com.cn','6 Milwaukee Point','','Rato','',71,186),(672,'Conway','Bugler','+33-707-455-1194','cbuglerin@discovery.com','20102 Cambridge Lane','le-de-France','Paris La Dfense','92036 CEDEX',147,95),(673,'Joell','Snazle','+46-658-764-9495','jsnazleio@e-recht24.de','760 Merrick Junction','Halland','Falkenberg','311 35',17,420),(674,'Cece','Carwardine','+86-507-100-5896','ccarwardineip@nytimes.com','34 Oak Valley Drive','','Zhanghua','',366,74),(675,'Bette-ann','Konert','+55-482-752-7244','bkonertiq@usa.gov','9712 Hovde Parkway','','Jales','15700-000',28,476),(676,'Sergeant','Geddes','+7-322-610-6702','sgeddesir@alibaba.com','81685 Lotheville Junction','','Sukpak','667904',241,498),(677,'Riane','Vidloc','+63-885-528-7516','rvidlocis@telegraph.co.uk','38 Moland Lane','','Mat-i','9024',352,232),(678,'Carine','Holtum','+507-487-797-7830','choltumit@naver.com','124 Coolidge Lane','','Palmas Bellas','',95,17),(679,'Ikey','Fereday','+420-298-597-2340','iferedayiu@thetimes.co.uk','03606 Hooker Hill','','ernoice','252 28',235,78),(680,'Fleming','Quinn','+353-126-641-6970','fquinniv@twitter.com','6 Marcy Alley','','Aghada','F23',489,413),(681,'Thebault','Lashbrook','+7-661-593-3301','tlashbrookiw@kickstarter.com','42723 Morningstar Way','','Rublvo','164012',342,419),(682,'Gallagher','Hrishanok','+34-458-457-3623','ghrishanokix@ed.gov','2 Vidon Trail','Andalucia','Almeria','04070',151,375),(683,'Clark','Emmitt','+351-803-230-6270','cemmittiy@sakura.ne.jp','453 Troy Avenue','Coimbra','Carapelhos','3070-605',472,1),(684,'Ginevra','Gorring','+55-385-611-6611','ggorringiz@github.com','03 Schmedeman Circle','','Bauru','17000-000',193,106),(685,'Paulo','Whiston','+353-764-270-1247','pwhistonj0@bloglovin.com','69 Warbler Point','','Kinnegad','R32',345,330),(686,'Archibaldo','Aleksandrov','+86-667-128-2276','aaleksandrovj1@blogs.com','27 Northfield Plaza','','Tuanshansi','',155,312),(687,'Cletus','Durgan','+55-743-631-8144','cdurganj2@dyndns.org','57068 Lake View Hill','','Joo Cmara','59550-000',414,387),(688,'Kim','McGaw','+86-807-920-1685','kmcgawj3@howstuffworks.com','979 Golf Pass','','Yanyang','',195,170),(689,'Irena','Bravey','+62-314-323-9863','ibraveyj4@stanford.edu','4813 Old Gate Avenue','','Cibetung Dua','',218,191),(690,'Con','McMenamy','+1-562-858-1792','cmcmenamyj5@sohu.com','313 Kensington Trail','California','Huntington Beach','92648',396,328),(691,'Stafford','Geri','+62-763-446-9616','sgerij6@flavors.me','3 Lerdahl Lane','','Bokor','',431,19),(692,'Karmen','Handscomb','+86-243-226-0083','khandscombj7@umn.edu','7 Linden Pass','','Xunzhai','',371,480),(693,'Federico','Audsley','+56-140-847-4274','faudsleyj8@google.ca','145 Cherokee Street','','Nacimiento','',25,315),(694,'Roddie','Lambden','+62-599-249-8038','rlambdenj9@deliciousdays.com','0 Oneill Trail','','Gombong','',472,292),(695,'Edgar','Grimsell','+36-618-887-8429','egrimsellja@ted.com','0657 Starling Drive','Somogy','Zselickislak','7404',458,499),(696,'Jacquelin','Boniface','+351-238-730-4691','jbonifacejb@guardian.co.uk','9345 Warbler Street','Braga','Sande Vila Nova','4805-556',13,269),(697,'Dalila','Arran','+86-315-538-8210','darranjc@etsy.com','8 Onsgard Hill','','Xinxu','',367,228),(698,'Sileas','Matyushkin','+81-833-630-2855','smatyushkinjd@sina.com.cn','0434 Nova Junction','','Nagaoka','999-2222',379,411),(699,'Xenia','Giacoppo','+86-259-818-3234','xgiacoppoje@merriam-webster.com','94269 Ridgeway Street','','Wufeng','',489,360),(700,'Lutero','Blackney','+52-695-242-5343','lblackneyjf@cafepress.com','58228 Erie Lane','Chiapas','El Mirador','29140',471,246),(701,'Layne','Tregunna','+7-651-813-3870','ltregunnajg@chron.com','386 Scott Street','','Borok','152743',112,470),(702,'Eddi','Marshalleck','+57-834-816-4961','emarshalleckjh@ucsd.edu','75299 Holmberg Point','','Baranoa','082028',295,162),(703,'Marion','Bloodworthe','+351-393-362-4801','mbloodwortheji@etsy.com','692 Dawn Place','Viseu','Ribeira','4690-480',313,253),(704,'Bebe','Krishtopaittis','+249-677-130-3498','bkrishtopaittisjj@blogger.com','92 Quincy Park','','El Fasher','',299,466),(705,'Kalindi','Dugue','+216-113-976-8255','kduguejk@army.mil','5 Hayes Lane','','Bizerte','',466,328),(706,'Orlando','Haylands','+62-342-984-2909','ohaylandsjl@sciencedirect.com','42608 Bunting Hill','','Mloko','',458,160),(707,'Reg','Rudge','+93-383-855-7918','rrudgejm@vk.com','45266 Oakridge Pass','','Surkh Biland','',43,179),(708,'Adriena','Kreuzer','+55-417-347-4400','akreuzerjn@facebook.com','1 Raven Center','','Juatuba','35675-000',352,414),(709,'Seth','Ginsie','+45-743-687-4327','sginsiejo@purevolume.com','9 Columbus Park','Region Hovedstaden','Kbenhavn','1058',246,29),(710,'Giralda','Battell','+505-837-250-7370','gbattelljp@dailymotion.com','1 Truax Alley','','Chichigalpa','',131,241),(711,'Jori','Tippell','+86-396-886-6140','jtippelljq@discuz.net','97 Hollow Ridge Trail','','Fuzhou','',411,227),(712,'Dominick','Brealey','+49-258-155-0252','dbrealeyjr@unc.edu','59015 Northridge Street','Nordrhein-Westfalen','Dsseldorf','40225',185,16),(713,'Patrizia','Rizzotto','+30-394-557-9654','prizzottojs@sciencedaily.com','5215 Evergreen Road','','Atsippoulon','',431,270),(714,'Thaddus','Merigeau','+63-430-166-1302','tmerigeaujt@earthlink.net','568 Glacier Hill Park','','San Juan','6227',403,50),(715,'Mignonne','Rubinov','+252-460-853-4864','mrubinovju@java.com','9366 Sundown Way','','Hargeysa','',127,400),(716,'Ilysa','Clegg','+7-279-893-1243','icleggjv@uiuc.edu','0989 High Crossing Crossing','','Taldan','676009',243,235),(717,'Nial','Laurence','+30-316-750-1770','nlaurencejw@webnode.com','445 Main Drive','','Na Iona','',119,320),(718,'Ingrim','Sibson','+63-767-175-2125','isibsonjx@google.co.jp','876 Mitchell Circle','','Tabio','2608',368,224),(719,'Sheila','Brunroth','+86-568-380-6936','sbrunrothjy@parallels.com','177 Hayes Junction','','Dalongdong','',384,41),(720,'Sybille','Freen','+1-684-543-2379','sfreenjz@engadget.com','02019 Rockefeller Court','Manitoba','La Broquerie','L2G',304,25),(721,'Nobe','Pozzi','+54-768-140-5745','npozzik0@cocolog-nifty.com','80030 Schlimgen Hill','','San Antonio','4503',361,251),(722,'Albertine','Handrahan','+62-494-243-1392','ahandrahank1@comcast.net','3 Mallory Terrace','','Birayang','',86,420),(723,'Elsie','Boatwright','+963-239-544-6039','eboatwrightk2@google.de','91 New Castle Park','','Armanz','',365,310),(724,'Darleen','Newbury','+86-833-138-1158','dnewburyk3@cornell.edu','46 La Follette Pass','','Lianzhou','',16,8),(725,'Kath','Aslen','+62-427-841-1637','kaslenk4@biglobe.ne.jp','6 La Follette Junction','','Tanjungsari Barat','',20,24),(726,'Evvie','Fransoni','+62-234-293-6017','efransonik5@wsj.com','91 Farmco Court','','Pasireurih','',177,116),(727,'Donny','Petschelt','+385-651-240-9880','dpetscheltk6@1688.com','61 Golden Leaf Crossing','','Jedovec','10250',244,272),(728,'Nanci','Witton','+54-360-948-0335','nwittonk7@spiegel.de','61993 Heath Hill','','General Vedia','3522',305,150),(729,'Merrie','Slewcock','+48-340-973-7494','mslewcockk8@vkontakte.ru','22 Laurel Lane','','Lubrza','66-218',469,302),(730,'Sax','Coaker','+389-237-158-7712','scoakerk9@technorati.com','8900 Armistice Street','','air','1040',286,120),(731,'Deeyn','Philbin','+977-155-294-0836','dphilbinka@reverbnation.com','210 Dapin Crossing','','Dipayal','',420,303),(732,'Fancie','Bottom','+55-696-445-8673','fbottomkb@themeforest.net','02826 Maryland Plaza','','Augusto Corra','68610-000',212,192),(733,'Dominique','Pughsley','+51-581-698-3930','dpughsleykc@hhs.gov','47752 Eagan Drive','','Carabamba','',66,128),(734,'Lianna','Oxley','+86-819-709-3325','loxleykd@netscape.com','93 Karstens Park','','Muyudian','',192,431),(735,'Torrie','Mildenhall','+63-869-113-9528','tmildenhallke@va.gov','091 Hazelcrest Parkway','','Bato','6525',229,307),(736,'Clari','Pinson','+62-286-870-1829','cpinsonkf@abc.net.au','18 Forest Run Place','','Gegernoong','',242,51),(737,'Roosevelt','Haborn','+63-696-374-6706','rhabornkg@artisteer.com','96 Garrison Place','','Santo Domingo','4508',377,278),(738,'Kaia','Jeanet','+502-713-605-4532','kjeanetkh@icio.us','0 Thackeray Drive','','San Antonio Aguas Calientes','03015',92,53),(739,'Faith','Kocher','+57-282-510-5972','fkocherki@accuweather.com','0 Menomonie Park','','Arbelez','252219',378,162),(740,'Devlin','Bransom','+86-863-646-9117','dbransomkj@gravatar.com','53 Maple Wood Hill','','Hantai','',388,129),(741,'Hana','Starten','+591-563-395-7922','hstartenkk@ask.com','6135 Algoma Parkway','','La Blgica','',419,263),(742,'Kevon','Mcwhinnie','+86-992-487-7124','kmcwhinniekl@newyorker.com','8 Granby Lane','','Huanglin','',382,240),(743,'Gray','Sconce','+33-260-218-0260','gsconcekm@paginegialle.it','3015 Luster Avenue','Bourgogne','Avallon','89204 CEDEX',445,491),(744,'Roosevelt','Ghidini','+57-746-273-4584','rghidinikn@amazonaws.com','94 Lukken Pass','','Puerto Santander','548037',426,202),(745,'Faythe','Lembrick','+63-174-749-0973','flembrickko@plala.or.jp','260 Namekagon Circle','','Malitubog','9413',104,181),(746,'Chrystal','Redwing','+51-794-239-0232','credwingkp@instagram.com','0 Heath Road','','Magdalena','',424,149),(747,'Roxy','Roddy','+63-963-826-5998','rroddykq@fema.gov','382 Algoma Point','','Iligan City','9200',444,70),(748,'Jorge','Bazely','+359-289-605-0550','jbazelykr@angelfire.com','0387 Lakeland Point','','Yambol','8600',215,134),(749,'Isidora','Sauter','+972-861-703-1895','isauterks@google.cn','20401 Dunning Avenue','','Holon','',22,307),(750,'Tore','Woodley','+57-975-234-5344','twoodleykt@economist.com','509 Delladonna Terrace','','Momps','473008',275,468),(751,'Dora','Matthieson','+34-419-362-4213','dmatthiesonku@hexun.com','7 Ruskin Road','Andalucia','Sevilla','41020',445,303),(752,'Logan','Mansell','+27-858-808-7267','lmansellkv@ebay.co.uk','4 Banding Trail','','Rustenburg','0390',405,178),(753,'Maxim','Gregine','+351-164-485-1753','mgreginekw@answers.com','954 Holy Cross Way','Santarm','Alvega','2205-105',168,32),(754,'Fredric','Garrat','+86-630-660-9346','fgarratkx@latimes.com','898 Bowman Street','','Huayuan','',353,228),(755,'Maryrose','Boughtwood','+212-333-366-6621','mboughtwoodky@wikia.com','07 Transport Parkway','','Tamanar','',9,266),(756,'Aguste','O\'Towey','+54-630-126-7179','aotoweykz@studiopress.com','0 Warrior Place','','La Cumbre','6354',149,130),(757,'Ulises','O\'Cahsedy','+381-489-867-3673','uocahsedyl0@google.com.au','213 Brickson Park Crossing','','Stepanovievo','',366,488),(758,'Anson','Hold','+234-563-932-0540','aholdl1@craigslist.org','121 Loeprich Road','','Akankpa','',401,20),(759,'Aland','Brett','+351-138-389-0689','abrettl2@wordpress.com','5 Summit Parkway','Lisboa','So Joo das Lampas','2705-785',485,415),(760,'Willie','Arents','+48-466-220-9074','warentsl3@hostgator.com','55 Spaight Avenue','','Gocieradw','23-231',318,429),(761,'Gwenni','Tixall','+55-659-906-1386','gtixalll4@a8.net','141 Morningstar Terrace','','Pitanga','85200-000',91,165),(762,'Elise','Hentzeler','+33-666-228-1159','ehentzelerl5@photobucket.com','53657 Autumn Leaf Avenue','Pays de la Loire','Rez','44409 CEDEX',421,421),(763,'Margaretha','Newham','+86-122-474-2574','mnewhaml6@seesaa.net','5 Jenifer Hill','','Duqiong','',242,77),(764,'Jeanie','MacCague','+62-409-392-8374','jmaccaguel7@amazonaws.com','258 Stone Corner Lane','','Desa Borogojol','',381,270),(765,'Berte','Thomen','+66-415-125-1522','bthomenl8@wordpress.com','06 Ludington Hill','','Ron Phibun','80130',413,323),(766,'Flori','Fusco','+63-333-260-8318','ffuscol9@baidu.com','7810 Maryland Drive','','Sirib','6113',77,428),(767,'Dal','Varian','+420-356-758-4861','dvarianla@bbb.org','22 Corry Trail','','Sezemice','533 04',61,187),(768,'Jackie','Meadmore','+223-837-673-8388','jmeadmorelb@biglobe.ne.jp','8889 Ruskin Way','','Sokolo','',416,107),(769,'Boonie','Ablett','+33-220-355-6951','bablettlc@usda.gov','9394 Forest Hill','le-de-France','Plaisir','78379 CEDEX',40,190),(770,'Idell','Schleswig-Holstein','+46-449-594-5912','ischleswigholsteinld@youku.com','9143 Shelley Parkway','Dalarna','Mora','792 27',414,133),(771,'Christophe','Speers','+420-401-881-9467','cspeersle@theguardian.com','22211 Pearson Alley','','Hradec nad Moravici','747 84',431,384),(772,'Linn','Brookzie','+235-347-398-5724','lbrookzielf@furl.net','609 Dorton Avenue','','Mao','',323,258),(773,'Bunny','Dencs','+503-749-857-4864','bdencslg@dmoz.org','11912 Manitowish Hill','','San Pedro Masahuat','',83,106),(774,'Calv','Tift','+92-994-363-8234','ctiftlh@cdc.gov','23 Truax Avenue','','Haveli','69091',119,190),(775,'Royal','Ginni','+86-451-621-6349','rginnili@smh.com.au','17 Union Pass','','Ziliang','',254,454),(776,'Danna','Maletratt','+52-178-436-1036','dmaletrattlj@ucla.edu','0 Swallow Street','Michoacan De Ocampo','La Loma','61663',291,214),(777,'Hayden','Grunder','+1-916-906-8612','hgrunderlk@infoseek.co.jp','37762 Susan Circle','California','Sacramento','95833',402,498),(778,'Hannie','Kloster','+81-759-138-4483','hklosterll@noaa.gov','6 Ilene Trail','','Kudamatsu','745-0654',114,288),(779,'Eberto','Dellit','+81-359-641-3760','edellitlm@answers.com','65 Harper Center','','Sakura','989-2433',375,83),(780,'Nickey','Beardsell','+33-715-588-1346','nbeardsellln@mapy.cz','41 Barnett Park','Aquitaine','Trlissac','24758 CEDEX',389,74),(781,'Darnell','Brightling','+7-631-207-4775','dbrightlinglo@uol.com.br','6 Warner Place','','Sinegor\'ye','404102',339,489),(782,'Gelya','Halcro','+63-547-747-5792','ghalcrolp@geocities.jp','0953 Rowland Road','','Bontoc','6604',431,112),(783,'Zelda','Avraham','+30-102-979-0883','zavrahamlq@springer.com','727 Oneill Road','','Na Iona','',491,69),(784,'Jard','Bruinemann','+62-231-239-3876','jbruinemannlr@topsy.com','13 Kipling Court','','Oja','',481,458),(785,'Etheline','Vida','+48-286-948-8535','evidals@scribd.com','7500 Golf View Circle','','Lipce Reymontowskie','96-127',288,499),(786,'Adlai','Hagley','+51-922-192-8726','ahagleylt@nih.gov','64062 Upham Street','','Paita','',102,288),(787,'Elliot','New','+44-929-812-7930','enewlu@ow.ly','9 Lakewood Avenue','England','Manchester','M14',447,97),(788,'Clare','Tuxill','+86-671-618-9353','ctuxilllv@prweb.com','529 Anhalt Junction','','Huangnaihai','',476,169),(789,'Ches','Marciek','+27-677-790-3914','cmarcieklw@epa.gov','28 David Junction','','Belfast','1301',351,118),(790,'Lucio','Phorsby','+380-292-721-4134','lphorsbylx@elegantthemes.com','109 Lerdahl Terrace','','Saky','',428,440),(791,'Katinka','Guilfoyle','+420-860-452-6604','kguilfoylely@oakley.com','9 American Hill','','Horn Stropnice','373 35',230,147),(792,'Worthy','O\'Glassane','+380-653-560-4773','woglassanelz@sourceforge.net','7 Hooker Crossing','','Novhorodka','',305,159),(793,'Jeannette','Djorevic','+234-786-127-5221','jdjorevicm0@ebay.co.uk','08 Burning Wood Place','','Misau','',209,353),(794,'Rosene','Blackden','+81-939-842-7679','rblackdenm1@indiatimes.com','06 Meadow Valley Hill','','Kosai-shi','441-3155',210,388),(795,'Babita','Craythorne','+63-829-796-1071','bcraythornem2@weebly.com','94 Butternut Point','','Suyo','2715',29,340),(796,'Artemas','O\'Ferris','+880-967-415-9634','aoferrism3@cnn.com','475 Red Cloud Parkway','','Nryanganj','1414',246,440),(797,'Esme','Gillum','+7-631-124-4803','egillumm4@umn.edu','30645 Corry Parkway','','Uinskoye','617520',13,179),(798,'Sloan','Baudrey','+63-798-772-7226','sbaudreym5@dell.com','49 Eastlawn Alley','','Gibato','5005',21,229),(799,'Zelda','Peperell','+234-933-702-0670','zpeperellm6@studiopress.com','999 Basil Court','','Sapele','',437,484),(800,'Hillyer','Greenrde','+94-175-758-6327','hgreenrdem7@microsoft.com','42194 1st Circle','','Dambulla','21100',118,229),(801,'Brandais','Claxson','+52-369-338-6424','bclaxsonm8@answers.com','95677 Fisk Trail','Oaxaca','Benito Juarez','68448',43,245),(802,'Lydon','Wynrehame','+86-546-846-3733','lwynrehamem9@amazon.com','4 Sycamore Hill','','Jiaxing','',113,239),(803,'Audrye','Sheffield','+86-694-169-0458','asheffieldma@t.co','910 Ilene Road','','Mulan','',51,314),(804,'Maressa','Kiwitz','+86-634-626-7398','mkiwitzmb@imageshack.us','00 Dovetail Way','','Kalayemule','',239,332),(805,'Melisandra','Iremonger','+389-211-369-2058','miremongermc@indiegogo.com','55 Gulseth Park','','','1236',458,378),(806,'Malorie','Tommis','+46-772-943-0107','mtommismd@addthis.com','4 Marquette Drive','Halland','Halmstad','301 10',354,104),(807,'Tedda','Meriton','+86-727-246-0470','tmeritonme@stanford.edu','7 Crownhardt Lane','','Ankou','',164,47),(808,'Evangeline','Feldhorn','+84-668-436-3492','efeldhornmf@sourceforge.net','22 Carey Street','','Mt Ngn','',7,340),(809,'Ring','Angrick','+234-232-668-2182','rangrickmg@cdbaby.com','96680 School Hill','','New Shagunnu','',500,418),(810,'Kip','Tilby','+51-605-602-6607','ktilbymh@artisteer.com','4537 Jay Lane','','Zarumilla','',440,256),(811,'Odelle','d\' Elboux','+86-275-852-6018','odelbouxmi@mysql.com','42981 Sachs Place','','Zhongxing','',130,266),(812,'Berry','McCaw','+81-167-874-6454','bmccawmj@linkedin.com','1 Debra Junction','','Tsuma','881-0033',126,345),(813,'Bronnie','Hierro','+86-397-996-6497','bhierromk@webmd.com','99 Rowland Lane','','Ludishan','',267,329),(814,'Jaynell','Linger','+386-543-982-5061','jlingerml@domainmarket.com','691 Onsgard Way','','Divaa','6215',125,463),(815,'Jakie','Truce','+81-258-901-2868','jtrucemm@ycombinator.com','1 Jenifer Road','','Maki','959-1748',102,264),(816,'Woodie','Haskur','+55-749-927-2721','whaskurmn@cpanel.net','7117 Pine View Drive','','Presidente Bernardes','19300-000',413,213),(817,'Aeriell','Paris','+62-125-188-7606','aparismo@blogger.com','48891 Sunfield Lane','','Randuagung','',263,30),(818,'Cherie','Ridsdell','+86-356-476-9267','cridsdellmp@yale.edu','374 Annamark Park','','Dongdu','',492,366),(819,'Julienne','Ebdin','+7-232-459-3351','jebdinmq@wordpress.com','85 Eagan Alley','','Mikhaylovka','397641',104,127),(820,'Suzanne','Daly','+7-244-407-5209','sdalymr@harvard.edu','153 Corscot Court','','Zaysan','',421,241),(821,'Erick','McWard','+46-226-312-0810','emcwardms@slate.com','6631 Northport Circle','Norrbotten','vertorne','957 32',228,166),(822,'Addy','Twelftree','+86-265-251-9040','atwelftreemt@topsy.com','0604 Hoepker Park','','Liushui','',264,5),(823,'Tuck','Eastup','+81-126-840-9152','teastupmu@webnode.com','55616 Sommers Junction','','Tagawa','997-0753',426,15),(824,'Koenraad','Mitchley','+504-699-449-0599','kmitchleymv@com.com','8 Atwood Point','','San Jos','',329,282),(825,'Darcy','Shelf','+380-115-348-8297','dshelfmw@vinaora.com','6 Claremont Pass','','Kulevcha','',233,409),(826,'Jason','Mara','+39-542-679-4859','jmaramx@state.tx.us','6 Green Ridge Lane','Abruzzi','Pescara','65129',401,498),(827,'Chelsae','Lyons','+385-727-114-7741','clyonsmy@indiegogo.com','399 Northwestern Lane','','Vodnjan','52215',370,188),(828,'Augustina','Guirau','+62-834-846-0807','aguiraumz@virginia.edu','4 Donald Place','','Pulaupinang','',449,325),(829,'Avril','Wims','+51-564-520-6535','awimsn0@berkeley.edu','86 Ruskin Hill','','Cairani','',437,27),(830,'Ralph','Drakes','+420-915-945-1754','rdrakesn1@ted.com','298 Warrior Point','','Hrozntn','584 01',446,256),(831,'Ronalda','Cusack','+62-496-354-5740','rcusackn2@51.la','13815 Dovetail Junction','','Cibeureum','',144,125),(832,'Obadias','Lumsdon','+86-199-873-2030','olumsdonn3@mayoclinic.com','3700 Sauthoff Avenue','','Huoxian','',395,34),(833,'Lissa','Lavallie','+86-888-314-7678','llavallien4@webnode.com','698 Morning Drive','','Hejiayan','',158,458),(834,'Ranna','Graser','+232-397-820-6402','rgrasern5@infoseek.co.jp','0 Portage Lane','','Zimmi','',149,416),(835,'Marisa','Mackie','+20-950-347-1255','mmackien6@statcounter.com','813 Merrick Center','','Mersa Matruh','',137,308),(836,'Arni','Aves','+86-758-370-0459','aavesn7@mail.ru','4833 Waywood Lane','','Andongwei','',337,364),(837,'Frederik','Pendergast','+351-995-306-0997','fpendergastn8@wsj.com','72 Farragut Parkway','Aveiro','Carregal','3800-854',129,129),(838,'Mariellen','Pietersma','+381-849-136-9807','mpietersman9@networkadvertising.org','44 Shopko Place','','Stepanovievo','',198,436),(839,'Peri','Blabber','+1-945-979-5570','pblabberna@usda.gov','5 Victoria Way','Alberta','Coaldale','T1M',497,52),(840,'Archer','Casterot','+62-866-937-4911','acasterotnb@constantcontact.com','845 Kingsford Terrace','','Panolan','',490,229),(841,'Wye','Walsh','+86-585-504-6125','wwalshnc@npr.org','72905 Grim Circle','','Pingshan','',476,450),(842,'Skippy','Sillis','+86-484-616-5952','ssillisnd@stanford.edu','040 North Street','','Jiaoshi','',195,219),(843,'Carmelita','Starte','+33-946-802-2051','cstartene@msu.edu','381 Truax Street','Aquitaine','Mont-de-Marsan','40025 CEDEX',236,442),(844,'Odele','Craythorne','+380-195-976-9583','ocraythornenf@yahoo.co.jp','04 Farmco Crossing','','Petropavlivka','',409,294),(845,'Ibbie','Ketchaside','+86-535-181-4069','iketchasideng@mayoclinic.com','2303 Corry Plaza','','Dianya','',423,473),(846,'Beth','Aleshkov','+30-894-407-6889','baleshkovnh@cafepress.com','36181 Atwood Plaza','','Vrakhti','',291,25),(847,'Benetta','Soule','+351-875-163-4163','bsouleni@pbs.org','3 Morning Trail','Faro','Algoz','8365-059',425,202),(848,'Mavis','Bowne','+46-417-768-4129','mbownenj@printfriendly.com','4157 Upham Junction','Vstra Gtaland','Lindome','437 36',32,330),(849,'Waylon','Finey','+33-332-943-1973','wfineynk@washingtonpost.com','0676 Grim Alley','le-de-France','Rungis','94569 CEDEX 2',306,213),(850,'Rolland','Sellan','+86-808-275-4129','rsellannl@comsenz.com','0354 Erie Alley','','Gezan','',204,243),(851,'Farley','Percifer','+86-522-936-1676','fpercifernm@stanford.edu','42 Mallard Pass','','Huocheng','',120,310),(852,'Irwinn','Hartford','+92-751-520-5472','ihartfordnn@ovh.net','1 Everett Plaza','','Mmu Knjan','57301',194,460),(853,'Petronille','Nuth','+27-472-886-3391','pnuthno@chron.com','797 Moose Point','','Mtubatuba','3940',197,131),(854,'Dane','Wardall','+62-772-671-8497','dwardallnp@bandcamp.com','45 Evergreen Terrace','','Lamadong','',453,71),(855,'Adorne','Blatcher','+62-191-934-0121','ablatchernq@joomla.org','3478 Alpine Circle','','Anyar','',186,482),(856,'Gennie','Corder','+86-383-502-2025','gcordernr@buzzfeed.com','52 Norway Maple Center','','Dengfang','',158,216),(857,'Belle','Prinne','+386-377-349-9950','bprinnens@tamu.edu','93585 Thackeray Parkway','','Ljutomer','9240',105,332),(858,'Beniamino','Heavy','+351-788-155-6263','bheavynt@shareasale.com','70707 Elgar Hill','Leiria','Amor','2400-772',406,455),(859,'Viva','Tilsley','+976-932-253-8234','vtilsleynu@who.int','86 Buena Vista Terrace','','Rashaant','',419,403),(860,'Cherice','Houchin','+7-745-571-9015','chouchinnv@livejournal.com','34132 Monica Street','','Chagoda','162400',216,45),(861,'Steffie','O\'Lyhane','+970-682-227-1605','solyhanenw@comsenz.com','5991 Carpenter Way','','Al Fukhkhr','',457,226),(862,'Stacee','Kirsche','+86-533-654-3196','skirschenx@icq.com','45 Elgar Pass','','Xiaqiao','',3,84),(863,'Kenneth','Fettes','+82-223-846-9657','kfettesny@nbcnews.com','725 Fuller Point','','Chuncheon','',243,195),(864,'Danyelle','Renols','+689-112-258-7414','drenolsnz@youtu.be','71387 Fremont Trail','','Afareaitu','',432,117),(865,'Padgett','Tant','+86-331-686-6173','ptanto0@cloudflare.com','103 Thompson Terrace','','Weiwangzhuang','',13,190),(866,'Abigale','Daughtery','+46-262-471-5277','adaughteryo1@live.com','60825 Bayside Way','Stockholm','Tby','183 15',152,383),(867,'Dalli','Casini','+216-755-351-6917','dcasinio2@delicious.com','7 5th Road','','Jendouba','',482,491),(868,'Jonah','Bartkowiak','+86-553-830-7963','jbartkowiako3@topsy.com','1 Hanover Point','','Wuku','',342,485),(869,'Fred','Leonarde','+86-137-588-4110','fleonardeo4@patch.com','34567 Forest Dale Avenue','','Dashi','',288,106),(870,'Rob','Kipping','+380-556-541-2017','rkippingo5@delicious.com','56 Prentice Alley','','Petrivka','',245,234),(871,'Prince','McKibben','+351-668-280-7270','pmckibbeno6@fastcompany.com','79 Derek Way','Ilha da Madeira','Machico','9200-088',34,374),(872,'Ulrikaumeko','Arzu','+1-235-822-3138','uarzuo7@cnet.com','474 Colorado Road','British Columbia','Penticton','V2A',108,276),(873,'Beatrice','Ghioni','+63-944-701-0736','bghionio8@howstuffworks.com','68719 Barby Avenue','','Cotabato','9708',370,423),(874,'Caril','Holywell','+57-664-558-7736','cholywello9@wordpress.com','33 Crownhardt Circle','','El Playn','687509',381,232),(875,'Charlean','Giorgini','+86-494-469-6375','cgiorginioa@google.com.au','45 Nobel Junction','','Bianzhuang','',203,472),(876,'Ken','Duchesne','+86-884-914-9015','kduchesneob@kickstarter.com','871 School Terrace','','Jiamaogong','',282,3),(877,'Rogerio','Wardell','+1-412-577-6974','rwardelloc@dropbox.com','5 Hollow Ridge Lane','Pennsylvania','Pittsburgh','15255',329,403),(878,'Curry','Mongenot','+359-937-409-8998','cmongenotod@opera.com','34453 Manufacturers Point','','Krdzhali','6710',45,370),(879,'Skipper','Cattemull','+60-764-685-7975','scattemulloe@mtv.com','8789 Dennis Court','Kuala Lumpur','Kuala Lumpur','50653',435,180),(880,'Jasmina','Chataignier','+961-432-638-8929','jchataignierof@slashdot.org','0837 Graedel Center','','Ras Bayrt','',192,22),(881,'Dwain','Cavell','+7-381-950-5780','dcavellog@patch.com','35555 Pierstorff Place','','Iksha','141860',58,72),(882,'Correna','Bertram','+850-482-733-8584','cbertramoh@cnet.com','675 Oneill Street','','Chongjin','',64,212),(883,'Jay','Greger','+62-962-728-4741','jgregeroi@canalblog.com','6 Welch Terrace','','Pajaten','',166,206),(884,'Tina','Greville','+351-988-959-5282','tgrevilleoj@behance.net','740 Grayhawk Crossing','Lisboa','Sobral da Abelheira','2640-616',59,285),(885,'Ginni','Walliker','+381-668-542-9333','gwallikerok@ucoz.ru','60003 Kennedy Trail','','Aranelovac','',332,64),(886,'Philippa','Livick','+30-143-882-2474','plivickol@guardian.co.uk','933 Hooker Trail','','yios Niklaos','',402,32),(887,'Claiborn','Giraldon','+57-788-143-0158','cgiraldonom@examiner.com','30599 Debs Crossing','','Lorica','231048',378,164),(888,'Peta','Stockoe','+86-217-708-2756','pstockoeon@photobucket.com','15425 Banding Parkway','','Jiyang','',495,163),(889,'Hastie','Full','+86-330-261-3815','hfulloo@hatena.ne.jp','7732 Sauthoff Pass','','Tiemen','',191,385),(890,'Felecia','Relf','+47-604-585-4085','frelfop@tuttocitta.it','85 Merchant Plaza','Oslo','Oslo','0669',456,142),(891,'Tucker','Cramb','+7-310-944-1698','tcramboq@timesonline.co.uk','0 Dixon Parkway','','Sayansk','662654',334,213),(892,'Anne-corinne','Boxall','+674-459-172-6378','aboxallor@state.tx.us','79749 Main Junction','','Ijuw','',409,324),(893,'Reyna','Fosken','+86-271-776-0896','rfoskenos@parallels.com','8237 Raven Way','','Liuji','',229,386),(894,'Lona','Hanham','+375-969-424-5650','lhanhamot@mapquest.com','85 Bashford Lane','','Kastsyukowka','',224,152),(895,'Kenn','Hickinbottom','+46-835-918-3463','khickinbottomou@fastcompany.com','9730 Florence Drive','Uppsala','Uppsala','751 71',59,60),(896,'Carey','Rottger','+235-403-501-7669','crottgerov@elpais.com','208 Anzinger Road','','Dourbali','',355,461),(897,'Nerta','Darcey','+63-841-797-2087','ndarceyow@wikispaces.com','83963 Rieder Street','','Subic','2209',326,158),(898,'Dot','Edland','+1-981-657-5715','dedlandox@biglobe.ne.jp','7 Hayes Way','','Salcedo','11005',198,405),(899,'Gustavo','Aronstein','+48-316-942-3619','garonsteinoy@intel.com','30 Esch Parkway','','Janikowo','88-160',124,73),(900,'Davide','Mathou','+420-914-728-6502','dmathouoz@yellowbook.com','16820 Mariners Cove Hill','','Kralice na Han','798 12',270,451),(901,'Winne','Darcey','+86-946-266-9816','wdarceyp0@indiegogo.com','8 Barby Avenue','','Sanxi','',491,428),(902,'Sheppard','Pimlock','+86-419-373-5711','spimlockp1@webeden.co.uk','090 Basil Parkway','','Longshan','',65,100),(903,'Omero','Sicily','+62-323-391-0823','osicilyp2@blog.com','07339 Monument Alley','','Mandikbatu','',93,120),(904,'Jessamine','Elcum','+86-288-441-9670','jelcump3@sourceforge.net','4707 Randy Center','','Longqiao','',489,365),(905,'Keefer','Bewicke','+92-345-243-2462','kbewickep4@meetup.com','27 Graedel Pass','','Hsilpur','51130',173,209),(906,'Kylynn','Wilde','+7-316-220-4888','kwildep5@nytimes.com','995 Portage Center','','Rozhdestveno','399768',97,414),(907,'Fredrick','Hedau','+62-740-735-7860','fhedaup6@geocities.com','16 Continental Alley','','Parigi','',296,369),(908,'Ludovico','Rooms','+389-896-128-2151','lroomsp7@globo.com','05 Anniversary Way','','Kumanovo','1300',411,330),(909,'Rob','Stuckley','+237-111-619-6772','rstuckleyp8@blogger.com','90 Tennyson Crossing','','Idenao','',381,110),(910,'Grace','Thewless','+55-336-148-7368','gthewlessp9@apache.org','7703 Ramsey Terrace','','Itaocara','28570-000',370,150),(911,'Marvin','Baskerfield','+49-510-902-8931','mbaskerfieldpa@blogs.com','85823 Sherman Alley','Baden-Wrttemberg','Freiburg im Breisgau','79106',144,311),(912,'Taylor','Duffan','+351-909-218-2682','tduffanpb@economist.com','05920 Bay Circle','Braga','Real','4750-488',115,355),(913,'Derick','Skace','+86-154-992-0147','dskacepc@independent.co.uk','5065 Sherman Alley','','Xiehu','',230,1),(914,'Sibylle','Belward','+48-797-587-2511','sbelwardpd@gnu.org','378 Grover Circle','','Ostrorg','02-072',454,286),(915,'Brigitta','Fishpool','+46-767-741-5273','bfishpoolpe@amazonaws.com','49545 Buhler Center','Skne','Skanr','239 30',359,402),(916,'Anatol','Elnor','+86-738-734-4431','aelnorpf@technorati.com','8575 Westerfield Terrace','','Toutai','',158,17),(917,'Vaclav','Clappson','+225-805-417-9752','vclappsonpg@smh.com.au','9392 Washington Street','','Ferkessdougou','',132,100),(918,'Aloisia','Ruston','+54-847-371-6982','arustonph@unc.edu','36671 Orin Center','','Campo Largo','3716',146,15),(919,'Noami','Lanegran','+351-201-177-9795','nlanegranpi@sakura.ne.jp','45 Spohn Alley','Leiria','Ribafria','2525-713',78,312),(920,'Fan','Glancy','+86-207-530-9402','fglancypj@imdb.com','0 Corscot Place','','Shangyanzhuang','',310,63),(921,'Alene','Kemmis','+298-783-389-5877','akemmispk@dell.com','8 Evergreen Point','','Sandur','215',463,100),(922,'Nikolas','Astlatt','+356-498-831-5861','nastlattpl@photobucket.com','3308 Forest Dale Point','','Kirkop','KKP',370,66),(923,'Georas','McNab','+62-632-312-5924','gmcnabpm@sphinn.com','781 Pepper Wood Hill','','Talu','',445,288),(924,'Anna','McDougall','+963-411-688-4310','amcdougallpn@twitpic.com','3751 Esker Pass','','Al Ghandrah','',4,478),(925,'Tucky','Bauld','+380-274-216-6307','tbauldpo@privacy.gov.au','9 Shopko Court','','Voyinka','',381,19),(926,'Darice','Siburn','+63-650-941-7345','dsiburnpp@nsw.gov.au','94 Annamark Road','','Cabangan','2203',172,386),(927,'Denice','Dannatt','+63-164-286-1530','ddannattpq@paginegialle.it','12 Washington Court','','Cabay','4323',294,10),(928,'Nicolis','Eakens','+86-460-452-9905','neakenspr@microsoft.com','7410 Blue Bill Park Junction','','Jingang','',329,421),(929,'Janina','Matiewe','+58-560-461-3507','jmatieweps@ed.gov','8 Kensington Trail','','Tinaco','',470,397),(930,'Theodore','Skrines','+52-321-260-9433','tskrinespt@is.gd','9502 Waxwing Circle','Tamaulipas','Jardin','87330',146,255),(931,'Elbert','Sanbroke','+46-447-186-1740','esanbrokepu@geocities.com','374 Hanover Junction','Jnkping','Jnkping','550 11',421,109),(932,'Kristan','Service','+55-608-275-1786','kservicepv@tripadvisor.com','8 Shopko Junction','','Biguau','88160-000',146,330),(933,'Lorita','O\'Criane','+1-852-429-2706','locrianepw@springer.com','55186 Parkside Point','Qubec','Sainte-Adle','J8B',35,253),(934,'Tildi','Riddles','+351-134-320-3405','triddlespx@yahoo.com','08997 American Road','Faro','Estoi','8005-453',432,29),(935,'Rorke','Topliss','+7-965-719-5242','rtoplisspy@infoseek.co.jp','42403 Ruskin Crossing','','Khomutovo','664540',56,323),(936,'Heindrick','Knok','+62-827-311-0498','hknokpz@indiatimes.com','19390 Elmside Place','','Baki','',85,486),(937,'Suzette','MacHarg','+7-308-670-7336','smachargq0@youku.com','2182 Ludington Court','','Yashkul','359150',188,359),(938,'Curt','Deerr','+93-874-780-0389','cdeerrq1@go.com','92770 Lyons Trail','','Salm Khl','',106,335),(939,'Tremaine','Abbs','+86-636-303-2845','tabbsq2@bravesites.com','3276 Loomis Parkway','','Jinshandian','',40,64),(940,'Jeddy','Peterkin','+1-215-647-1909','jpeterkinq3@hatena.ne.jp','6226 Bluestem Avenue','Pennsylvania','Philadelphia','19178',320,74),(941,'Moshe','Barti','+964-602-207-7244','mbartiq4@tinypic.com','6 Vernon Parkway','','Kufa','',424,216),(942,'Korney','Tockell','+62-806-716-8420','ktockellq5@1und1.de','4422 Lawn Terrace','','Jorong Lauk','',68,197),(943,'Delano','Gourley','+63-306-835-4889','dgourleyq6@cornell.edu','92324 Novick Alley','','Bacungan','9216',376,423),(944,'Valerie','Triplow','+86-710-426-6600','vtriplowq7@goo.gl','341 Cordelia Hill','','Caohe','',59,324),(945,'Clementine','Noon','+225-678-928-0815','cnoonq8@over-blog.com','76244 Cordelia Alley','','Guiglo','',213,290),(946,'Kristyn','Bingley','+57-636-392-0522','kbingleyq9@vk.com','27000 Marquette Way','','La Paz','685518',8,43),(947,'Cirstoforo','Eastway','+63-368-998-7141','ceastwayqa@hatena.ne.jp','9 Arapahoe Alley','','Lalagsan','6328',132,403),(948,'Trevar','Upson','+66-129-222-5655','tupsonqb@infoseek.co.jp','2 Talmadge Terrace','','Tak Bai','96110',179,370),(949,'Martyn','Bernadon','+86-620-495-2355','mbernadonqc@google.ca','4109 Amoth Court','','Xingfeng','',167,371),(950,'Lenna','McElvine','+255-407-288-6988','lmcelvineqd@devhub.com','5 Hovde Drive','','Katoro','',476,165),(951,'Hanson','Lewinton','+62-156-824-7408','hlewintonqe@xinhuanet.com','95 Welch Court','','Kotatengah','',58,247),(952,'Julietta','Ralphs','+7-303-869-8934','jralphsqf@wordpress.com','670 Moulton Lane','','Semnovskoye','142817',13,313),(953,'Marion','Wiburn','+62-671-842-9067','mwiburnqg@unesco.org','09920 Roth Hill','','Cimalati','',349,40),(954,'Rodi','Klarzynski','+46-554-981-8172','rklarzynskiqh@fda.gov','35 Farwell Terrace','Stockholm','Stockholm','103 70',204,228),(955,'Rudyard','Stenners','+7-451-690-2814','rstennersqi@google.com.hk','5 Bay Point','','Partizansk','309311',474,63),(956,'Gayleen','Lain','+380-887-297-7379','glainqj@china.com.cn','1 Sutteridge Park','','Myhove','',258,129),(957,'Wandie','George','+242-593-532-2531','wgeorgeqk@mit.edu','1040 Sutteridge Center','','Sake','',170,61),(958,'Haily','Gulliford','+62-101-496-7457','hgullifordql@intel.com','032 Dapin Place','','Babat','',300,370),(959,'Ardella','Haryngton','+264-854-599-8234','aharyngtonqm@ocn.ne.jp','955 Harper Parkway','','Outapi','',415,382),(960,'Foss','Widdison','+1-253-862-3180','fwiddisonqn@godaddy.com','601 Jenna Crossing','Washington','Tacoma','98447',88,247),(961,'Mikey','Nevins','+7-534-734-7643','mnevinsqo@cnbc.com','9770 Larry Road','','Tarko-Sale','629851',313,439),(962,'Slade','Poxon','+352-487-838-6657','spoxonqp@github.io','6321 Reinke Alley','','Bergem','L-3318',385,23),(963,'Merci','Honack','+66-662-990-9086','mhonackqq@ox.ac.uk','4311 Goodland Crossing','','Bang Lamung','20150',337,55),(964,'Emelda','Cristol','+33-528-226-7032','ecristolqr@google.com.au','3 Elgar Avenue','Picardie','Chantilly','60647 CEDEX',305,154),(965,'Madelena','Alexander','+86-501-264-6703','malexanderqs@princeton.edu','11933 Morning Place','','Hengjie','',204,143),(966,'Madelena','Blaik','+86-927-574-5595','mblaikqt@cbc.ca','93252 Grayhawk Place','','Gansa','',11,206),(967,'Gennie','Shorto','+33-454-903-7765','gshortoqu@vistaprint.com','789 Debra Plaza','Aquitaine','Bordeaux','33070 CEDEX',76,48),(968,'Lianna','Minear','+48-918-120-4676','lminearqv@weather.com','691 Moose Trail','','Milanwek','05-822',15,209),(969,'Valentine','Huntly','+595-423-535-3046','vhuntlyqw@google.com','0 Dunning Place','','Caacup','',104,139),(970,'Stacey','Vedishchev','+48-372-571-4622','svedishchevqx@de.vu','669 Vermont Trail','','Janikowo','88-160',442,47),(971,'Kathlin','Pirri','+381-909-364-8379','kpirriqy@prnewswire.com','4174 Talisman Park','','Zajear','',23,152),(972,'Claudianus','Morgans','+86-512-609-4290','cmorgansqz@independent.co.uk','4 Golf Course Hill','','Xushuguan','',222,50),(973,'Deanna','Doerling','+86-492-114-3660','ddoerlingr0@hao123.com','9 Thierer Junction','','Geputan','',42,429),(974,'Calida','Devons','+55-941-353-8847','cdevonsr1@chron.com','18 Texas Crossing','','Anicuns','76170-000',110,257),(975,'Jamill','Kennan','+62-974-195-6857','jkennanr2@xing.com','834 Charing Cross Court','','Suwaru','',190,22),(976,'Briny','Cinelli','+86-761-244-7491','bcinellir3@ifeng.com','44 Holy Cross Way','','Tianxin','',333,230),(977,'Adelind','MacGinlay','+52-615-464-7981','amacginlayr4@goo.ne.jp','564 Tony Way','Veracruz Llave','San Francisco','95710',190,243),(978,'Ashely','Vamplus','+86-715-882-1487','avamplusr5@nifty.com','86986 Clove Alley','','Seke','',414,380),(979,'Eugenius','Steinhammer','+81-186-407-4933','esteinhammerr6@dropbox.com','86 Hermina Park','','Amagi','891-7611',404,53),(980,'Alejoa','Harrington','+62-940-862-4257','aharringtonr7@bing.com','99597 Havey Terrace','','Kalidawe','',424,208),(981,'Kimball','McGinley','+62-369-818-7741','kmcginleyr8@hhs.gov','6251 Granby Court','','Sudimara','',326,166),(982,'Lavina','Krochmann','+62-592-329-8110','lkrochmannr9@cnet.com','0634 Alpine Lane','','Ringin Kembar','',394,235),(983,'Ethelred','Sheard','+850-502-994-6358','esheardra@ow.ly','4 Karstens Crossing','','Kusng','',165,377),(984,'Zonnya','Gore','+420-683-883-1587','zgorerb@mit.edu','5291 Nancy Place','','Netolice','507 43',267,95),(985,'Ora','Havile','+62-398-445-7414','ohavilerc@wisc.edu','7266 Haas Crossing','','Kuaro','',310,371),(986,'Egan','Harkins','+61-369-714-8492','eharkinsrd@sun.com','0 Iowa Court','South Australia','Adelaide Mail Centre','5874',88,296),(987,'Jandy','Jozsa','+48-957-279-1204','jjozsare@odnoklassniki.ru','382 Vahlen Park','','Szlachta','83-243',458,344),(988,'Neddie','Ellul','+86-923-800-1551','nellulrf@unc.edu','44 Clemons Parkway','','Tieling','',48,323),(989,'Agathe','Spaduzza','+353-335-320-7051','aspaduzzarg@histats.com','515 Caliangt Court','','Malahide','K36',178,372),(990,'Kinsley','Vickery','+7-904-862-5974','kvickeryrh@ihg.com','38930 Scofield Place','','Sychvo','673550',406,252),(991,'Darsie','Spink','+86-379-752-3394','dspinkri@ezinearticles.com','3 Mccormick Avenue','','Suileng','',360,179),(992,'Aurthur','O\'Sheilds','+86-889-620-7255','aosheildsrj@lulu.com','26562 Messerschmidt Center','','Banxi','',11,485),(993,'Yasmeen','Daouze','+420-890-418-3385','ydaouzerk@ask.com','34587 Troy Alley','','Mistice','687 12',370,101),(994,'Cassie','Kohler','+54-481-178-1970','ckohlerrl@yale.edu','28 Colorado Hill','','Bonpland','3234',305,219),(995,'Prentiss','Tookill','+7-280-817-2414','ptookillrm@sfgate.com','0 Ridgeview Pass','','Konstantinovsk','352410',59,231),(996,'La verne','Philliskirk','+1-234-331-1427','lphilliskirkrn@linkedin.com','7 Holy Cross Drive','Ontario','Waterloo','N2L',388,374),(997,'Hatty','Minster','+62-586-645-3890','hminsterro@mapquest.com','702 Pawling Hill','','Cerme Kidul','',283,222),(998,'Alvan','Maris','+420-378-195-2428','amarisrp@scribd.com','45659 Everett Crossing','','Fulnek','742 45',365,8),(999,'Phineas','Speariett','+54-682-115-7237','pspeariettrq@go.com','42604 Glacier Hill Way','','Catril','6330',436,51),(1000,'Vivi','Grainge','+7-688-910-9788','vgraingerr@umn.edu','5 Ruskin Street','','Gremyachinsk','300971',226,276),(1001,'Erika','Haestier','+221-898-736-7979','ehaestier0@godaddy.com','20 Lunder Terrace','','Diawara','',436,407),(1002,'Nevins','Burchett','+7-255-503-0609','nburchett1@howstuffworks.com','397 Del Sol Circle','','Sigayevo','427990',2,215),(1003,'Nicolais','Barrasse','+86-288-249-0471','nbarrasse2@so-net.ne.jp','8856 Shasta Lane','','Sanjiangkou','',82,348),(1004,'Dredi','Giottoi','+86-782-286-1353','dgiottoi3@usda.gov','6804 Spaight Trail','','Jiefang','',43,388),(1005,'Aurie','Critoph','+86-748-275-3493','acritoph4@nps.gov','028 Portage Road','','Huya','',157,104),(1006,'Gabrila','Kinvig','+358-233-720-4708','gkinvig5@rakuten.co.jp','74 Village Green Park','','Kristinestad','41270',384,103),(1007,'Carine','Gillbard','+351-399-291-6532','cgillbard6@nyu.edu','616 Prairieview Terrace','Leiria','Cela','2440-153',233,265),(1008,'Lock','Gwyneth','+63-184-880-3992','lgwyneth7@theatlantic.com','80374 Express Street','','Pudoc North','2727',327,295),(1009,'Izaak','Brayshaw','+86-275-368-5031','ibrayshaw8@networkadvertising.org','199 Esker Plaza','','Baiyang','',487,116),(1010,'Kerstin','Hadley','+387-251-917-6019','khadley9@hao123.com','5 5th Avenue','','Tasovii','',484,258),(1011,'Rita','Radeliffe','+256-566-403-9198','rradeliffea@blogspot.com','99131 Pond Trail','','Mityana','',201,112),(1012,'Onofredo','Heffy','+66-294-608-6937','oheffyb@alibaba.com','331 Meadow Valley Road','','Soeng Sang','30330',272,334),(1013,'Sherrie','Pritty','+46-133-458-0435','sprittyc@stumbleupon.com','64881 Maple Wood Alley','Vstra Gtaland','Svenljunga','512 93',79,61),(1014,'Arlee','Hingeley','+86-245-643-7856','ahingeleyd@cloudflare.com','97 Nancy Lane','','Baoshan','',195,102),(1015,'Mable','Winterscale','+86-581-409-2962','mwinterscalee@ftc.gov','12658 Morningstar Point','','Nanshan','',259,128),(1016,'Alvan','Bestall','+86-990-814-2988','abestallf@comcast.net','589 6th Junction','','Luoyuan','',411,357),(1017,'Thebault','Shone','+86-269-118-1724','tshoneg@weibo.com','7 Talmadge Plaza','','Yunfeng','',304,321),(1018,'Adair','Hidderley','+63-775-952-3834','ahidderleyh@sciencedaily.com','38 Johnson Street','','Llanera','3126',40,347),(1019,'Kiel','Powers','+86-992-673-8110','kpowersi@prweb.com','74 Everett Point','','Pangushan','',155,88),(1020,'Kaitlin','Francecione','+86-617-479-8165','kfrancecionej@jalbum.net','6 Mayfield Way','','Lian','',405,17),(1021,'Liuka','Torrie','+62-115-181-3537','ltorriek@baidu.com','28105 Fremont Crossing','','Trambalan','',395,234),(1022,'Adda','Faint','+501-451-783-7761','afaintl@hostgator.com','92 Sullivan Road','','Belize City','',169,364),(1023,'Judith','Garrow','+967-404-887-3478','jgarrowm@businessweek.com','92 Pond Circle','','Al arf','',22,23),(1024,'Oswell','Magauran','+86-401-804-0827','omagaurann@arizona.edu','78005 La Follette Center','','Hechuan','',122,347),(1025,'Elvira','O\'Neal','+420-318-956-7227','eonealo@webnode.com','893 Buell Plaza','','Frdek-Mstek','733 01',419,40),(1026,'Shir','Keslake','+62-827-368-3785','skeslakep@statcounter.com','6943 Mitchell Place','','Margoyoso','',483,351),(1027,'Becka','Bourbon','+55-156-430-8947','bbourbonq@ning.com','84 Doe Crossing Point','','Araraquara','14800-000',411,121),(1028,'Ernie','Bridat','+358-592-360-9022','ebridatr@moonfruit.com','21710 Cherokee Trail','','Fgl','22710',161,85),(1029,'Wat','Rawlcliffe','+370-280-236-4746','wrawlcliffes@virginia.edu','4362 Fuller Street','','Vilkaviskis','70073',153,235),(1030,'Corabel','Groven','+98-800-189-3704','cgrovent@omniture.com','6515 Rieder Way','','Kalleh','',398,332),(1031,'Sherill','Spivey','+7-254-278-3904','sspiveyu@mit.edu','28 Lake View Park','','Balyaga','673020',193,76),(1032,'Suzy','Hammonds','+351-365-424-5722','shammondsv@gravatar.com','63 Glacier Hill Lane','Castelo Branco','Idanha-a-Nova','6060-104',339,286),(1033,'Koenraad','Duffan','+218-520-206-8454','kduffanw@thetimes.co.uk','5 Di Loreto Plaza','','Tkrah','',440,5),(1034,'Justine','Motherwell','+46-499-633-8756','jmotherwellx@nasa.gov','4945 Lien Avenue','Dalarna','Mora','792 34',242,418),(1035,'Bette','Jaxon','+52-788-982-4177','bjaxony@newyorker.com','6438 Hanson Street','Veracruz Llave','20 de Noviembre','93828',26,399),(1036,'Humberto','Stockall','+98-785-891-3395','hstockallz@webnode.com','39730 Graedel Circle','','Bandar-e Ganveh','',38,438),(1037,'Sandro','Tott','+506-500-548-1403','stott10@indiatimes.com','108 Pennsylvania Circle','','Turrialba','30501',307,357),(1038,'Crissie','Mence','+27-537-778-7145','cmence11@chron.com','522 Dryden Point','','Louis Trichardt','960',449,360),(1039,'Audrie','Kingsmill','+55-460-192-3599','akingsmill12@addtoany.com','548 Hollow Ridge Lane','','Apucarana','86800-000',240,260),(1040,'Daisey','Yaldren','+81-945-574-8226','dyaldren13@mapquest.com','17 Delaware Hill','','Sakai','999-2256',222,73),(1041,'Lorianna','Ganderton','+86-575-402-3157','lganderton14@cam.ac.uk','11500 Pond Circle','','Hechuan','',472,119),(1042,'Teriann','Lawrie','+52-884-850-8291','tlawrie15@admin.ch','97864 Muir Park','Chiapas','Guadalupe Victoria','30414',262,303),(1043,'Gwendolyn','Tonbye','+86-133-827-0687','gtonbye16@npr.org','8 Red Cloud Terrace','','Renchaoxi','',491,76),(1044,'Roddy','Midson','+66-809-458-1233','rmidson17@columbia.edu','46 Tennessee Circle','','Khok Charoen','15250',222,242),(1045,'Camala','Sywell','+507-207-239-0925','csywell18@paginegialle.it','4 Dorton Hill','','Plaza de Caisn','',275,371),(1046,'Broderic','Copnar','+55-646-604-5994','bcopnar19@paginegialle.it','5300 Crest Line Terrace','','Carmo do Paranaba','38840-000',343,384),(1047,'Bradan','Keesman','+86-506-308-5100','bkeesman1a@dedecms.com','05 Weeping Birch Point','','Fuzhou','',320,243),(1048,'Amitie','Grayland','+7-132-199-7671','agrayland1b@angelfire.com','689 Namekagon Street','','Ponyri Vtoryye','452056',406,14),(1049,'Jereme','Allcroft','+86-521-401-0880','jallcroft1c@unc.edu','54183 Ronald Regan Way','','Jiamaying','',80,197),(1050,'Bertrando','Hazel','+351-793-192-6486','bhazel1d@tamu.edu','0 Glendale Avenue','Lisboa','Alverca do Ribatejo','2615-009',195,182),(1051,'Cass','Bortolussi','+372-251-419-0244','cbortolussi1e@ted.com','412 Logan Center','','Mustvee','',441,413),(1052,'Melly','Andrejevic','+98-644-183-9649','mandrejevic1f@mozilla.org','151 Troy Crossing','','Nshbr','',31,341),(1053,'Reta','Blachford','+370-682-178-5914','rblachford1g@newsvine.com','824 Elmside Alley','','Telsiai','87001',466,128),(1054,'Rodolph','Staries','+62-557-868-5297','rstaries1h@elpais.com','31 Warbler Terrace','','Weetobula','',443,187),(1055,'Pebrook','Rattenberie','+420-620-611-0756','prattenberie1i@etsy.com','89021 Mifflin Junction','','Po nad Szavou','257 21',472,202),(1056,'Dion','Lavall','+7-287-817-7219','dlavall1j@prlog.org','97735 Aberg Hill','','Energeticheskiy','',301,151),(1057,'Olwen','Gladdish','+48-900-119-3637','ogladdish1k@fotki.com','779 Hagan Pass','','Sulmierzyce','98-338',84,66),(1058,'Moyna','Ludgate','+229-400-464-7453','mludgate1l@mashable.com','94 Mariners Cove Crossing','','Ouidah','',141,422),(1059,'Colet','Dicty','+58-861-304-9311','cdicty1m@csmonitor.com','58642 Gerald Crossing','','Barrancas','',449,139),(1060,'Ralph','McCully','+63-326-212-1394','rmccully1n@cpanel.net','310 Pond Plaza','','Lampari','1101',417,317),(1061,'Dar','Bollum','+62-546-185-7355','dbollum1o@desdev.cn','25802 Londonderry Street','','Wringinsari','',363,450),(1062,'Korey','Sagg','+60-808-690-5544','ksagg1p@mashable.com','14 Bowman Road','Sarawak','Bintulu','97010',212,96),(1063,'Jarret','Denny','+27-749-268-4346','jdenny1q@hugedomains.com','08362 Garrison Hill','','Lebowakgomo','9640',262,277),(1064,'Asher','Riping','+48-777-846-1315','ariping1r@illinois.edu','8913 Maywood Way','','Szprotawa','67-300',432,204),(1065,'Jorgan','Broxis','+62-601-828-8893','jbroxis1s@mail.ru','2815 Muir Crossing','','Kowingir','',165,491),(1066,'Norby','Grayne','+92-264-950-4612','ngrayne1t@patch.com','28 Jana Trail','','Khurrinwla','26301',188,377),(1067,'Jdavie','Mattacks','+46-887-715-0398','jmattacks1u@ted.com','7 Kim Plaza','Stockholm','Sundbyberg','172 79',343,221),(1068,'Molly','Driffield','+234-250-123-9358','mdriffield1v@privacy.gov.au','865 Browning Parkway','','Bin Yauri','',207,431),(1069,'Torrie','Taks','+380-999-154-1498','ttaks1w@usda.gov','955 Red Cloud Hill','','Obroshyne','',412,140),(1070,'Sasha','Teas','+504-911-104-8834','steas1x@paypal.com','711 Lotheville Court','','Monterrey','',70,328),(1071,'Nerte','Layhe','+62-548-902-9311','nlayhe1y@xinhuanet.com','3391 Morning Trail','','Amuntai','',120,56),(1072,'Norby','Thowless','+84-770-420-5222','nthowless1z@businessweek.com','75 Cherokee Crossing','','Yn Bi','',26,254),(1073,'Naoma','Lecointe','+507-889-109-6535','nlecointe20@i2i.jp','71 Manley Plaza','','Pueblo Nuevo','',486,147),(1074,'Witty','Walster','+998-767-938-9939','wwalster21@arstechnica.com','38363 Dixon Trail','','Kosonsoy','',404,399),(1075,'Paton','Paddemore','+242-696-188-6096','ppaddemore22@accuweather.com','132 Luster Pass','','Mangai','',311,277),(1076,'Aurora','Pilkington','+63-165-286-5239','apilkington23@ucoz.com','8 American Ash Pass','','Limon','6530',417,99),(1077,'Sadie','Arrault','+30-677-129-6018','sarrault24@blogger.com','71 Mcguire Drive','','Kyllni','',171,324),(1078,'Jabez','Gamlyn','+420-348-889-4653','jgamlyn25@tiny.cc','248 Jay Center','','Mistice','687 12',333,431),(1079,'Britni','Jaslem','+353-302-830-2700','bjaslem26@mac.com','05826 East Circle','','Moate','D17',24,230),(1080,'Zabrina','Keunemann','+216-569-756-2602','zkeunemann27@clickbank.net','0095 Sugar Junction','','Zarzis','',317,15),(1081,'Joceline','Werndley','+64-883-701-1949','jwerndley28@bizjournals.com','10608 Springs Center','','Paihia','247',472,58),(1082,'Maxy','Crutchley','+381-151-924-6160','mcrutchley29@nih.gov','596 Northridge Way','','Ostojievo','',359,360),(1083,'Jessey','Furmenger','+963-892-895-5461','jfurmenger2a@nbcnews.com','794 Waywood Alley','','Khirbat Tn Nr','',355,456),(1084,'Heindrick','Woolgar','+358-673-959-7084','hwoolgar2b@photobucket.com','74 West Pass','','Brnd','22920',347,133),(1085,'Leonie','Kyston','+55-474-656-8241','lkyston2c@nsw.gov.au','34 Menomonie Terrace','','Marechal Cndido Rondon','85960-000',303,188),(1086,'Teresita','MacDearmaid','+86-853-614-2507','tmacdearmaid2d@nhs.uk','05 Cordelia Hill','','Hongwansi','',127,479),(1087,'Harry','Hegerty','+420-891-575-9880','hhegerty2e@about.me','023 Melby Parkway','','Josefv Dl','468 44',23,446),(1088,'Orlando','Beevis','+1-619-921-9406','obeevis2f@domainmarket.com','07 Warbler Place','California','San Diego','92153',49,137),(1089,'Nikos','Lambarth','+55-297-537-9508','nlambarth2g@histats.com','0930 Dapin Hill','','Santa Helena de Gois','75920-000',62,110),(1090,'Morgan','Egel','+1-713-221-9298','megel2h@angelfire.com','3 Fairview Drive','Texas','Houston','77035',322,106),(1091,'Ninon','Bromehead','+81-666-234-3661','nbromehead2i@accuweather.com','21326 Sheridan Park','','Gdo','503-2429',365,246),(1092,'Dill','Skoggings','+30-319-780-6282','dskoggings2j@nbcnews.com','7 Waywood Hill','','Episkop','',326,347),(1093,'Ronalda','Mace','+53-505-410-5548','rmace2k@ow.ly','9 Gale Parkway','','Matanzas','',172,84),(1094,'Merna','Blackaller','+46-733-631-0934','mblackaller2l@cbsnews.com','479 Algoma Center','Stockholm','Stockholm','121 29',350,449),(1095,'Loren','Blachford','+353-569-113-9509','lblachford2m@noaa.gov','67133 Washington Junction','','Dromiskin','W23',228,243),(1096,'Mufi','Gilson','+7-725-483-3024','mgilson2n@imageshack.us','4034 Anthes Junction','','Vikhorevka','665770',158,235),(1097,'Lizabeth','Manis','+86-527-547-7876','lmanis2o@unesco.org','82990 Haas Avenue','','Jiukou','',95,170),(1098,'Sibeal','Sangster','+62-269-329-1829','ssangster2p@artisteer.com','0981 Fairfield Center','','Kujang','',201,49),(1099,'Alexandros','L\'Archer','+62-548-366-5290','alarcher2q@pbs.org','686 Bunker Hill Trail','','Mnelalete','',427,87),(1100,'Delbert','Nuth','+34-256-669-3542','dnuth2r@ucoz.ru','619 Almo Park','Comunidad Valenciana','Valencia','46005',44,458),(1101,'Dannel','Matis','+62-255-163-5659','dmatis2s@goo.ne.jp','436 Moulton Hill','','Pondohan','',254,32),(1102,'Fidelia','Graalmans','+7-306-616-8250','fgraalmans2t@gmpg.org','922 Washington Point','','Lazo','692980',253,392),(1103,'Merrick','Perin','+86-557-356-6885','mperin2u@plala.or.jp','2991 Oneill Junction','','Shiqiao','',445,259),(1104,'Dionis','Auten','+7-958-767-7259','dauten2v@theguardian.com','5 Starling Crossing','','Vrangel','692943',97,277),(1105,'Dorice','Jan','+62-876-806-3400','djan2w@upenn.edu','2 Stuart Hill','','Wairinding','',209,283),(1106,'Desirae','Muckersie','+81-629-369-4319','dmuckersie2x@huffingtonpost.com','76 Monica Court','','Tsukumiura','879-2413',152,310),(1107,'Christalle','Narbett','+62-218-922-6083','cnarbett2y@oaic.gov.au','2807 Prairieview Junction','','Duwe','',61,146),(1108,'Darrin','Buckland','+57-609-992-9885','dbuckland2z@upenn.edu','08 Lotheville Plaza','','Dagua','760529',411,79),(1109,'Adria','Weine','+1-683-954-6649','aweine30@networksolutions.com','34 John Wall Junction','','Malvern','',134,222),(1110,'Danya','Reek','+253-366-431-7985','dreek31@cmu.edu','0 Namekagon Junction','','Obock','',466,295),(1111,'Natale','Peirce','+351-404-742-9945','npeirce32@people.com.cn','33350 Declaration Road','Braga','Novais','4765-122',121,375),(1112,'Artair','Bertot','+81-396-475-0845','abertot33@oakley.com','9 Rockefeller Lane','','Mashiko','321-4217',294,418),(1113,'Nonnah','Bergstrand','+33-470-784-5530','nbergstrand34@vkontakte.ru','972 Barby Pass','Aquitaine','Pau','64039 CEDEX',212,57),(1114,'Reggis','Loynes','+212-286-103-5238','rloynes35@sogou.com','1304 Fremont Hill','','Tafraout','',248,222),(1115,'Iver','Prier','+7-751-150-4466','iprier36@privacy.gov.au','00 Heffernan Street','','Vyatskiye Polyany','622937',366,13),(1116,'Thoma','Sunner','+63-739-720-8569','tsunner37@google.co.uk','17 Ruskin Trail','','Tuban','3803',332,421),(1117,'Clevie','Biddwell','+57-768-362-1229','cbiddwell38@tuttocitta.it','55206 Blackbird Crossing','','La Cumbre','760518',132,215),(1118,'Tiffani','Stemp','+86-185-452-9744','tstemp39@indiatimes.com','53 Steensland Lane','','Yishui','',147,435),(1119,'Amaleta','Glendenning','+55-230-964-0648','aglendenning3a@mozilla.org','332 Scofield Junction','','Arroio Grande','96330-000',243,348),(1120,'Sheryl','Tetford','+48-795-147-4342','stetford3b@360.cn','3 Vahlen Road','','Mory','74-503',480,38),(1121,'Theobald','Brocklesby','+57-216-136-0989','tbrocklesby3c@dedecms.com','10 Oak Terrace','','La Esperanza','546058',380,13),(1122,'Dicky','Warby','+7-812-491-1496','dwarby3d@statcounter.com','72 Canary Park','','Grivenskaya','353798',41,194),(1123,'Lloyd','Towhey','+7-247-682-3841','ltowhey3e@nih.gov','294 Independence Court','','Kavalerovo','692425',76,496),(1124,'Granny','Pyffe','+33-767-173-5173','gpyffe3f@yellowpages.com','92 Gerald Plaza','Bretagne','Roscoff','29688 CEDEX',416,216),(1125,'Tressa','Layton','+236-295-805-9443','tlayton3g@ucoz.ru','90070 Walton Trail','','Bozoum','',6,364),(1126,'Pete','Keary','+233-838-840-1888','pkeary3h@hc360.com','341 Ridgeview Pass','','Saltpond','',246,418),(1127,'Nina','Looks','+86-855-319-1784','nlooks3i@ihg.com','919 Cody Terrace','','Qidi','',71,385),(1128,'Luther','Coiley','+62-436-631-8882','lcoiley3j@merriam-webster.com','5400 Northland Terrace','','Cigeulis','',255,184),(1129,'Dunn','Quartley','+352-568-488-7802','dquartley3k@mac.com','233 Clove Circle','','Ptange','L-8381',444,239),(1130,'Viv','Stopher','+62-100-867-3751','vstopher3l@reuters.com','00 Pearson Plaza','','Kragan','',229,277),(1131,'Raoul','Quig','+62-337-494-5394','rquig3m@drupal.org','959 Center Park','','Sumuragung','',79,106),(1132,'Therese','Murkitt','+385-391-621-4910','tmurkitt3n@about.com','8473 Crescent Oaks Way','','Horvati','10436',443,373),(1133,'Agnesse','Dransfield','+86-703-843-6142','adransfield3o@pen.io','92067 Ohio Crossing','','Changqing','',242,245),(1134,'Ginger','Gligori','+86-639-942-8053','ggligori3p@ehow.com','88975 Old Gate Drive','','Benhao','',464,248),(1135,'Katey','Hallum','+62-435-156-2405','khallum3q@xrea.com','944 Lawn Plaza','','Banyumas','',366,81),(1136,'Glendon','Skein','+7-444-622-9143','gskein3r@123-reg.co.uk','11136 Forest Dale Way','','Katav-Ivanovsk','456113',281,363),(1137,'Julee','Howie','+51-322-420-5219','jhowie3s@feedburner.com','8 Sloan Lane','','Paucarbamba','',281,123),(1138,'Albert','Turvie','+961-925-210-6465','aturvie3t@baidu.com','980 Arkansas Trail','','Baalbek','',241,173),(1139,'Tanney','Dilworth','+353-108-442-6788','tdilworth3u@jalbum.net','1227 4th Drive','','Clogherhead','A41',241,416),(1140,'Dreddy','Swainston','+62-772-163-6550','dswainston3v@linkedin.com','2 Larry Place','','Patrol','',171,478),(1141,'Darda','Gudgion','+380-779-855-3197','dgudgion3w@amazon.co.jp','30398 Saint Paul Way','','Kopayhorod','',138,475),(1142,'Kippie','Cale','+86-279-950-4344','kcale3x@hexun.com','8350 Browning Place','','Donghoufang','',56,238),(1143,'Cathy','Kilgour','+63-211-637-6982','ckilgour3y@seattletimes.com','71388 Warrior Lane','','San Antonio','6407',206,12),(1144,'Whittaker','Fairweather','+62-254-623-4504','wfairweather3z@apache.org','39 Mesta Junction','','Lanpelan','',430,367),(1145,'Koral','Cockshot','+7-988-914-5292','kcockshot40@unesco.org','0 Bashford Plaza','','Pereslavl-Zalesskiy','171543',447,291),(1146,'Nonna','Herculeson','+62-129-961-0526','nherculeson41@technorati.com','236 Hoffman Hill','','Sindangbarang','',93,165),(1147,'Sutherland','Insole','+1-816-960-6911','sinsole42@delicious.com','2 Mesta Crossing','Missouri','Kansas City','64125',291,148),(1148,'Manuel','Chaffen','+380-517-525-7773','mchaffen43@ustream.tv','41752 Welch Trail','','Krasnotorka','',487,372),(1149,'Muriel','Ketts','+63-248-207-9478','mketts44@sogou.com','33 Trailsway Place','','Santa Fe','6513',148,468),(1150,'Lissie','deKnevet','+62-559-733-0107','ldeknevet45@theglobeandmail.com','3543 Jay Court','','Sinjai','',104,496),(1151,'Delcina','Beardshall','+86-632-286-5310','dbeardshall46@sohu.com','8125 Claremont Crossing','','Hohhot','',443,290),(1152,'Corbett','Wittleton','+7-478-764-3484','cwittleton47@is.gd','24 8th Crossing','','Vyshniy Volochk','601803',390,97),(1153,'Costanza','Andreu','+47-829-479-7591','candreu48@ycombinator.com','59 6th Point','Oslo','Oslo','773',269,430),(1154,'Packston','Crowd','+62-148-184-7205','pcrowd49@webmd.com','45739 Glacier Hill Pass','','Simpang','',414,40),(1155,'Ardelle','Heeps','+351-303-706-4765','aheeps4a@elpais.com','20768 Prairieview Circle','Braga','Vermoim','4770-754',32,133),(1156,'Michaella','Worvill','+81-939-493-3581','mworvill4b@artisteer.com','76596 Nova Terrace','','Fukura','999-8521',482,65),(1157,'Maye','Sellens','+86-786-541-7024','msellens4c@wikimedia.org','74918 Melby Point','','Anding','',36,425),(1158,'Marguerite','Southers','+62-337-770-9966','msouthers4d@dell.com','23 Cottonwood Parkway','','Kurungannyawa','',133,83),(1159,'Shelia','Pressman','+62-937-504-1654','spressman4e@umn.edu','18 Village Court','','Bajomulyo','',223,278),(1160,'Jorgan','Kopecka','+420-840-777-4786','jkopecka4f@fda.gov','55 Park Meadow Trail','','Rajhradice','664 61',165,375),(1161,'Donica','Murtell','+256-576-776-1066','dmurtell4g@issuu.com','5920 Sage Plaza','','Kiboga','',296,371),(1162,'Freddy','Ambroziak','+351-499-392-5441','fambroziak4h@state.gov','6 Shopko Lane','Santarm','Pises','2435-107',281,105),(1163,'Peri','Maling','+420-432-868-2149','pmaling4i@bandcamp.com','011 Shopko Lane','','atec','588 62',219,366),(1164,'Theresina','Garnsworth','+86-664-285-5067','tgarnsworth4j@usatoday.com','3 Crest Line Plaza','','Youcheng','',419,284),(1165,'Crysta','Dulany','+84-361-410-5480','cdulany4k@cafepress.com','20 Paget Place','','k Mil','',443,475),(1166,'Jeannine','Mann','+86-163-285-7568','jmann4l@angelfire.com','514 Park Meadow Street','','Dongtundu','',328,238),(1167,'Mina','Crookston','+380-822-130-8216','mcrookston4m@merriam-webster.com','469 Union Hill','','Preobrazhenka','',365,434),(1168,'Charlie','Kolin','+52-653-704-8604','ckolin4n@1688.com','90923 Oneill Park','Guanajuato','La Esperanza','37900',87,354),(1169,'Tris','Botwood','+55-812-903-5613','tbotwood4o@tripod.com','41858 Parkside Crossing','','Itamarandiba','39670-000',245,154),(1170,'Ive','Tybalt','+53-618-252-5655','itybalt4p@auda.org.au','8225 Hansons Alley','','Ro Cauto','',200,318),(1171,'Jere','Bernardoni','+63-118-182-9603','jbernardoni4q@blogs.com','049 Cody Place','','Igang','5032',384,233),(1172,'Desmond','Tremblot','+389-443-362-9943','dtremblot4r@alexa.com','42 Bluejay Crossing','','','2423',305,195),(1173,'Ode','O\'Doohaine','+86-764-521-0251','oodoohaine4s@prweb.com','37 Morning Hill','','Pingan','',332,33),(1174,'Brianna','Crosseland','+48-291-978-3089','bcrosseland4t@answers.com','3 Summit Lane','','Rokietnica','62-090',485,77),(1175,'Arv','Widger','+86-726-232-7087','awidger4u@microsoft.com','1186 Toban Circle','','Heishui','',464,58),(1176,'Mureil','Bittlestone','+86-488-669-3030','mbittlestone4v@google.nl','68 Jay Point','','Yaotian','',347,81),(1177,'Henrie','Cawkill','+7-538-298-8103','hcawkill4w@microsoft.com','07383 Elka Road','','Orekhovo-Borisovo Severnoye','142717',86,393),(1178,'Teresina','Gerritzen','+358-339-545-9775','tgerritzen4x@over-blog.com','73 Valley Edge Parkway','','Kontiolahti','81101',25,386),(1179,'Quint','Whiston','+62-595-669-6737','qwhiston4y@adobe.com','9 Oxford Park','','Bokat','',135,96),(1180,'Candida','Avesque','+351-122-942-5466','cavesque4z@sogou.com','295 Raven Road','Porto','Lamas','4640-540',108,112),(1181,'Bennie','Rochewell','+62-679-627-3604','brochewell50@51.la','52 Mallory Alley','','Banyuresmi','',25,282),(1182,'Gordie','Simecek','+84-363-423-8535','gsimecek51@walmart.com','6519 Dawn Point','','Qunh Ci','',382,248),(1183,'Jarred','Nevin','+86-461-731-7944','jnevin52@dot.gov','67984 Talisman Circle','','Gaizhou','',115,133),(1184,'Rhetta','Maddin','+263-210-953-6482','rmaddin53@toplist.cz','0 Rutledge Way','','Shamva','',410,464),(1185,'Catlin','Whye','+54-154-334-5036','cwhye54@nasa.gov','41 Susan Center','','Coronel Surez','7541',364,199),(1186,'Knox','Lamey','+595-682-731-6099','klamey55@abc.net.au','67708 Doe Crossing Terrace','','San Patricio','',389,272),(1187,'Brigitta','Hrachovec','+30-678-191-6394','bhrachovec56@google.it','64 Golf Course Junction','','Svornos','',153,265),(1188,'Deeanne','Fluin','+63-472-842-1297','dfluin57@answers.com','8 Artisan Pass','','Manga','4506',324,298),(1189,'Dinny','Dubois','+970-482-667-4660','ddubois58@example.com','8 Esch Place','','Qalandiy','',274,355),(1190,'Darrick','Adamkiewicz','+84-287-715-4286','dadamkiewicz59@mlb.com','77634 Sloan Place','','Vnh Tng','',451,161),(1191,'Rudyard','Frostdyke','+30-990-292-8801','rfrostdyke5a@google.de','1 Prentice Trail','','Vrilissia','',39,110),(1192,'Alecia','Prynne','+7-687-786-8840','aprynne5b@vk.com','8012 Havey Street','','Surazh','243500',107,9),(1193,'Harmonie','Ord','+994-280-326-3146','hord5c@wired.com','8299 Straubel Plaza','','Birinci Aql','',365,203),(1194,'Muire','Vasilik','+81-224-406-4040','mvasilik5d@rambler.ru','53440 Moulton Crossing','','Musashino','369-1241',407,62),(1195,'Paolo','Geldart','+967-853-637-2870','pgeldart5e@163.com','61 Golden Leaf Court','','A awlah','',300,107),(1196,'Rich','O\'Scanlan','+55-813-121-7744','roscanlan5f@europa.eu','33 2nd Plaza','','Ubaitaba','45545-000',82,122),(1197,'Arvin','Waliszek','+86-760-886-7049','awaliszek5g@webnode.com','757 Longview Center','','Huanan','',295,362),(1198,'Ashlen','Goodlett','+86-784-758-0521','agoodlett5h@java.com','1304 Union Circle','','Maiwang','',338,175),(1199,'Morse','Ellyatt','+46-449-614-3567','mellyatt5i@cdc.gov','789 Corscot Place','Vstmanland','Vsters','724 63',447,355),(1200,'Alexa','Sinnie','+1-757-386-4100','asinnie5j@mail.ru','14457 Dapin Park','Virginia','Virginia Beach','23459',395,361),(1201,'Paulie','Dalston','+54-407-209-7211','pdalston5k@mayoclinic.com','34 Lighthouse Bay Road','','Villa Ascasubi','5935',491,337),(1202,'Guido','MacKeever','+54-289-854-2671','gmackeever5l@google.pl','6978 Jenifer Avenue','','Bern de Astrada','3481',404,350),(1203,'Shelagh','Purdey','+63-114-850-2263','spurdey5m@blogspot.com','985 Londonderry Avenue','','Macayug','5417',484,258),(1204,'Riannon','Merali','+993-353-816-2233','rmerali5n@nhs.uk','8139 Fordem Court','','Gowurdak','',134,176),(1205,'Carlee','Alans','+504-486-263-4893','calans5o@nba.com','28749 Carioca Terrace','','San Esteban','',26,430),(1206,'Kerr','Puckinghorne','+33-835-824-7254','kpuckinghorne5p@netvibes.com','7557 Lawn Hill','Pays de la Loire','Nantes','44200',235,407),(1207,'Liane','Hammelberg','+358-394-132-7151','lhammelberg5q@google.ca','5 Hudson Court','','Fgl','22710',440,49),(1208,'Grove','Hedingham','+48-451-517-8719','ghedingham5r@squarespace.com','97647 Browning Crossing','','Kwidzyn','82-505',379,232),(1209,'Babara','Perch','+62-151-524-2665','bperch5s@nydailynews.com','15 Steensland Plaza','','Kampunglistrik','',408,287),(1210,'Ferrell','Shervington','+374-532-727-9748','fshervington5t@arstechnica.com','34 Hoepker Crossing','','Arteni','',88,1),(1211,'Chloe','Peyton','+380-475-795-9930','cpeyton5u@vkontakte.ru','8135 Rusk Hill','','Preobrazhenka','',6,199),(1212,'Chevy','Stolte','+593-223-821-5761','cstolte5v@netvibes.com','39 Rowland Place','','Catamayo','',310,144),(1213,'Lazare','Bartusek','+33-967-669-3518','lbartusek5w@google.com.au','88 Fairview Center','Haute-Normandie','Dieppe','76204 CEDEX',212,283),(1214,'Franzen','Zuanazzi','+54-556-687-4921','fzuanazzi5x@amazon.co.uk','8 Ruskin Pass','','Pico Truncado','9015',357,120),(1215,'Kerwinn','Ballsdon','+62-692-771-9970','kballsdon5y@alexa.com','763 Farragut Point','','Blimbing','',365,246),(1216,'Abie','Decker','+63-255-845-8093','adecker5z@shinystat.com','1282 Warrior Street','','Matlang','6540',365,196),(1217,'Albrecht','Boykett','+263-141-614-0394','aboykett60@zimbio.com','49977 Porter Trail','','Chitungwiza','',142,289),(1218,'Daphene','Balchin','+63-938-606-2606','dbalchin61@vimeo.com','1 Lawn Circle','','San Julian','6814',183,402),(1219,'Bucky','Nore','+63-190-380-4162','bnore62@sohu.com','07 1st Hill','','Mangarine','8118',225,410),(1220,'Tracey','Kindleside','+48-809-132-7337','tkindleside63@goo.gl','6 Lunder Park','','Orneta','11-130',199,265),(1221,'Vittorio','Pietruszka','+351-118-464-1616','vpietruszka64@istockphoto.com','5399 Messerschmidt Road','Lisboa','Marteleira','2530-342',16,139),(1222,'Harriett','Bladder','+86-180-173-0938','hbladder65@mapquest.com','21 Brickson Park Way','','Shiliting','',243,9),(1223,'David','Bute','+52-579-976-9178','dbute66@answers.com','24098 Memorial Pass','Guerrero','El Zapote','39949',272,11),(1224,'Glen','Matiebe','+237-236-710-1390','gmatiebe67@vinaora.com','198 Porter Pass','','Tiko','',275,116),(1225,'Claire','Holttom','+972-174-692-4310','cholttom68@meetup.com','147 Summit Park','','Or Yehuda','',14,283),(1226,'Jeanelle','Morison','+86-388-642-0473','jmorison69@mediafire.com','706 Mendota Trail','','Fengtang','',403,389),(1227,'Gavra','Gummie','+62-680-201-2433','ggummie6a@elegantthemes.com','3 Rigney Place','','Rancanyenang','',198,168),(1228,'Lenee','Lodewick','+33-300-475-2080','llodewick6b@cnbc.com','4 Toban Pass','le-de-France','Eaubonne','95604 CEDEX',473,141),(1229,'Augustine','Lemoir','+992-503-200-1637','alemoir6c@pagesperso-orange.fr','7 Forest Run Junction','','Dst','',373,415),(1230,'Olag','Snead','+86-207-905-0127','osnead6d@twitpic.com','1 Ronald Regan Trail','','Yinchuan','',290,428),(1231,'Cooper','Malinowski','+86-588-954-3360','cmalinowski6e@sfgate.com','0846 Sachtjen Park','','Wujian','',84,351),(1232,'Dallas','Ollive','+62-272-664-3368','dollive6f@stanford.edu','031 Maywood Trail','','Rentung','',162,172),(1233,'Allistir','Braunton','+46-752-499-3139','abraunton6g@weibo.com','20 Hazelcrest Point','Vstra Gtaland','Vstra Frlunda','421 46',48,101),(1234,'Mathilda','Trickey','+86-979-213-6762','mtrickey6h@mayoclinic.com','77155 Village Green Trail','','Xiushi','',247,447),(1235,'Winfield','Sellstrom','+86-336-380-5511','wsellstrom6i@slideshare.net','90729 Chive Court','','Luopu','',212,491),(1236,'Brandi','Kilgour','+81-652-679-9355','bkilgour6j@marketwatch.com','2 Spaight Terrace','','Shinj','999-5313',192,125),(1237,'Gabbi','Cubbini','+373-403-297-4061','gcubbini6k@desdev.cn','5 Anzinger Avenue','','Cueni','MD-7702',408,392),(1238,'Ulrick','Aucott','+967-684-656-2311','uaucott6l@buzzfeed.com','801 Hooker Trail','','Al Qanwi','',143,146),(1239,'Moshe','Gregoletti','+86-875-883-2257','mgregoletti6m@nasa.gov','76002 Londonderry Center','','Xianghu','',497,361),(1240,'Cherice','Kolyagin','+351-155-885-1031','ckolyagin6n@acquirethisname.com','4305 Merrick Point','Viana do Castelo','Sobral','4990-585',224,352),(1241,'Weider','Gaishson','+86-560-376-7981','wgaishson6o@dropbox.com','42 Harbort Lane','','Nuoxizhi','',370,53),(1242,'Issi','Samwayes','+249-964-240-0990','isamwayes6p@thetimes.co.uk','15902 Laurel Alley','','Um Jar Al Gharbiyya','',375,169),(1243,'Rogers','Abrami','+222-663-591-5832','rabrami6q@flickr.com','075 Manufacturers Point','','Kadi','',161,171),(1244,'Rochelle','Dikle','+48-133-987-9221','rdikle6r@symantec.com','5354 Sunfield Hill','','mielw','27-440',328,371),(1245,'Zak','Kirmond','+33-653-808-1625','zkirmond6s@domainmarket.com','0557 Reinke Circle','Bretagne','Saint-Brieuc','22042 CEDEX 2',122,263),(1246,'Carrie','Stickins','+7-530-957-7790','cstickins6t@biblegateway.com','039 Helena Point','','Yubileyny','249087',22,102),(1247,'Netta','Bellwood','+86-494-604-0016','nbellwood6u@icio.us','77416 Northport Pass','','Chengqiao','',311,43),(1248,'Teresina','Syder','+46-309-875-3281','tsyder6v@hexun.com','22132 Miller Road','Stockholm','Vrmd','139 51',147,150),(1249,'Edouard','Culverhouse','+48-138-400-9270','eculverhouse6w@msu.edu','094 Sachs Pass','','Polaczyk','38-610',256,49),(1250,'Effie','Castanho','+505-883-134-6208','ecastanho6x@friendfeed.com','9390 Artisan Parkway','','El Crucero','',43,57),(1251,'Roberto','Divers','+55-480-344-7259','rdivers6y@hc360.com','50027 Sachs Terrace','','Vargem Grande do Sul','13880-000',3,13),(1252,'Lydia','Jacmard','+62-406-179-6240','ljacmard6z@amazon.co.jp','8798 Dawn Drive','','Sawo','',74,79),(1253,'Rickert','Jorgensen','+55-815-867-2754','rjorgensen70@omniture.com','900 Dayton Crossing','','Taquari','95860-000',87,249),(1254,'Tabor','Priddis','+63-534-426-8456','tpriddis71@fastcompany.com','7012 Dunning Court','','New Pandanon','8419',228,411),(1255,'Galven','Mullany','+62-644-676-1324','gmullany72@photobucket.com','233 Vidon Parkway','','Kaduheuleut','',8,364),(1256,'Adam','Molden','+86-594-984-8112','amolden73@gov.uk','21 Crescent Oaks Park','','Xicheng','',195,213),(1257,'Wood','Beglin','+593-729-834-5943','wbeglin74@nasa.gov','95732 Dottie Crossing','','Nueva Loja','',261,460),(1258,'Rheba','Vice','+46-922-946-8458','rvice75@ask.com','1545 Prentice Way','Stockholm','Stockholm','111 76',230,294),(1259,'Nollie','Harp','+7-952-349-9871','nharp76@dailymail.co.uk','0 Ruskin Place','','Melenki','602103',73,439),(1260,'Serena','Mannooch','+86-715-541-2457','smannooch77@ocn.ne.jp','93250 Logan Circle','','Zhangxi','',347,193),(1261,'Carlo','Setter','+7-281-264-2077','csetter78@adobe.com','34 Russell Junction','','Pivovarikha','664511',330,470),(1262,'Jeth','Girdler','+86-282-174-5507','jgirdler79@last.fm','01 Mitchell Avenue','','Jiulong','',393,491),(1263,'Rance','Pyer','+595-211-891-5485','rpyer7a@home.pl','576 Anthes Parkway','','Villa Elisa','',165,111),(1264,'Haywood','Reims','+507-723-278-0053','hreims7b@twitpic.com','37243 Crowley Center','','Veracruz','',102,136),(1265,'Blithe','Stanbridge','+992-415-380-5487','bstanbridge7c@seattletimes.com','7375 Pleasure Way','','Adrasmon','',139,361),(1266,'Silvester','O\'Henery','+62-667-233-7800','sohenery7d@newyorker.com','6 Sunfield Parkway','','Cikalaces','',195,380),(1267,'Caresa','Harflete','+7-133-756-9889','charflete7e@who.int','476 Alpine Avenue','','Yershov','442080',189,342),(1268,'Katrinka','Torrejon','+98-431-261-8531','ktorrejon7f@gov.uk','440 Dorton Alley','','Msl','',117,213),(1269,'Bronson','Inglish','+60-903-718-3181','binglish7g@over-blog.com','7136 Northwestern Terrace','Selangor','Petaling Jaya','46801',164,147),(1270,'Ruthe','Bradmore','+86-347-195-6009','rbradmore7h@typepad.com','1 Farwell Hill','','Guandian','',49,168),(1271,'Dulcinea','Cruickshank','+380-679-453-5153','dcruickshank7i@theglobeandmail.com','93 Ridge Oak Junction','','Veselynove','',108,115),(1272,'Rutger','Brogan','+60-817-935-4610','rbrogan7j@last.fm','3 Clarendon Lane','Pulau Pinang','Pulau Pinang','10840',283,172),(1273,'Anthony','Izzat','+57-476-439-5052','aizzat7k@springer.com','362 West Place','','Argelia','761517',10,366),(1274,'Lenore','Broadbent','+1-336-118-1565','lbroadbent7l@ifeng.com','9318 Macpherson Place','North Carolina','Greensboro','27409',302,251),(1275,'Bernie','Jost','+359-725-509-8807','bjost7m@netvibes.com','65 Brown Parkway','','Satovcha','2956',66,359),(1276,'Hyacinthie','Siene','+63-363-993-9544','hsiene7n@amazon.co.jp','51 Toban Crossing','','Subic','2209',62,59),(1277,'Janot','Aveyard','+48-927-333-9274','javeyard7o@weather.com','9915 Eggendart Center','','Sawin','22-107',74,359),(1278,'Bobbee','Muriel','+52-507-137-6525','bmuriel7p@pagesperso-orange.fr','1 Eagle Crest Avenue','Puebla','San Miguel','72595',424,38),(1279,'Paula','Extil','+1-351-105-4778','pextil7q@linkedin.com','99867 Vernon Hill','Manitoba','Beausejour','M1C',267,50),(1280,'Frasier','Maxwaile','+385-908-884-0056','fmaxwaile7r@cloudflare.com','036 Morrow Place','','Jesenice','21314',178,131),(1281,'Nani','Bohling','+86-661-800-9387','nbohling7s@a8.net','86750 Basil Way','','Erling','',275,392),(1282,'Guilbert','Thing','+86-839-674-7346','gthing7t@hao123.com','2 Lawn Lane','','Zouma','',221,499),(1283,'Traci','Mudge','+62-158-854-6413','tmudge7u@behance.net','07343 Stang Terrace','','Tangkolo','',424,189),(1284,'Corissa','Durn','+502-371-563-0932','cdurn7v@jugem.jp','7 Hallows Alley','','San Antonio Aguas Calientes','3015',245,60),(1285,'Cecelia','Fevier','+375-456-769-2010','cfevier7w@istockphoto.com','04274 Springview Center','','Soly','',226,1),(1286,'Augie','Ruter','+855-990-411-6306','aruter7x@census.gov','07 Waubesa Road','','Kampong Cham','',113,170),(1287,'Walker','Morit','+252-978-631-3950','wmorit7y@meetup.com','4 Hoepker Junction','','Jalalaqsi','',354,74),(1288,'Bobbe','Dreier','+972-901-478-5737','bdreier7z@admin.ch','96948 Browning Court','','Kafr Mand','',77,332),(1289,'Dorolisa','Cordelet','+234-514-305-4523','dcordelet80@jalbum.net','11042 Bartillon Court','','Sauri','',102,245),(1290,'Fonsie','Jouhandeau','+82-331-597-6145','fjouhandeau81@ning.com','9 Merrick Park','','Wanju','',331,248),(1291,'Merrily','Robeson','+51-241-511-4119','mrobeson82@deviantart.com','7 Carey Place','','Morropn','',245,205),(1292,'Fabe','Felton','+62-276-772-1431','ffelton83@mozilla.com','5 Gale Place','','Lemahputih','',334,113),(1293,'Mavra','Thring','+86-870-873-4628','mthring84@bloomberg.com','99 Oriole Avenue','','Shunling','',78,461),(1294,'Chloris','Stanion','+57-890-391-3617','cstanion85@sourceforge.net','8 Menomonie Avenue','','El Cantn de San Pablo','55448',437,222),(1295,'Filide','Wrist','+63-400-783-6495','fwrist86@wordpress.com','07925 Summit Circle','','Arenas','2011',499,112),(1296,'Oneida','Castelli','+358-636-965-6041','ocastelli87@list-manage.com','88 Dennis Lane','','Loimaan Kunta','32560',381,444),(1297,'Yoshiko','Krahl','+52-131-266-1203','ykrahl88@squarespace.com','6308 Algoma Center','Oaxaca','Emiliano Zapata','71836',331,297),(1298,'Harp','Jedrzejkiewicz','+593-899-145-8587','hjedrzejkiewicz89@ucoz.com','8279 Karstens Terrace','','Loja','',216,216),(1299,'Marcus','Scranney','+212-350-602-6368','mscranney8a@wikispaces.com','04 Atwood Trail','','Abadou','',428,63),(1300,'Sibyl','Naire','+62-610-645-0161','snaire8b@zdnet.com','19192 Walton Parkway','','Masaran','',159,184),(1301,'Ron','Parkey','+33-628-444-2718','rparkey8c@prnewswire.com','9247 Heath Terrace','Picardie','Noailles','60434 CEDEX',192,104),(1302,'Byrann','Worsley','+86-475-956-9783','bworsley8d@webmd.com','50 Dryden Point','','Zhushan','',403,108),(1303,'Essy','Starbeck','+86-691-644-7364','estarbeck8e@ning.com','03063 Pennsylvania Way','','Dicun','',79,261),(1304,'Yves','Wilden','+63-462-796-3536','ywilden8f@utexas.edu','79630 Luster Park','','Naagas','1413',135,161),(1305,'Donal','Votier','+86-201-994-8298','dvotier8g@behance.net','7568 Schmedeman Hill','','Yantai','',214,367),(1306,'Corissa','Simes','+86-372-823-4977','csimes8h@deviantart.com','9 Lindbergh Drive','','Baoshan','',38,143),(1307,'Tanny','Cescon','+33-545-316-0425','tcescon8i@microsoft.com','38834 Heath Pass','Midi-Pyrnes','Labge','31673 CEDEX',168,495),(1308,'Arnold','Clark','+234-694-926-5351','aclark8j@go.com','5916 6th Plaza','','Toungo','',265,156),(1309,'Lorry','Pennino','+46-428-562-1400','lpennino8k@vistaprint.com','43 Jana Pass','Skne','Bstad','269 36',432,309),(1310,'Tremaine','McKern','+46-431-598-0890','tmckern8l@adobe.com','19 Hintze Terrace','Blekinge','Kallinge','372 53',69,108),(1311,'Zorina','Madsen','+420-147-939-0750','zmadsen8m@issuu.com','4 Talmadge Center','','Hostavice','198 00',80,310),(1312,'Tabitha','McGeechan','+676-914-971-8767','tmcgeechan8n@typepad.com','3 Warbler Court','','Nukualofa','',146,294),(1313,'Roxana','Duplain','+62-416-510-2086','rduplain8o@cyberchimps.com','360 Quincy Crossing','','Krajan','',170,154),(1314,'Timi','Forsdyke','+62-267-705-0078','tforsdyke8p@arstechnica.com','7 Sherman Parkway','','Karanganyarkrajan','',160,274),(1315,'Jobi','Defew','+66-632-641-4056','jdefew8q@google.com.au','3939 Oakridge Plaza','','Ban Chalong','66110',196,380),(1316,'Vivianne','Tommasetti','+502-979-159-5179','vtommasetti8r@flavors.me','453 Continental Circle','','Lvingston','18002',276,312),(1317,'Selma','Gyppes','+86-465-893-6023','sgyppes8s@ning.com','406 Quincy Street','','Huage','',154,163),(1318,'Malvin','Duthie','+86-235-229-3262','mduthie8t@abc.net.au','12 Summerview Lane','','Neiguan','',250,240),(1319,'Federico','Richold','+689-471-296-8393','frichold8u@ning.com','2117 Bluestem Terrace','','Papetoai','',104,492),(1320,'Luca','Holburn','+55-615-836-2415','lholburn8v@tamu.edu','42 Warner Parkway','','Taquarituba','18740-000',29,186),(1321,'Darwin','Bowdery','+62-875-777-7107','dbowdery8w@businesswire.com','30 Sachs Alley','','Wringinputih','',269,71),(1322,'Emyle','Chittie','+1-832-921-3663','echittie8x@reverbnation.com','65 Warrior Avenue','Qubec','Saguenay','G7K',214,187),(1323,'Amandi','Skune','+255-785-870-2379','askune8y@senate.gov','57795 Kennedy Drive','','Ifakara','',292,215),(1324,'Rourke','Mebes','+351-186-129-2186','rmebes8z@e-recht24.de','993 Bunker Hill Road','Viseu','Aviges','3505-130',267,158),(1325,'Mickie','Durkin','+506-723-294-8686','mdurkin90@hugedomains.com','81257 Hanson Park','','Nicoya','50201',409,76),(1326,'Eleanor','Bruhnsen','+86-739-175-7581','ebruhnsen91@ning.com','06449 Mcbride Circle','','Yuqi','',452,73),(1327,'Kristofor','Blockwell','+62-429-519-3180','kblockwell92@plala.or.jp','43 Stoughton Hill','','Karangsono','',69,216),(1328,'Kaspar','Oriel','+30-385-525-5622','koriel93@loc.gov','8564 Forest Dale Park','','Agkathi','',52,145),(1329,'Kenn','Klimentyev','+66-519-447-8953','kklimentyev94@eventbrite.com','00941 Pleasure Hill','','Plaeng Yao','48120',234,310),(1330,'Pearl','Oldershaw','+63-766-918-1744','poldershaw95@issuu.com','8 Steensland Hill','','Gatbo','4419',313,255),(1331,'Sissy','Bruckent','+86-370-615-4398','sbruckent96@canalblog.com','05 5th Drive','','Songjiang','',471,153),(1332,'Merrie','Havelin','+351-613-165-5834','mhavelin97@icq.com','9968 Mcbride Center','Lisboa','So Joo dos Montes','2600-771',434,68),(1333,'Peyter','Blodg','+81-511-740-9721','pblodg98@guardian.co.uk','766 Jenna Drive','','miya','319-3117',17,447),(1334,'Noach','Kirkham','+48-908-855-7409','nkirkham99@spiegel.de','14581 Carberry Park','','Siemianowice lskie','41-106',464,232),(1335,'Lisbeth','Nowlan','+86-203-796-8085','lnowlan9a@networksolutions.com','2 Laurel Park','','Keyi','',499,129),(1336,'Pierrette','De Bruyn','+595-914-715-4586','pdebruyn9b@tumblr.com','99 Boyd Circle','','Guayaybi','',231,390),(1337,'Lucretia','MacRitchie','+7-537-812-4816','lmacritchie9c@dropbox.com','860 Elka Point','','Zherdevka','397100',465,450),(1338,'Jobyna','Wickenden','+62-380-573-6889','jwickenden9d@trellian.com','47 Hagan Terrace','','Cieurih Satu','',26,109),(1339,'Emelda','Pharoah','+86-243-141-0485','epharoah9e@hexun.com','6648 Badeau Way','','Cuntan','',460,284),(1340,'Larissa','Reder','+1-243-261-2162','lreder9f@google.ru','447 Pleasure Plaza','','Agat Village','96922',437,213),(1341,'Kevan','Stathers','+86-667-225-1686','kstathers9g@wsj.com','87256 Dorton Parkway','','Chengcun','',231,355),(1342,'Shelby','Sillis','+992-196-957-4656','ssillis9h@marriott.com','22 Bluestem Pass','','Tursunzoda','',379,18),(1343,'Stephanie','Forrester','+86-924-604-0839','sforrester9i@earthlink.net','69362 Ramsey Terrace','','Wulan','',431,215),(1344,'Michal','Maddams','+86-625-339-4329','mmaddams9j@seattletimes.com','26855 Mallard Trail','','Xiaoyi','',130,397),(1345,'Casey','Strood','+86-377-998-3231','cstrood9k@imdb.com','9 Rowland Pass','','Datong','',165,159),(1346,'Breanne','Orange','+48-262-272-6411','borange9l@so-net.ne.jp','24466 Spaight Point','','Tomaszw Mazowiecki','97-280',113,326),(1347,'Franciska','Chapellow','+86-985-519-5207','fchapellow9m@angelfire.com','1 Prairie Rose Trail','','Simajia','',331,297),(1348,'Ruttger','Tattershall','+234-424-807-6158','rtattershall9n@hc360.com','11 Sauthoff Place','','Wasagu','',154,482),(1349,'Crista','Tilley','+7-254-741-6505','ctilley9o@bizjournals.com','2541 Drewry Circle','','Novotroitsk','649792',421,303),(1350,'Hubey','Eggar','+389-257-896-3935','heggar9p@nih.gov','9905 Longview Center','','','1236',217,146),(1351,'Waiter','Borrington','+52-308-596-3055','wborrington9q@ibm.com','8 Carioca Center','Hidalgo','Emiliano Zapata','43645',152,75),(1352,'Almeda','Lincey','+82-710-178-8179','alincey9r@mail.ru','38041 Transport Junction','','Haenam','',281,453),(1353,'Matilda','Sibille','+291-225-709-2250','msibille9s@facebook.com','45 Hallows Park','','Akordat','',333,11),(1354,'Hogan','Gilroy','+81-180-158-8903','hgilroy9t@moonfruit.com','50 Northridge Way','','Yono','707-0112',491,269),(1355,'Garrott','Pionter','+86-988-722-4106','gpionter9u@myspace.com','7 Ryan Parkway','','Daping','',450,388),(1356,'Geri','Robez','+86-574-936-2205','grobez9v@mapy.cz','5969 North Park','','Xinglong','',251,458),(1357,'Clarie','Risen','+965-581-918-8325','crisen9w@theatlantic.com','194 3rd Parkway','','ab as Slim','',349,76),(1358,'Laurent','Dionis','+505-427-217-7005','ldionis9x@ovh.net','29706 Valley Edge Pass','','Puerto Cabezas','',198,108),(1359,'Doe','Chenery','+63-840-438-7679','dchenery9y@jiathis.com','7 Blaine Circle','','Lope de Vega','6403',306,21),(1360,'Thelma','Carlill','+48-952-770-5993','tcarlill9z@forbes.com','5 Mesta Lane','','Kolbuszowa','36-100',95,87),(1361,'Georgiana','Nolleau','+47-845-319-0636','gnolleaua0@so-net.ne.jp','4093 Fremont Avenue','Aust-Agder','Arendal','4808',137,417),(1362,'Golda','Lummus','+86-439-499-7722','glummusa1@apache.org','51244 Clove Plaza','','Anjihai','',93,376),(1363,'Marje','Philipot','+66-530-581-0306','mphilipota2@digg.com','91 Banding Point','','Bang Racham','16130',408,440),(1364,'Sibilla','Pallas','+48-593-909-6870','spallasa3@sciencedaily.com','6913 Graceland Crossing','','townia','37-312',64,234),(1365,'Adah','Caplen','+380-251-960-9520','acaplena4@digg.com','720 Green Road','','Mikulintsy','',67,424),(1366,'Carmina','Cheevers','+86-485-418-6586','ccheeversa5@eventbrite.com','70 Dixon Crossing','','Biguo','',449,177),(1367,'Oby','Kynston','+380-685-279-7193','okynstona6@ow.ly','131 Crescent Oaks Alley','','Markova','',461,228),(1368,'Xenia','Curbishley','+33-978-896-0068','xcurbishleya7@tinypic.com','01 Barnett Court','Bourgogne','Chalon-sur-Sane','71332 CEDEX',239,229),(1369,'Hermia','Dignam','+86-685-226-7674','hdignama8@behance.net','63 Crowley Alley','','Baiyin','',419,381),(1370,'Rosabelle','Gisbye','+62-327-764-7888','rgisbyea9@unesco.org','0 Carberry Drive','','Cibitung','',61,174),(1371,'Sibel','MacDonell','+46-251-283-1370','smacdonellaa@fda.gov','0757 Center Court','Dalarna','Borlnge','781 81',62,246),(1372,'Patricia','Tregunna','+86-804-562-9551','ptregunnaab@wsj.com','74574 Stuart Junction','','Waihai','',236,34),(1373,'Wynny','Andrivot','+86-317-783-1446','wandrivotac@vinaora.com','28 Stang Park','','Jinguoping','',339,482),(1374,'Chevy','Lequeux','+976-922-988-0052','clequeuxad@imgur.com','52591 Dorton Lane','','Nogoonnuur','',341,394),(1375,'Marnie','Langran','+1-769-708-5636','mlangranae@opera.com','622 Dottie Avenue','Qubec','Trois-Rivires','L8J',499,82),(1376,'Raimund','Imore','+86-729-997-2253','rimoreaf@theglobeandmail.com','18 Grayhawk Road','','Tushi','',456,142),(1377,'Juditha','Brougham','+62-821-819-9525','jbroughamag@booking.com','8124 Banding Street','','Kauman','',104,449),(1378,'Austin','Gulliford','+52-229-766-0007','agullifordah@columbia.edu','85 Tennessee Parkway','Veracruz Llave','Las Flores','95096',309,161),(1379,'Tami','Ivanshintsev','+670-961-781-7637','tivanshintsevai@vimeo.com','21 Mosinee Plaza','','Aileu','',207,161),(1380,'Edan','Bosse','+420-698-247-3698','ebosseaj@51.la','66 Petterle Parkway','','Konice','669 02',76,133),(1381,'Alwin','Sellman','+420-618-517-5970','asellmanak@e-recht24.de','4 Russell Alley','','Zhorovice','687 71',175,94),(1382,'Jackie','Crichmer','+84-655-412-6715','jcrichmeral@vistaprint.com','46996 Elka Avenue','','Th Trn Vn Quan','',110,439),(1383,'Sebastiano','Hinrichs','+226-591-709-1458','shinrichsam@qq.com','136 Atwood Trail','','Kongoussi','',118,411),(1384,'Othello','Gabrieli','+58-467-583-9819','ogabrielian@microsoft.com','9 Sauthoff Lane','','Ciudad Bolvar','',189,185),(1385,'Ellie','Clynman','+7-137-702-3370','eclynmanao@a8.net','77201 Scofield Place','','Krasnaya Gorka','648581',18,301),(1386,'Boycey','Giberd','+212-251-794-1505','bgiberdap@earthlink.net','8138 Graceland Park','','Talzemt','',406,264),(1387,'Alyson','Teaz','+62-308-212-5848','ateazaq@cocolog-nifty.com','6633 Pine View Pass','','Cikadu','',460,164),(1388,'Elinor','Frise','+595-210-733-4726','efrisear@etsy.com','487 Namekagon Parkway','','San Patricio','',100,277),(1389,'Peggi','Kluge','+46-746-508-3121','pklugeas@unc.edu','5 Rieder Road','Blekinge','Asarum','374 53',453,324),(1390,'Ami','Pennacci','+353-335-248-3562','apennacciat@phpbb.com','7369 Forest Run Junction','','Kilmacanoge','A98',283,393),(1391,'Brendan','Heartfield','+58-451-150-5867','bheartfieldau@ihg.com','5 Comanche Alley','','Guarenas','',130,236),(1392,'Tiffy','Duguid','+62-992-506-4883','tduguidav@ox.ac.uk','246 Hanson Avenue','','Jumpangdua','',2,231),(1393,'Orelie','Clancy','+255-650-157-8181','oclancyaw@sitemeter.com','115 Trailsway Alley','','Mlimba','',222,361),(1394,'Katrinka','Ebben','+86-740-650-4014','kebbenax@upenn.edu','1 Nevada Court','','Wuxue Shi','',288,56),(1395,'Roselin','Muat','+86-963-589-5921','rmuatay@ycombinator.com','4 Caliangt Plaza','','Dongla','',245,471),(1396,'Chiarra','Ramel','+55-322-693-4500','cramelaz@xrea.com','33351 Monica Parkway','','Pederneiras','17280-000',287,473),(1397,'Rea','Shepton','+1-376-316-8748','rsheptonb0@illinois.edu','59 5th Avenue','','Charlestown','',118,444),(1398,'Sharon','Moar','+63-567-749-3733','smoarb1@admin.ch','5851 Northport Avenue','','Caigangan','5103',312,170),(1399,'Lisette','Sturridge','+86-773-905-7261','lsturridgeb2@51.la','88452 Erie Place','','Xinfang','',112,52),(1400,'Hyacinthia','Altimas','+86-513-762-4379','haltimasb3@bluehost.com','019 Ridgeview Point','','Jiangan','',9,468),(1401,'Cinda','Dobson','+86-341-731-2576','cdobsonb4@acquirethisname.com','853 Hagan Park','','Labrang','',364,147),(1402,'Gib','Kowal','+33-570-942-1710','gkowalb5@naver.com','2 Ridgeview Alley','Provence-Alpes-Cte d\'Azur','Saint-Laurent-du-Var','06721 CEDEX',220,415),(1403,'Garold','Touzey','+63-646-591-6070','gtouzeyb6@reddit.com','7 Charing Cross Point','','Rizal','7104',374,64),(1404,'Roxie','Coytes','+385-581-695-2103','rcoytesb7@alexa.com','49849 Lerdahl Hill','','Velika','34330',44,280),(1405,'Zahara','Astles','+62-223-178-2067','zastlesb8@irs.gov','87 Mandrake Circle','','Naebugis','',366,181),(1406,'Demetris','Davitashvili','+86-821-724-8809','ddavitashvilib9@tripod.com','35 Mandrake Way','','Nanxing','',204,312),(1407,'Thea','Paskell','+7-690-495-5656','tpaskellba@hexun.com','27738 Sage Circle','','Grazhdanskoye','363104',208,440),(1408,'Zsa zsa','Thow','+82-501-355-9424','zthowbb@usa.gov','79 Mcguire Trail','','Gwangjeok','',476,482),(1409,'Ruperta','Stonebridge','+46-751-413-8270','rstonebridgebc@flickr.com','601 Kenwood Avenue','Stockholm','Skogs','142 50',481,304),(1410,'Roda','Eldritt','+880-285-203-8380','reldrittbd@google.nl','6073 Old Gate Lane','','Saidpur','5311',38,392),(1411,'Luz','Akister','+420-626-943-8763','lakisterbe@indiegogo.com','758 Eastlawn Pass','','Bystr','569 92',246,321),(1412,'Mozelle','Wiffen','+380-976-183-9312','mwiffenbf@google.cn','9794 Hintze Park','','Kalchevaya','',148,135),(1413,'Samuele','Shotter','+62-703-749-6352','sshotterbg@linkedin.com','29894 Shoshone Pass','','Mendenrejo','',365,145),(1414,'Letizia','Reglar','+86-919-273-4772','lreglarbh@technorati.com','5 Leroy Plaza','','Kaiyuan','',490,481),(1415,'Georgia','Giveen','+86-313-309-7051','ggiveenbi@paginegialle.it','3 Scott Crossing','','Yuncao','',362,4),(1416,'Phil','Keslake','+86-571-221-7863','pkeslakebj@nature.com','889 Drewry Avenue','','Xinxing','',104,436),(1417,'Garth','Vicent','+63-594-341-6117','gvicentbk@pen.io','11252 Arizona Street','','Boston','5711',213,350),(1418,'Genny','Giottoi','+86-774-523-9022','ggiottoibl@webnode.com','70 Hoard Alley','','Jiangshi','',407,292),(1419,'Elsworth','Yves','+7-359-963-5472','eyvesbm@blogger.com','7126 Ruskin Hill','','Roshal','140732',104,431),(1420,'Tarrah','Heavens','+385-663-277-5196','theavensbn@wiley.com','7 Victoria Hill','','Martin','31500',74,160),(1421,'Saraann','Hollyar','+420-863-912-3328','shollyarbo@youtu.be','852 Carioca Center','','Tupesy','687 07',104,465),(1422,'Brittne','Turbayne','+54-999-337-0098','bturbaynebp@toplist.cz','74 Coleman Way','','San Carlos','4186',339,385),(1423,'Truman','Picford','+380-877-551-3976','tpicfordbq@facebook.com','6 Lakewood Alley','','Svyatogorsk','',403,249),(1424,'Pincas','Brauninger','+691-139-722-2670','pbrauningerbr@mapquest.com','06901 Debs Crossing','','Fais','',347,464),(1425,'Prescott','Espie','+86-261-343-4036','pespiebs@xing.com','9349 Eastwood Drive','','Yezhi','',28,147),(1426,'Vonnie','Locke','+84-675-122-6502','vlockebt@google.es','25 Doe Crossing Way','','Lc Bnh','',280,93),(1427,'Gannie','Volks','+972-826-223-8802','gvolksbu@patch.com','06 Pleasure Court','','Metulla','',200,264),(1428,'Kayley','MacIntosh','+380-501-489-5751','kmacintoshbv@cdc.gov','51 Union Parkway','','Tyvriv','',417,239),(1429,'Kelbee','Tantum','+970-599-706-8854','ktantumbw@canalblog.com','6516 Nova Road','','uwwrah','',124,52),(1430,'Wyatan','Joynt','+34-777-850-4879','wjoyntbx@liveinternet.ru','934 Blaine Way','Castilla - La Mancha','Albacete','2005',254,66),(1431,'Darwin','Futter','+1-533-899-5257','dfutterby@bravesites.com','01200 Straubel Lane','British Columbia','New Westminster','V4C',432,361),(1432,'Levin','Toun','+880-439-263-5499','ltounbz@irs.gov','06960 Cambridge Lane','','Lakshmpur','1553',369,439),(1433,'Arleta','Lowres','+86-444-408-5620','alowresc0@usgs.gov','350 Texas Center','','Dongqiao','',15,261),(1434,'Wood','Witherbed','+33-266-213-7314','wwitherbedc1@bluehost.com','68379 Talisman Way','le-de-France','Paris 02','75080 CEDEX 02',263,484),(1435,'Burke','Lukianov','+81-967-463-4997','blukianovc2@123-reg.co.uk','89929 Huxley Crossing','','magari','630-2355',280,284),(1436,'Audra','Aplin','+86-403-240-2235','aaplinc3@mail.ru','16 Truax Point','','Gemo','',83,56),(1437,'Sigismondo','Bodiam','+46-284-416-7150','sbodiamc4@a8.net','52 Jenna Point','Skne','Trelleborg','231 68',84,275),(1438,'Boot','Taillant','+33-552-966-3594','btaillantc5@ihg.com','36 Tennessee Parkway','Franche-Comt','Besanon','25035 CEDEX',17,371),(1439,'Shayna','O\'Henehan','+86-684-220-7641','sohenehanc6@github.io','5132 Gateway Drive','','Shuangquan','',298,111),(1440,'Elie','Walasik','+46-864-785-0512','ewalasikc7@wp.com','84121 Sundown Alley','Skne','Helsingborg','252 45',144,49),(1441,'Thibaut','Clemenson','+212-939-762-4850','tclemensonc8@nbcnews.com','54886 Mayer Point','','Bouabout','',107,302),(1442,'Annadiane','Loynes','+967-501-943-2501','aloynesc9@xinhuanet.com','7 Mendota Hill','','Mabar','',420,134),(1443,'Maggi','Ruscoe','+62-170-367-2578','mruscoeca@webs.com','4 Gale Parkway','','Lengkong','',80,314),(1444,'Armand','Grunder','+86-614-726-6150','agrundercb@angelfire.com','2 Hovde Trail','','Mingshui','',68,106),(1445,'Jeanette','Allridge','+62-659-202-0343','jallridgecc@163.com','74 Mcguire Center','','Krajan Jabungcandi','',285,37),(1446,'Northrop','Gostridge','+351-360-181-9895','ngostridgecd@jiathis.com','681 Sachs Alley','Porto','Refojos de Riba de Ave','4825-296',496,338),(1447,'Herta','Escolme','+55-626-337-1052','hescolmece@geocities.jp','842 Coolidge Point','','Itupeva','13295-000',492,92),(1448,'Urbain','Ellsom','+92-938-311-4088','uellsomcf@behance.net','51 Arkansas Junction','','Khnewl','58181',262,114),(1449,'Lucilia','Nevill','+49-992-994-6113','lnevillcg@businessinsider.com','676 Kedzie Hill','Nordrhein-Westfalen','Dsseldorf','40215',176,203),(1450,'Cesare','Gorbell','+507-521-214-7046','cgorbellch@sciencedaily.com','8228 Sunfield Trail','','Tonos','',123,128),(1451,'Wyn','Surman','+86-189-962-2777','wsurmanci@nymag.com','91884 Loftsgordon Crossing','','Huzhou','',234,143),(1452,'Daffi','Archdeckne','+63-334-614-0588','darchdecknecj@mit.edu','835 Nancy Place','','Calapan','5200',133,259),(1453,'Georgia','Schafer','+351-728-583-1793','gschaferck@rambler.ru','0 Utah Junction','Lisboa','Atouguia','2580-128',257,210),(1454,'Anderson','Svanetti','+33-415-426-6709','asvanetticl@mlb.com','11355 Lien Pass','Bretagne','Quimper','29563 CEDEX 9',431,437),(1455,'Alma','Corser','+230-603-847-8887','acorsercm@japanpost.jp','75015 Oriole Avenue','','Olivia','',26,100),(1456,'Jillian','Niche','+86-688-999-5003','jnichecn@businessweek.com','26643 Maryland Circle','','Pingsha','',311,7),(1457,'Modestine','Ryland','+62-949-872-0924','mrylandco@51.la','07 Delladonna Center','','Bantaeng','',489,428),(1458,'Darcee','Hudson','+1-561-325-4555','dhudsoncp@businessinsider.com','9824 Dawn Court','Florida','West Palm Beach','33416',336,145),(1459,'Kurt','Ternott','+1-602-854-8970','kternottcq@sun.com','5243 7th Parkway','Arizona','Mesa','85215',346,355),(1460,'Molly','Le Marchand','+86-336-862-7599','mlemarchandcr@clickbank.net','7 Sunnyside Court','','Xiagang','',395,454),(1461,'Caroline','Toll','+86-816-520-1504','ctollcs@msu.edu','56 Leroy Park','','Jinzipai','',31,388),(1462,'Shirlene','Hallward','+62-540-568-4742','shallwardct@reuters.com','5980 Lillian Drive','','Kadugede','',327,395),(1463,'Giles','Blanche','+33-100-436-2551','gblanchecu@constantcontact.com','79728 Melrose Way','Midi-Pyrnes','Toulouse','31069 CEDEX 7',362,465),(1464,'Torey','Walhedd','+57-736-604-3810','twalheddcv@umich.edu','16 Eastlawn Alley','','Puerto Nario','911018',155,181),(1465,'Marjory','Peedell','+212-920-351-9298','mpeedellcw@wisc.edu','5840 Graedel Court','','Dakhla','',498,406),(1466,'Rocky','Scotchmur','+56-375-259-1248','rscotchmurcx@posterous.com','87792 Hansons Avenue','','Graneros','',364,268),(1467,'Rebbecca','Devitt','+225-404-848-0947','rdevittcy@hostgator.com','98 South Road','','Duekou','',128,98),(1468,'Arabele','Brik','+63-723-978-0652','abrikcz@epa.gov','1 Annamark Point','','Maydolong','6802',44,170),(1469,'Lee','Nielson','+63-499-742-5358','lnielsond0@google.com.hk','66 Sommers Park','','Kalamangog','7006',69,32),(1470,'Gonzales','Kornyshev','+62-596-165-7976','gkornyshevd1@angelfire.com','059 Doe Crossing Street','','Karangasem','',113,224),(1471,'Holt','Gofton','+351-306-157-9867','hgoftond2@list-manage.com','6056 Florence Point','Viseu','Calde','3515-729',90,490),(1472,'Anastassia','Wellbelove','+86-213-748-3212','awellbeloved3@adobe.com','545 Hermina Park','','Taiyanghe','',45,310),(1473,'Tobit','Castleton','+221-838-635-3944','tcastletond4@gizmodo.com','7 Red Cloud Parkway','','Joal-Fadiout','',427,215),(1474,'Wileen','Liffe','+1-818-209-9386','wliffed5@last.fm','0907 Dennis Road','','Juan Adrin','11506',171,101),(1475,'Malvin','Joder','+7-684-851-2893','mjoderd6@etsy.com','7 Monument Street','','Priozrsk','188760',185,488),(1476,'Clarie','Harvett','+62-867-633-5224','charvettd7@miibeian.gov.cn','33736 Twin Pines Crossing','','Paritjunus','',445,364),(1477,'Dido','Vickors','+420-690-773-1352','dvickorsd8@weebly.com','72 Claremont Crossing','','Rmaov','795 01',258,411),(1478,'Datha','Gourlie','+46-144-544-0477','dgourlied9@parallels.com','46600 Maywood Terrace','Gvleborg','Bollns','821 41',289,76),(1479,'Charissa','Simenon','+86-841-596-5917','csimenonda@sciencedirect.com','3 Dennis Pass','','Beiguoyuan','',472,48),(1480,'Conny','Sheals','+51-289-521-4473','cshealsdb@reddit.com','323 Claremont Junction','','Olleros','',483,161),(1481,'Mindy','Gurg','+86-947-222-0921','mgurgdc@accuweather.com','01 Elgar Drive','','Zhuxi','',228,477),(1482,'Kliment','Jedrasik','+351-508-387-2667','kjedrasikdd@behance.net','87918 Walton Crossing','Ilha do Faial','Horta','9900-016',184,102),(1483,'Kendrick','Goldsworthy','+7-819-702-0876','kgoldsworthyde@businesswire.com','69 Sunfield Drive','','Siverskiy','188355',69,181),(1484,'Adolph','Lucey','+880-672-670-9090','aluceydf@house.gov','611 Ryan Crossing','','Kishorganj','5710',200,141),(1485,'Dougie','Kinnar','+223-625-691-2532','dkinnardg@addtoany.com','190 Rutledge Crossing','','Tominian','',26,392),(1486,'Wanids','Korpal','+86-699-485-3333','wkorpaldh@deliciousdays.com','0 Jackson Place','','Dongdong','',385,87),(1487,'Sebastien','Brouncker','+7-295-503-7704','sbrounckerdi@blog.com','361 Elgar Plaza','','Shalushka','361424',256,298),(1488,'Reinaldo','Dearden','+86-629-483-5700','rdeardendj@sitemeter.com','3 Elka Parkway','','Kuanchuan','',378,184),(1489,'Keven','Bonsall','+374-321-525-7841','kbonsalldk@fema.gov','25556 Main Place','','Mayisyan','',15,178),(1490,'Myriam','Plail','+686-681-800-2742','mplaildl@who.int','6 Magdeline Parkway','','Ambo Village','',278,144),(1491,'Enoch','Sleath','+55-942-358-8632','esleathdm@shinystat.com','6 Corscot Terrace','','Barreiro do Jaba','29785-000',77,442),(1492,'Emelda','Yurov','+1-902-805-5114','eyurovdn@phpbb.com','0 Union Lane','British Columbia','North Cowichan','V9L',105,245),(1493,'Steven','Mence','+7-777-509-7515','smencedo@engadget.com','5829 Roxbury Alley','','Spassk','422721',310,81),(1494,'Nola','Lyle','+86-175-427-2061','nlyledp@tripod.com','663 Kinsman Avenue','','Ganlin','',321,223),(1495,'Dickie','Speedy','+57-432-997-3860','dspeedydq@dedecms.com','2 Fairview Lane','','Guayabal de Squima','253217',5,304),(1496,'Ado','Hartin','+62-229-942-2428','ahartindr@hc360.com','4020 Express Drive','','Bijeli','',248,105),(1497,'Nate','Ausiello','+48-914-768-5482','nausiellods@nasa.gov','8678 Manley Park','','Sadkowice','96-206',380,375),(1498,'Jaine','Scourge','+503-779-574-3426','jscourgedt@naver.com','378 Derek Point','','Ciudad Barrios','',199,20),(1499,'Leelah','Snoddy','+33-732-823-3550','lsnoddydu@example.com','7 Hudson Junction','le-de-France','Wissous','91324 CEDEX',481,401),(1500,'Bob','Fison','+963-947-112-9711','bfisondv@ow.ly','8 Anthes Road','','ammm Wil','',471,32),(1501,'Rustie','Beltzner','+51-888-146-9424','rbeltznerdw@omniture.com','1 Village Green Park','','Yamango','',90,380),(1502,'Joyous','Murdy','+95-359-177-7316','jmurdydx@photobucket.com','79163 Melrose Pass','','Bago','',495,243),(1503,'Freddie','MacCoughen','+86-579-666-5448','fmaccoughendy@mayoclinic.com','2 Everett Court','','Luodong','',77,351),(1504,'Marti','Pegler','+86-737-785-1304','mpeglerdz@constantcontact.com','826 Hagan Lane','','Bahui','',259,153),(1505,'Janella','Fullick','+47-930-913-6778','jfullicke0@mapy.cz','19 Towne Road','Telemark','Porsgrunn','3917',368,435),(1506,'Maryellen','Fawloe','+62-355-898-9163','mfawloee1@jugem.jp','64 8th Court','','Krajan Atas Suger Lor','',488,272),(1507,'Uriah','Petticrow','+593-914-151-7660','upetticrowe2@t.co','7516 Ramsey Circle','','Manta','',344,232),(1508,'Lanita','Pecha','+57-632-702-0541','lpechae3@github.com','789 Longview Lane','','Jenesano','153608',319,217),(1509,'Caprice','Killik','+86-157-717-5843','ckillike4@globo.com','11185 Corben Alley','','Dayuan','',463,242),(1510,'Elset','Klein','+30-231-548-8623','ekleine5@alibaba.com','2 Northland Lane','','Proftis Ilas','',230,165),(1511,'Trever','Shervington','+86-244-673-0946','tshervingtone6@networkadvertising.org','1744 Bartillon Lane','','Kangxung','',45,221),(1512,'Ichabod','Luke','+49-139-361-2902','ilukee7@mlb.com','94975 Shopko Alley','Nordrhein-Westfalen','Neuss','41468',87,168),(1513,'Chiquita','Swadon','+52-788-192-0667','cswadone8@ebay.com','9 Mallory Plaza','Michoacan De Ocampo','San Rafael','58910',242,486),(1514,'Antone','Worsfold','+994-241-913-8477','aworsfolde9@ovh.net','93 Kingsford Parkway','','Geoktschai','',163,450),(1515,'Morganne','Levecque','+351-105-145-3776','mlevecqueea@jiathis.com','9140 Namekagon Plaza','Aveiro','Lobo','4505-427',372,229),(1516,'Tessi','Farndon','+380-481-155-6521','tfarndoneb@example.com','408 Calypso Parkway','','Uzhhorod','',365,446),(1517,'Olive','Hoofe','+962-744-246-0625','ohoofeec@chronoengine.com','26393 Dexter Crossing','','Al Kittah','',465,110),(1518,'Ruprecht','Veelers','+86-744-476-9853','rveelersed@amazon.com','61 Namekagon Court','','Changxuanling','',332,303),(1519,'Corabelle','Haggas','+255-863-380-0498','chaggasee@prweb.com','6539 Oakridge Street','','Nzega','',74,89),(1520,'Vivien','Lightowler','+66-699-815-2454','vlightowleref@miitbeian.gov.cn','89159 Jackson Hill','','Saraburi','18190',15,320),(1521,'Tallia','Grassin','+62-188-711-9468','tgrassineg@is.gd','51709 Gale Avenue','','Anggana','',282,121),(1522,'Deana','Cradock','+86-627-520-8783','dcradockeh@ezinearticles.com','498 Lighthouse Bay Hill','','Yukuriawat','',310,276),(1523,'Lotta','Mogenot','+55-599-968-4289','lmogenotei@yellowbook.com','37 Novick Circle','','Una','38610-000',384,10),(1524,'Ruth','Pessold','+54-399-948-7417','rpessoldej@ovh.net','3 Carioca Street','','Leones','2594',75,113),(1525,'Nolana','Druhan','+57-866-573-3870','ndruhanek@chicagotribune.com','553 Montana Court','','Algarrobo','472047',176,208),(1526,'Kathie','Barras','+86-268-776-3544','kbarrasel@pbs.org','258 Maple Court','','Huochezhan','',293,143),(1527,'Woody','Pantling','+372-416-246-2627','wpantlingem@arizona.edu','61 Jana Way','','Viljandi','',184,109),(1528,'Hurlee','O\'Cosgra','+963-627-812-2774','hocosgraen@columbia.edu','9 Arizona Way','','abbrah','',452,384),(1529,'Nanete','Jaszczak','+46-510-876-4178','njaszczakeo@usa.gov','10 Holy Cross Road','Stockholm','Sundbyberg','172 79',143,35),(1530,'Abba','Madsen','+49-842-569-5586','amadsenep@xing.com','32145 Forest Run Plaza','Sachsen','Dresden','1462',326,284),(1531,'Salli','Batrop','+51-793-544-7810','sbatropeq@dailymail.co.uk','2 Fairfield Court','','Trinidad','',423,473),(1532,'Merissa','Alyokhin','+374-360-991-6227','malyokhiner@bizjournals.com','62 7th Terrace','','Jrashen','',343,320),(1533,'Berni','Blazi','+251-302-985-5450','bblazies@marriott.com','74172 Paget Circle','','Goba','',71,150),(1534,'Nicky','Corbett','+55-328-260-5467','ncorbettet@techcrunch.com','7507 Hovde Alley','','Araci','48760-000',288,244),(1535,'Cointon','Osgood','+7-809-783-0867','cosgoodeu@multiply.com','28181 Rusk Crossing','','Yablochnyy','694630',135,8),(1536,'Yettie','Cumberbatch','+62-206-399-6746','ycumberbatchev@ezinearticles.com','107 Golf Course Pass','','Lamongan','',115,200),(1537,'Robina','Tyce','+81-944-498-4559','rtyceew@amazon.com','3713 Rowland Crossing','','Minato','988-0505',108,43),(1538,'Grantham','Spiller','+380-213-681-3480','gspillerex@cafepress.com','9341 Dahle Pass','','Shevchenkove','',73,4),(1539,'Christabel','Larcier','+216-515-749-3629','clarcierey@businessweek.com','011 Norway Maple Junction','','Mateur','',375,41),(1540,'Latrina','Keune','+7-173-547-5543','lkeuneez@github.io','249 Sommers Plaza','','Kondinskoye','628210',238,68),(1541,'Sallyanne','Laurant','+63-747-742-1725','slaurantf0@dot.gov','98 Kennedy Drive','','San Isidro','8421',337,23),(1542,'Storm','Gristwood','+63-573-495-6267','sgristwoodf1@creativecommons.org','383 La Follette Junction','','Baras','4803',258,207),(1543,'Juli','Brittle','+86-188-262-4091','jbrittlef2@jigsy.com','07549 8th Trail','','Karakabak','',163,402),(1544,'Michale','Bertelmot','+222-494-368-8856','mbertelmotf3@whitehouse.gov','90288 Dahle Crossing','','Nouakchott','',383,256),(1545,'Robbert','Exon','+7-367-645-8793','rexonf4@amazon.co.uk','45 Dakota Crossing','','Zelenogradsk','238530',20,6),(1546,'Sylvan','Manilo','+358-957-524-3970','smanilof5@gmpg.org','23 1st Plaza','','Kemijrvi','98999',355,26),(1547,'Zackariah','Mulgrew','+62-934-797-1466','zmulgrewf6@moonfruit.com','02 Kenwood Circle','','Natakoli','',408,321),(1548,'Rhiamon','Claire','+86-357-682-5989','rclairef7@rakuten.co.jp','74 Toban Court','','Anqing','',25,259),(1549,'Aland','Mitchenson','+358-856-446-8719','amitchensonf8@webmd.com','57965 Mayer Street','','Utajrvi','91601',378,386),(1550,'Ludwig','Goodbarr','+352-534-178-1008','lgoodbarrf9@ow.ly','2704 Westend Hill','','Fentange','L-5891',119,365),(1551,'Dalston','Floyed','+55-813-752-5573','dfloyedfa@angelfire.com','346 Truax Trail','','Videira','89560-000',334,290),(1552,'Foster','Davidge','+86-449-385-6655','fdavidgefb@cnet.com','02925 Carberry Drive','','Dangshun','',77,93),(1553,'Danyelle','Chiverstone','+86-863-650-8625','dchiverstonefc@amazonaws.com','7 Spenser Court','','Yunlu','',334,352),(1554,'Briana','Ronan','+62-973-601-7739','bronanfd@bloglovin.com','4285 Dottie Center','','Umburarameha','',438,22),(1555,'Jilleen','Ceney','+380-792-792-4257','jceneyfe@imgur.com','9753 Scoville Point','','Lebedyn','',128,264),(1556,'Laureen','Hoff','+62-218-617-8461','lhoffff@domainmarket.com','6366 Drewry Way','','Tegalheras','',10,100),(1557,'Karilynn','Yggo','+7-994-287-0848','kyggofg@nhs.uk','8 Mockingbird Hill','','Petushki','601144',243,485),(1558,'Cob','Bassilashvili','+62-447-538-4494','cbassilashvilifh@php.net','84712 Eastwood Alley','','Garunggang','',390,431),(1559,'Juieta','Bog','+20-440-825-3477','jbogfi@msu.edu','62 Hallows Parkway','','Marsa Alam','',23,434),(1560,'Laetitia','Paute','+351-112-152-1899','lpautefj@cloudflare.com','7505 Warner Circle','Santarm','Cova da Iria','2495-405',178,381),(1561,'Shermie','Dacks','+52-471-393-4348','sdacksfk@usgs.gov','7 Lerdahl Alley','Veracruz Llave','Revolucion','93610',234,118),(1562,'Mellicent','Casini','+33-331-662-0162','mcasinifl@dell.com','993 Weeping Birch Junction','Lorraine','Sarreguemines','57204 CEDEX',80,436),(1563,'Lazarus','Derby','+63-458-453-6787','lderbyfm@oakley.com','494 8th Place','','Baculongan','1275',387,373),(1564,'Wilburt','Boulding','+57-143-708-3964','wbouldingfn@surveymonkey.com','396 Kensington Junction','','Barrancas','443049',127,386),(1565,'Terra','McCathay','+86-339-563-9465','tmccathayfo@census.gov','11836 Moulton Hill','','Dongjian','',302,165),(1566,'Krispin','Orcott','+7-273-142-0527','korcottfp@stanford.edu','250 Bunker Hill Parkway','','Vykhino-Zhulebino','172372',345,160),(1567,'Haydon','Nowak','+351-862-487-3785','hnowakfq@amazonaws.com','70 Hazelcrest Alley','Aveiro','Estarreja','3860-205',418,398),(1568,'Marilee','Muirhead','+81-766-216-5370','mmuirheadfr@admin.ch','28834 Hanson Avenue','','Komatsushimach','779-1122',466,191),(1569,'Gypsy','Goulden','+7-434-942-0782','ggouldenfs@webeden.co.uk','011 Longview Alley','','Nyrob','618630',356,405),(1570,'Mortimer','Salisbury','+48-820-894-8668','msalisburyft@columbia.edu','5498 Little Fleur Court','','Krajenka','77-430',75,317),(1571,'Holli','Pelling','+81-394-200-3550','hpellingfu@xing.com','2949 Gerald Avenue','','Iiyama','389-2253',80,484),(1572,'Shanie','Giacoppoli','+371-784-952-0604','sgiacoppolifv@soundcloud.com','15033 Morning Crossing','','Stende','',146,406),(1573,'Dalli','Arnould','+262-603-211-9423','darnouldfw@umich.edu','719 Hanover Hill','Runion','Saint-Denis','97717 CEDEX 9',60,201),(1574,'Ker','Karpmann','+82-458-194-4794','kkarpmannfx@ft.com','6034 Westridge Road','','Songgang-dong','',18,492),(1575,'Milo','Shinner','+62-680-939-8050','mshinnerfy@paginegialle.it','8178 David Crossing','','Rimpakgede','',26,365),(1576,'Querida','Crellim','+375-302-866-8936','qcrellimfz@state.gov','6 Memorial Plaza','','Blon','',157,267),(1577,'Jareb','Heinig','+504-728-363-1148','jheinigg0@technorati.com','9747 Steensland Circle','','La Lima','',264,105),(1578,'Eadie','Haxell','+380-682-513-8818','ehaxellg1@list-manage.com','2308 Milwaukee Terrace','','Shevchenkove','',265,367),(1579,'Lynnett','Newe','+84-925-310-3209','lneweg2@sourceforge.net','7 Mendota Terrace','','Vnh Thun','',19,340),(1580,'Nerty','Gallandre','+962-438-298-3922','ngallandreg3@ihg.com','19 Rieder Parkway','','Qr Mov','',259,36),(1581,'Lambert','Shovelbottom','+230-876-966-3099','lshovelbottomg4@ucla.edu','32 Manufacturers Parkway','','Olivia','',214,35),(1582,'Benny','Allbrook','+7-653-821-3369','ballbrookg5@indiatimes.com','16404 Center Park','','Urus-Martan','366510',310,358),(1583,'Stoddard','Dungate','+86-423-410-1690','sdungateg6@ezinearticles.com','84726 Meadow Valley Plaza','','Bayan Qagan','',76,204),(1584,'Nicko','Sussams','+86-292-707-8035','nsussamsg7@berkeley.edu','0 Novick Trail','','Qionghai','',177,485),(1585,'Orella','Borman','+380-652-272-6867','obormang8@cmu.edu','7146 Columbus Circle','','Kopayhorod','',388,63),(1586,'Franky','Blankau','+420-437-899-6616','fblankaug9@cnn.com','69 Packers Hill','','lutava','763 61',224,324),(1587,'Ursa','Deacock','+86-945-155-0395','udeacockga@noaa.gov','6426 Clove Park','','Pengbu','',136,114),(1588,'Yard','Eton','+355-332-304-7596','yetongb@chron.com','4970 Corscot Alley','','Barmash','',143,67),(1589,'Josias','Hincks','+7-964-264-5234','jhincksgc@diigo.com','64 Del Sol Terrace','','Sernur','425479',318,489),(1590,'Isac','Whiston','+81-547-188-2716','iwhistongd@geocities.com','43270 Sloan Way','','Kamiiso','501-0531',113,481),(1591,'Della','Oglethorpe','+48-581-386-1488','doglethorpege@timesonline.co.uk','4844 Esch Lane','','Pisz','12-201',27,415),(1592,'Alistair','Souley','+63-340-636-0882','asouleygf@trellian.com','84 Little Fleur Drive','','Santisimo Rosario','4325',256,147),(1593,'Kaleena','Reedyhough','+62-380-144-8279','kreedyhoughgg@dyndns.org','0942 Hovde Lane','','Margotuhu Kidul','',99,202),(1594,'Renard','Perrinchief','+66-219-430-1921','rperrinchiefgh@theatlantic.com','47630 Upham Avenue','','Sam Chuk','72130',84,41),(1595,'Timotheus','Scouler','+7-637-116-4161','tscoulergi@tuttocitta.it','4648 Lyons Lane','','Rutul','368700',339,446),(1596,'Jocelyn','Ewington','+380-476-859-6092','jewingtongj@state.tx.us','43 Dixon Hill','','Budy','',310,206),(1597,'Corny','Dahmel','+48-316-912-9417','cdahmelgk@ezinearticles.com','8411 Vermont Place','','Wola Rbkowska','08-410',351,240),(1598,'Niven','Drysdall','+269-113-660-2805','ndrysdallgl@skype.com','376 East Point','','Mramani','',189,191),(1599,'Noll','Sidden','+86-884-552-9148','nsiddengm@1688.com','6535 Holmberg Alley','','Haitou','',309,289),(1600,'Daven','Rubinfajn','+62-731-874-0670','drubinfajngn@army.mil','4 7th Junction','','Lubukgadang','',460,417),(1601,'Debbi','Prier','+62-327-520-1072','dpriergo@creativecommons.org','35603 Ridgeway Road','','Lampa','',445,304),(1602,'Tommy','Pinkstone','+48-982-462-5124','tpinkstonegp@squidoo.com','67100 Jenifer Pass','','Sawoborze','78-314',219,35),(1603,'Carola','Lent','+63-750-963-3160','clentgq@technorati.com','508 Maple Street','','Olutanga','7041',68,248),(1604,'Etty','Osmar','+86-434-823-3061','eosmargr@alexa.com','49848 Sheridan Court','','Huiqi','',197,104),(1605,'Lilian','Sciacovelli','+81-959-594-7548','lsciacovelligs@slideshare.net','50214 West Place','','Gob','649-1537',398,302),(1606,'Agace','O\'Dreain','+237-382-901-4298','aodreaingt@ucoz.com','97 Old Shore Point','','Meganga','',421,478),(1607,'Neddie','Lghan','+63-499-825-0722','nlghangu@sitemeter.com','42730 Farmco Drive','','Lagayan','2824',300,203),(1608,'Karine','Schooling','+33-146-841-3494','kschoolinggv@netscape.com','4 Talisman Point','Provence-Alpes-Cte d\'Azur','Toulon','83040 CEDEX 9',165,240),(1609,'Leif','Botting','+48-161-367-5878','lbottinggw@senate.gov','1659 Onsgard Junction','','Strykw','95-010',228,405),(1610,'Alexandre','Burfoot','+62-553-677-7699','aburfootgx@biglobe.ne.jp','76 Graceland Circle','','Gowa','',305,355),(1611,'Ailbert','Southerill','+58-436-135-1634','asoutherillgy@deviantart.com','5776 Anderson Hill','','Los Rastrojos','',4,279),(1612,'Darice','Hickinbottom','+502-827-683-9478','dhickinbottomgz@indiegogo.com','3 Monterey Lane','','Huit','19010',411,491),(1613,'Hamil','Jagoe','+212-780-412-2839','hjagoeh0@economist.com','4779 Katie Way','','Bhalil','',339,157),(1614,'Nickie','Patifield','+86-738-904-5053','npatifieldh1@e-recht24.de','55094 Jana Court','','Lingqian','',157,364),(1615,'Isidore','Cominetti','+86-614-143-8103','icominettih2@wordpress.com','13844 Lakewood Gardens Crossing','','Luci','',313,16),(1616,'Bambi','Meneo','+86-978-545-9669','bmeneoh3@webmd.com','1634 Butterfield Junction','','Shuizhai','',25,116),(1617,'Hubie','O\'Haire','+84-579-983-4722','hohaireh4@4shared.com','5 Grover Park','','Tam Bnh','',412,313),(1618,'Cloris','Marques','+53-788-115-2537','cmarquesh5@tripadvisor.com','10715 Raven Terrace','','Trinidad','',455,19),(1619,'Mervin','Leband','+86-456-857-4473','mlebandh6@hugedomains.com','95 Quincy Place','','Nuoxizhi','',22,455),(1620,'Mychal','Hallick','+62-610-446-9461','mhallickh7@rediff.com','47 Fair Oaks Circle','','Biyan','',418,385),(1621,'Jeno','Muris','+1-251-111-6320','jmurish8@jugem.jp','7 Drewry Circle','Alabama','Mobile','36689',335,93),(1622,'Franz','Tutchings','+351-640-339-6844','ftutchingsh9@wisc.edu','10853 Emmet Court','Braga','Seara','4845-028',303,249),(1623,'Carny','Easter','+62-143-535-3337','ceasterha@apple.com','51 Loftsgordon Crossing','','Purworejo','',496,86),(1624,'Alf','Beadles','+86-439-381-9100','abeadleshb@tuttocitta.it','4584 Farragut Circle','','Yidu','',396,198),(1625,'Quinlan','Choldcroft','+86-217-495-4990','qcholdcrofthc@prweb.com','0 North Center','','Xiyang','',227,297),(1626,'Janene','Saltsberg','+46-560-421-2981','jsaltsberghd@networksolutions.com','0 Browning Lane','Stockholm','Bromma','168 58',75,297),(1627,'Estele','Guirau','+234-962-225-8730','eguirauhe@huffingtonpost.com','33 Mallory Crossing','','Kishi','',347,393),(1628,'Rheta','Eacle','+84-332-791-8456','reaclehf@a8.net','679 Westport Alley','','Pho Duc','',313,121),(1629,'Adair','Hitscher','+261-156-378-7509','ahitscherhg@jimdo.com','01631 Saint Paul Court','','Sakaraha','',233,128),(1630,'Bartholomeus','Hacon','+84-503-558-9599','bhaconhh@omniture.com','55 Prentice Hill','','Th Trn Bnh M','',385,184),(1631,'Rennie','Dooly','+82-177-929-9676','rdoolyhi@fastcompany.com','6513 Kropf Center','','Ungsang','',188,29),(1632,'Malia','Proffitt','+98-608-461-2297','mproffitthj@bandcamp.com','05172 Bartillon Pass','','Neyrz','',346,417),(1633,'Vincent','Hlavac','+359-776-477-9415','vhlavachk@illinois.edu','33 Donald Parkway','','Blagoevgrad','2729',390,386),(1634,'Shanta','Larvin','+51-868-234-5250','slarvinhl@bandcamp.com','27230 Pennsylvania Plaza','','Caballococha','',40,3),(1635,'Sydney','Stigell','+48-608-404-3298','sstigellhm@boston.com','0 Tennessee Point','','Lena Podlaska','21-542',218,277),(1636,'Brandy','Gwilliam','+62-694-579-4966','bgwilliamhn@sitemeter.com','7 Nelson Center','','Pakembangan','',33,60),(1637,'Aron','Goring','+62-592-446-1412','agoringho@google.nl','6 Gateway Center','','Tangkilsari','',372,473),(1638,'Morganica','Sandcraft','+386-300-813-6916','msandcrafthp@vimeo.com','2 Dennis Junction','','Lipovci','9241',33,81),(1639,'Gwendolen','Callaway','+86-576-876-0391','gcallawayhq@indiatimes.com','4 Vidon Trail','','Fangxiang','',485,432),(1640,'Linn','Lemasney','+62-637-352-8997','llemasneyhr@addthis.com','52008 Northport Park','','Cihaladan','',165,408),(1641,'Chauncey','McGilmartin','+351-984-738-9986','cmcgilmartinhs@blogger.com','141 Stephen Avenue','Viseu','Boavista','4690-696',233,244),(1642,'Charmaine','Turbefield','+380-864-220-3454','cturbefieldht@wikispaces.com','261 Fair Oaks Alley','','Kalynivka','',102,489),(1643,'Barrie','Syratt','+251-498-935-2927','bsyratthu@blogs.com','34 Sage Pass','','Dabat','',78,379),(1644,'Alain','Goff','+48-123-958-6981','agoffhv@paginegialle.it','9 Chive Avenue','','Paprotnia','08-107',237,100),(1645,'Dell','Duval','+86-691-244-0991','dduvalhw@technorati.com','48556 Pierstorff Circle','','Jianshe','',66,393),(1646,'Clareta','Whistlecroft','+93-302-505-4127','cwhistlecrofthx@list-manage.com','73 Dahle Circle','','Unbah','',404,94),(1647,'Henriette','Pounder','+86-236-208-2599','hpounderhy@ezinearticles.com','60 Springs Parkway','','Xingtan','',169,377),(1648,'Frants','Kenrat','+66-673-635-7281','fkenrathz@paginegialle.it','7818 Alpine Road','','Bang Sao Thong','10560',11,148),(1649,'Bambie','Furniss','+81-889-907-1816','bfurnissi0@cocolog-nifty.com','555 Corscot Crossing','','Kisai','347-0105',263,471),(1650,'Juanita','Denholm','+62-122-866-8874','jdenholmi1@wikipedia.org','6 Memorial Point','','Mulyosari','',59,401),(1651,'Lyndsie','Cauldwell','+1-443-222-7973','lcauldwelli2@apache.org','82 Northport Junction','Maryland','Annapolis','21405',178,292),(1652,'Lonni','Edgars','+55-316-738-8728','ledgarsi3@sourceforge.net','4 Barby Way','','Itabaiana','49500-000',54,86),(1653,'Ron','Ricca','+52-956-705-6388','rriccai4@skype.com','44470 Sommers Terrace','Guerrero','La Palma','40914',52,437),(1654,'Evita','Hodgen','+81-589-207-3831','ehodgeni5@ft.com','140 Kings Circle','','Nishiwaki','679-1212',6,187),(1655,'Britta','Reitenbach','+48-328-116-1802','breitenbachi6@spotify.com','7529 Larry Plaza','','Ozimek','46-040',290,108),(1656,'Penn','Loisi','+86-650-382-9117','ploisii7@instagram.com','07 Dahle Alley','','Tangzha','',194,170),(1657,'Ilsa','Wisham','+970-792-942-2343','iwishami8@utexas.edu','251 Nevada Trail','','Qaffn','',399,461),(1658,'Jim','Boobyer','+86-447-568-1344','jboobyeri9@slate.com','17883 Sommers Parkway','','Kaoshan','',116,360),(1659,'Griff','Summerskill','+7-108-248-6086','gsummerskillia@sfgate.com','7 Nevada Drive','','Gornorechenskiy','692425',257,417),(1660,'Robenia','Lermouth','+33-882-932-9900','rlermouthib@is.gd','9937 Caliangt Court','le-de-France','Marne-la-Valle','77453 CEDEX 2',343,179),(1661,'Dorri','Spinas','+86-294-901-0248','dspinasic@ibm.com','91 Elgar Junction','','Guanzhou','',432,226),(1662,'Garrott','Neary','+46-165-480-2922','gnearyid@mapy.cz','54324 Green Parkway','Jnkping','Nssj','571 92',136,415),(1663,'Orv','Seger','+7-696-184-6720','osegerie@whitehouse.gov','380 Comanche Hill','','Berendeyevo','152000',276,480),(1664,'Harvey','Hoys','+86-835-106-6821','hhoysif@networksolutions.com','206 Roxbury Hill','','Liuzu','',135,75),(1665,'Bendix','Siggins','+66-278-958-5080','bsigginsig@reverbnation.com','308 Mifflin Circle','','Ratchasan','70150',285,79),(1666,'Grenville','Kubczak','+374-106-780-4081','gkubczakih@marriott.com','6 Quincy Crossing','','Darpas','',65,33),(1667,'Ransom','McCroary','+62-181-385-1123','rmccroaryii@bbc.co.uk','628 Daystar Street','','Detik Satu','',477,241),(1668,'Alex','Woodward','+33-281-972-5914','awoodwardij@salon.com','09054 Ridgeview Avenue','Rhne-Alpes','Chambry','73091 CEDEX',133,173),(1669,'Alicea','Camies','+593-871-469-8490','acamiesik@1und1.de','209 Bunting Avenue','','Huaquillas','',437,130),(1670,'Sim','Foggo','+86-499-317-8560','sfoggoil@upenn.edu','308 Superior Junction','','Lmeng','',79,104),(1671,'Jerrie','Klees','+81-345-700-4615','jkleesim@squarespace.com','846 6th Crossing','','Muk','617-0002',255,46),(1672,'Woodrow','Furmonger','+1-810-243-5025','wfurmongerin@twitter.com','7115 Anhalt Trail','Michigan','Detroit','48211',227,244),(1673,'Jaine','Laraway','+351-333-768-8977','jlarawayio@imgur.com','712 Oak Valley Crossing','Leiria','Ponte da Pedra','2415-177',33,291),(1674,'Eduino','Blundel','+880-677-702-8235','eblundelip@cargocollective.com','16653 Kensington Terrace','','Dohr','1330',33,119),(1675,'Lindsay','Brandreth','+63-247-811-5108','lbrandrethiq@ftc.gov','253 Cordelia Court','','Lagangilang','2802',33,407),(1676,'Felita','MacAllan','+380-450-527-9310','fmacallanir@webnode.com','0164 Merrick Parkway','','Pervomaysk','',114,57),(1677,'Towny','Fennick','+509-400-628-7439','tfennickis@networkadvertising.org','9041 Magdeline Avenue','','Milot','',55,189),(1678,'Camille','Brandolini','+506-416-318-3057','cbrandoliniit@unicef.org','61 Darwin Trail','','Calle Blancos','10803',161,358),(1679,'Hannah','Flew','+86-725-490-9971','hflewiu@last.fm','61 6th Trail','','Zhongping','',481,333),(1680,'Sarita','Danniel','+7-874-223-2040','sdannieliv@cdbaby.com','512 Hoffman Way','','Tirlyanskiy','442815',84,184),(1681,'Esmeralda','Caplan','+62-857-976-1535','ecaplaniw@desdev.cn','94660 Anniversary Place','','Bayan','',96,467),(1682,'Angeline','Groom','+7-954-731-6814','agroomix@msu.edu','32 Bellgrove Trail','','Turinsk','623900',127,490),(1683,'Isabella','McShirie','+351-713-325-1853','imcshirieiy@google.pl','2941 Shoshone Lane','Lisboa','Almonhas Velhas','2755-163',490,181),(1684,'Carla','Charette','+46-620-646-4997','ccharetteiz@psu.edu','5 Susan Road','rebro','Kumla','692 24',149,455),(1685,'Zachery','Philot','+351-248-620-9369','zphilotj0@columbia.edu','13998 Basil Place','Porto','Vila Ch','4485-518',355,424),(1686,'Amara','Fulkes','+86-150-513-6691','afulkesj1@feedburner.com','085 Carioca Circle','','Puning','',90,212),(1687,'Shari','Varvell','+7-400-147-3787','svarvellj2@issuu.com','0483 Loomis Road','','Sorokino','659391',246,52),(1688,'Jory','Byass','+86-159-360-3574','jbyassj3@delicious.com','81 Russell Hill','','Hushi','',45,402),(1689,'Nigel','Keith','+51-714-921-4804','nkeithj4@mail.ru','40261 Monument Road','','Yanahuanca','',206,24),(1690,'Sylvan','Guilfoyle','+7-923-804-8293','sguilfoylej5@shareasale.com','37 Fieldstone Alley','','Shalqya','',361,89),(1691,'Shoshana','McIlherran','+54-912-679-9493','smcilherranj6@icq.com','2 Coolidge Circle','','General Cabrera','5809',308,315),(1692,'Edythe','Bengtsson','+351-976-502-8174','ebengtssonj7@studiopress.com','99300 Westend Pass','Setbal','Lau','2950-127',362,239),(1693,'Jacenta','Vsanelli','+1-275-108-3160','jvsanellij8@alexa.com','01962 Northview Circle','','Micoud','',9,220),(1694,'Sheeree','Murfin','+62-613-352-5849','smurfinj9@gizmodo.com','31 Pawling Road','','Aegela','',401,12),(1695,'Coralie','Paulig','+63-887-133-9783','cpauligja@spiegel.de','95 Kenwood Street','','Malusac','2005',276,339),(1696,'Licha','Hearson','+63-866-441-1803','lhearsonjb@cloudflare.com','279 Springview Parkway','','Del Pilar','5513',327,465),(1697,'Marylinda','Twelftree','+48-356-381-2272','mtwelftreejc@rambler.ru','46589 Erie Street','','Dugosiodo','07-210',312,152),(1698,'Karisa','Loges','+62-162-896-4066','klogesjd@archive.org','66 West Hill','','Besukrejo','',128,478),(1699,'Maynard','Argrave','+62-872-880-5008','margraveje@blogspot.com','93 Pawling Street','','Kawangu','',16,32),(1700,'Rachele','Marusik','+86-851-997-2875','rmarusikjf@odnoklassniki.ru','87 Anderson Drive','','Zhaitou','',48,200),(1701,'Brod','Panks','+66-948-237-7152','bpanksjg@apple.com','6628 Continental Park','','Ban Na','26110',160,157),(1702,'Ashia','Jancey','+86-823-703-3140','ajanceyjh@over-blog.com','8 Fremont Way','','Baojiadian','',162,42),(1703,'Laird','Radolf','+62-404-813-8383','lradolfji@prnewswire.com','3 Barnett Hill','','Kalabahi','',28,292),(1704,'Hermann','Mussilli','+57-559-201-5629','hmussillijj@squidoo.com','8552 Lillian Place','','El Retn','478067',2,283),(1705,'Faydra','Fossett','+7-498-618-7557','ffossettjk@mayoclinic.com','7 4th Terrace','','Rossosh','652672',10,216),(1706,'Albertine','Piburn','+86-904-298-4095','apiburnjl@fotki.com','07 Westerfield Alley','','Nanyulinxi','',309,409),(1707,'Avie','Starrs','+34-227-289-1362','astarrsjm@tmall.com','9649 West Parkway','Andalucia','Malaga','29071',236,86),(1708,'Holly','Whitlow','+86-552-121-1156','hwhitlowjn@mail.ru','97272 Oxford Center','','Zhuqi','',99,447),(1709,'Man','McCalister','+55-425-434-6641','mmccalisterjo@tripod.com','51 Calypso Way','','Mariana','35420-000',465,211),(1710,'Ingram','FitzGeorge','+53-768-558-9381','ifitzgeorgejp@paginegialle.it','5121 Bellgrove Terrace','','Jovellanos','',494,371),(1711,'Sheffield','Siburn','+963-964-384-1178','ssiburnjq@cocolog-nifty.com','4 Coleman Circle','','Khanir','',231,335),(1712,'Sigismund','Blaker','+261-961-846-2487','sblakerjr@quantcast.com','14 Mifflin Way','','Fenoarivo Atsinanana','',472,16),(1713,'Denny','Andriveau','+62-455-540-1223','dandriveaujs@jimdo.com','33 Butternut Street','','Kresek','',146,178),(1714,'Amabel','Fley','+381-241-603-1457','afleyjt@cargocollective.com','344 Fallview Trail','','Jazovo','',183,244),(1715,'Gerek','Shoute','+351-213-373-1064','gshouteju@rakuten.co.jp','951 Daystar Lane','Aveiro','Outeiro','4540-379',91,266),(1716,'Julissa','Tiebe','+502-230-917-0187','jtiebejv@cbslocal.com','05885 Manufacturers Park','','San Juan Ixcoy','13023',199,64),(1717,'Ceil','Gimenez','+86-137-712-6074','cgimenezjw@google.com','75535 Bobwhite Alley','','Tantu','',389,383),(1718,'Lissa','Cosbey','+1-225-756-7812','lcosbeyjx@chronoengine.com','2 Burrows Lane','Louisiana','Baton Rouge','70820',59,128),(1719,'Bendix','Barson','+62-637-203-7953','bbarsonjy@cdbaby.com','9 Kenwood Crossing','','Mandeman Daya','',215,24),(1720,'Erma','Cana','+86-931-229-2856','ecanajz@si.edu','5 John Wall Way','','Anshun','',158,220),(1721,'Rusty','Purtell','+27-972-837-0985','rpurtellk0@techcrunch.com','4857 Lukken Point','','Jan Kempdorp','8560',133,494),(1722,'Nickolas','Jacquemard','+7-430-629-3181','njacquemardk1@nps.gov','1 Parkside Hill','','Krasnogvardeyets','102469',53,140),(1723,'Jan','Soutar','+56-245-347-2880','jsoutark2@nyu.edu','276 Bluejay Crossing','','Melipilla','',346,470),(1724,'Danny','Bastick','+380-734-162-9659','dbastickk3@com.com','9566 Lighthouse Bay Junction','','Hola Prystan','',201,296),(1725,'Harman','Hartopp','+63-333-392-1045','hhartoppk4@yellowpages.com','5 Schmedeman Crossing','','Pagatin','9607',42,290),(1726,'Bartolomeo','Kinnerley','+81-404-991-3390','bkinnerleyk5@samsung.com','9 Transport Drive','','machi','399-8604',403,6),(1727,'Carmine','Newe','+7-311-339-3290','cnewek6@cam.ac.uk','3 Village Green Center','','Borisova Griva','188674',57,427),(1728,'Debor','Cristofano','+358-897-253-5129','dcristofanok7@behance.net','53888 Tomscot Pass','','Orivesi','35301',193,176),(1729,'Gunner','Boak','+92-757-975-0785','gboakk8@slideshare.net','674 Dayton Alley','','Havelin','22501',380,462),(1730,'Bernadette','Legges','+7-832-115-8380','bleggesk9@themeforest.net','2969 Prairie Rose Junction','','Kortkeros','168020',204,242),(1731,'Lane','Fedorchenko','+351-114-375-8288','lfedorchenkoka@blinklist.com','1 Green Circle','Porto','Vila Verde','4560-221',349,471),(1732,'Barbette','MacGuiness','+86-138-367-4743','bmacguinesskb@histats.com','7847 Sullivan Street','','Yuguan','',323,336),(1733,'Monika','Maurice','+595-348-983-6442','mmauricekc@e-recht24.de','68 South Hill','','Colonia Catuete','',282,25),(1734,'Justin','Gallimore','+63-441-680-7919','jgallimorekd@apple.com','923 Bayside Terrace','','Binubusan','2818',54,71),(1735,'Joseph','Biggans','+62-693-713-5192','jbigganske@sun.com','89744 Kenwood Park','','Broto','',119,333),(1736,'Leonerd','Bright','+55-723-893-6445','lbrightkf@newyorker.com','43 Troy Place','','Ibipor','86200-000',83,115),(1737,'Emelina','McHan','+420-878-188-1707','emchankg@scientificamerican.com','5 Spenser Parkway','','Jeviovice','671 53',68,63),(1738,'Peggy','Wolfenden','+852-884-690-8168','pwolfendenkh@photobucket.com','9133 Lotheville Place','','Tsuen Wan','',54,303),(1739,'Bondon','MacKean','+86-832-957-4869','bmackeanki@earthlink.net','88 Bowman Court','','Longfeng','',90,141),(1740,'Vonnie','Dowdam','+64-382-685-5234','vdowdamkj@livejournal.com','11162 Carberry Terrace','','Methven','7745',451,499),(1741,'Dalston','Champney','+86-485-788-2044','dchampneykk@nasa.gov','814 Crest Line Lane','','Luwu','',322,51),(1742,'Eolanda','Cusiter','+86-957-998-7085','ecusiterkl@tuttocitta.it','63 Towne Park','','Fencheng','',73,131),(1743,'Cirillo','Slogrove','+86-347-609-7148','cslogrovekm@addtoany.com','3 Hauk Park','','Wanan','',354,409),(1744,'Beatrisa','Hinckesman','+86-621-859-2752','bhinckesmankn@fotki.com','63867 Dryden Junction','','Changqi','',167,99),(1745,'Travus','Silly','+380-757-378-3803','tsillyko@t-online.de','45 Cody Trail','','Nizhyn','',10,117),(1746,'Lawton','Bulteel','+86-757-924-3980','lbulteelkp@discuz.net','03 Commercial Lane','','Guangyi','',129,231),(1747,'Charles','Ren','+33-430-346-1429','crenkq@nifty.com','1 Lake View Plaza','Rhne-Alpes','Bonneville','74134 CEDEX',407,363),(1748,'Francis','Innett','+62-596-927-3155','finnettkr@apple.com','644 Bultman Circle','','Belawang','',438,245),(1749,'Seth','Upton','+86-758-109-3585','suptonks@cnet.com','201 Fulton Park','','Heze','',368,496),(1750,'Keeley','Hymans','+256-541-300-9064','khymanskt@sciencedirect.com','80 Red Cloud Hill','','Nakasongola','',227,128),(1751,'Gavrielle','Gebuhr','+63-700-225-5634','ggebuhrku@bizjournals.com','729 Dakota Street','','Kalbugan','1485',87,461),(1752,'Thorsten','Petruskevich','+261-590-501-1864','tpetruskevichkv@4shared.com','80316 Kingsford Place','','Antalaha','',422,77),(1753,'Allegra','Unwins','+7-167-728-5569','aunwinskw@gmpg.org','1839 Claremont Lane','','Susuman','686314',149,456),(1754,'Colline','Tiler','+31-815-786-2103','ctilerkx@qq.com','21586 Golf View Way','Provincie Noord-Holland','IJmuiden','1974',28,363),(1755,'Ophelia','Bairnsfather','+63-813-157-7793','obairnsfatherky@sciencedirect.com','89472 Morningstar Place','','Siraway','7121',109,477),(1756,'Crawford','Barbier','+351-125-702-3801','cbarbierkz@who.int','4 Reindahl Crossing','Braga','Seara','4845-028',80,218),(1757,'Sherill','Hoy','+86-913-937-1087','shoyl0@deviantart.com','95 Montana Street','','Haoba','',358,111),(1758,'Grover','Gerardi','+212-417-387-7730','ggerardil1@constantcontact.com','8 Ridgeview Park','','Timoulilt','',107,75),(1759,'Seth','Puddin','+86-676-962-1158','spuddinl2@artisteer.com','992 Michigan Court','','Huanshan','',45,372),(1760,'Vyky','Havock','+212-481-543-2444','vhavockl3@google.fr','75428 Moland Parkway','','Tiout','',393,359),(1761,'Foster','Colloby','+7-650-295-1874','fcollobyl4@infoseek.co.jp','3248 Ruskin Alley','','Privodino','165391',121,6),(1762,'Hasty','Sawforde','+52-184-274-4722','hsawfordel5@sun.com','30611 Londonderry Lane','Sonora','Buenos Aires','83344',294,91),(1763,'Gilda','Iggulden','+48-616-839-5088','gigguldenl6@tinypic.com','8694 Stang Crossing','','Okocim','32-865',357,103),(1764,'Vallie','Dumper','+420-805-737-3931','vdumperl7@phpbb.com','59671 Westridge Road','','Libice nad Cidlinou','289 07',221,435),(1765,'Franny','O\'Driscole','+7-278-326-7694','fodriscolel8@ustream.tv','7 Jay Court','','Urengoy','629860',90,296),(1766,'Bink','Cohani','+86-961-745-7923','bcohanil9@skyrock.com','3 Maple Alley','','Sangmu','',33,159),(1767,'Laure','Vannah','+62-413-119-4548','lvannahla@adobe.com','8742 Dahle Hill','','Kemiri','',272,12),(1768,'Corbin','Hawkeridge','+380-110-432-0197','chawkeridgelb@disqus.com','29 Westridge Trail','','Petrivka','',196,473),(1769,'Dolli','Grigoriev','+381-488-998-8562','dgrigorievlc@gov.uk','90614 Merry Junction','','Perlez','',268,288),(1770,'Mirelle','Brazil','+62-155-389-8102','mbrazilld@devhub.com','622 Mesta Terrace','','Tlogoagung','',8,401),(1771,'Aleksandr','McGrah','+502-614-691-0318','amcgrahle@hostgator.com','33025 Hoffman Lane','','Esquipulas Palo Gordo','12027',71,104),(1772,'Granthem','Bogue','+57-785-664-6578','gboguelf@jimdo.com','117 Lunder Parkway','','Guachucal','524588',254,315),(1773,'Gisele','Sparry','+48-480-421-1962','gsparrylg@vk.com','4 Melody Parkway','','Dzwola','23-304',61,113),(1774,'Natty','Simeonov','+86-779-156-0498','nsimeonovlh@bbc.co.uk','85 Bowman Court','','Qingshi','',176,212),(1775,'Lorie','Cromarty','+55-529-477-9790','lcromartyli@gnu.org','69781 Basil Drive','','Guararapes','16700-000',178,86),(1776,'Ilise','Keningham','+62-737-870-6016','ikeninghamlj@dailymotion.com','0 Ruskin Trail','','Darungan','',361,272),(1777,'Fredia','Krahl','+86-174-742-8875','fkrahllk@dedecms.com','3035 Bonner Crossing','','Jiuxian','',211,287),(1778,'Leisha','Mahmood','+62-479-514-5611','lmahmoodll@hugedomains.com','0115 Sunbrook Point','','Tengah','',205,45),(1779,'Ruthi','Alliston','+685-811-970-9624','rallistonlm@desdev.cn','8 Shoshone Trail','','Nofoalii','',211,50),(1780,'Jayme','Bolgar','+48-921-755-9854','jbolgarln@cornell.edu','5 Upham Street','','Stare Kurowo','66-540',111,46),(1781,'Leslie','Gething','+387-525-459-1074','lgethinglo@mtv.com','5 7th Circle','','Pale','',68,148),(1782,'Franzen','Bloxland','+86-524-658-0427','fbloxlandlp@twitpic.com','7 Arizona Crossing','','Huyuan','',279,397),(1783,'Ginelle','Harpham','+62-182-598-8445','gharphamlq@wikipedia.org','8203 Norway Maple Circle','','Cikeusal','',227,315),(1784,'Braden','Dryburgh','+62-471-713-3698','bdryburghlr@gizmodo.com','57 Kings Crossing','','Demak','',226,281),(1785,'Molly','Matura','+52-716-655-4709','mmaturals@jimdo.com','727 Glendale Road','Oaxaca','Lindavista','70633',314,217),(1786,'Josy','Harp','+86-561-590-2992','jharplt@disqus.com','01579 Cardinal Junction','','Gaojingzhuang','',402,268),(1787,'Errol','Tutton','+86-481-861-4053','etuttonlu@miitbeian.gov.cn','1906 Surrey Court','','Tumen','',421,223),(1788,'Giacopo','Geggus','+420-806-113-1347','ggegguslv@typepad.com','2 Haas Lane','','Krumv','691 73',279,430),(1789,'Dorey','Oakeby','+255-482-536-6026','doakebylw@wiley.com','421 Fairfield Avenue','','Mtambile','',331,491),(1790,'Mei','Waldock','+63-425-622-3995','mwaldocklx@thetimes.co.uk','78948 Linden Pass','','Luna','3813',337,91),(1791,'Purcell','McCreery','+226-481-749-9910','pmccreeryly@tinypic.com','21269 Dwight Court','','Lo','',12,273),(1792,'Merry','Cheese','+33-979-411-5221','mcheeselz@xinhuanet.com','30 Pearson Circle','le-de-France','Paris 13','75243 CEDEX 13',390,347),(1793,'Carolina','Van Oort','+30-430-165-3358','cvanoortm0@4shared.com','289 Nevada Avenue','','Skla','',473,458),(1794,'Raul','Knappett','+351-586-789-3006','rknappettm1@sciencedirect.com','0219 Bayside Center','Porto','Castlo','4785-132',62,355),(1795,'Amelita','Lumpkin','+30-438-683-5979','alumpkinm2@shinystat.com','5 Gateway Drive','','Limn Khersonsou','',264,452),(1796,'Trixy','Boddington','+48-444-546-5527','tboddingtonm3@rediff.com','7558 7th Street','','Przybiernw','72-110',244,147),(1797,'Modesta','Nestle','+86-681-918-5830','mnestlem4@e-recht24.de','38 Twin Pines Parkway','','Taihua','',114,360),(1798,'Rani','Kaplan','+86-261-454-0940','rkaplanm5@last.fm','06 Arapahoe Place','','Gaoling','',395,475),(1799,'Camila','Crookshank','+386-485-136-2501','ccrookshankm6@about.me','9398 Magdeline Point','','Verd','1354',275,285),(1800,'Consuela','Oda','+7-967-354-8936','codam7@buzzfeed.com','6525 Thierer Junction','','Sedkyrkeshch','167907',89,140),(1801,'Elena','Nornable','+62-232-704-1722','enornablem8@mapquest.com','28 Dorton Circle','','Gresik','',295,323),(1802,'Violet','Gurry','+86-861-393-7165','vgurrym9@intel.com','46 Myrtle Lane','','Xiangfu','',60,197),(1803,'Jenni','Gaine','+62-485-911-2369','jgainema@multiply.com','8790 Warner Road','','Kotaagung','',154,424),(1804,'Antoinette','Casillis','+86-994-651-4678','acasillismb@ibm.com','37958 Melody Junction','','Piaocao','',139,191),(1805,'Teresa','Mulcock','+86-398-869-5238','tmulcockmc@sciencedaily.com','740 Farmco Park','','Qiaolin','',246,301),(1806,'Meyer','Lerway','+53-752-703-8679','mlerwaymd@yandex.ru','513 Tennyson Circle','','Corralillo','',479,492),(1807,'Cynde','Chisman','+254-334-163-2583','cchismanme@stanford.edu','61298 Bonner Hill','','Kilifi','',489,302),(1808,'Herold','Dybald','+54-225-532-8550','hdybaldmf@illinois.edu','92 Merry Plaza','','Capitn Sarmiento','2752',152,352),(1809,'Barbara','Quinet','+420-180-493-8240','bquinetmg@liveinternet.ru','7 Center Lane','','Zln','760 01',263,139),(1810,'Berk','Seres','+242-199-119-7029','bseresmh@geocities.com','44 Hanover Park','','Basoko','',95,87),(1811,'Chrisy','Chsteney','+976-812-718-6990','cchsteneymi@newsvine.com','3 Caliangt Circle','','Bayangol','',269,424),(1812,'Manon','Crickmoor','+855-448-850-1307','mcrickmoormj@tiny.cc','22150 Pepper Wood Alley','','Ban Lng','',423,201),(1813,'Rochester','Bonnar','+60-389-313-5278','rbonnarmk@java.com','51479 Harbort Trail','Kuala Lumpur','Kuala Lumpur','50913',160,155),(1814,'Carney','Cork','+66-639-634-6935','ccorkml@etsy.com','7 Pennsylvania Point','','Samran','46140',118,107),(1815,'Sadye','Vynarde','+66-999-271-2405','svynardemm@sakura.ne.jp','2 Esch Alley','','Bang Sai','13270',111,330),(1816,'Evangeline','Durrans','+86-461-819-2479','edurransmn@europa.eu','7505 Buhler Parkway','','Beiquan','',131,31),(1817,'Benni','Knevet','+62-783-575-9774','bknevetmo@smugmug.com','9 Schmedeman Alley','','Rancaseneng','',266,344),(1818,'Benjy','Drews','+51-545-634-8233','bdrewsmp@state.tx.us','9 Northwestern Way','','Arenal','',440,284),(1819,'Fredi','Jerzykiewicz','+30-877-392-4498','fjerzykiewiczmq@storify.com','59411 Messerschmidt Alley','','Rizmata','',96,185),(1820,'Faina','Danielian','+62-551-637-4031','fdanielianmr@nih.gov','55 Arizona Circle','','Unden','',324,50),(1821,'Gearalt','Dunnet','+54-166-171-9335','gdunnetms@google.ca','7519 Ridgeview Court','','Quem Quem','3240',415,127),(1822,'Billy','Pinnell','+46-821-235-5717','bpinnellmt@engadget.com','0831 Stoughton Parkway','Stockholm','Stockholm','105 17',466,171),(1823,'Christoffer','Stollhofer','+7-688-369-1037','cstollhofermu@sitemeter.com','0 Blackbird Drive','','Talitsa','301070',171,281),(1824,'Malena','Oakwell','+33-634-629-3651','moakwellmv@dyndns.org','570 Straubel Plaza','Poitou-Charentes','Chtellerault','86104 CEDEX',403,345),(1825,'Porty','Stitwell','+260-660-315-9109','pstitwellmw@xinhuanet.com','71 Meadow Ridge Junction','','Isoka','',344,62),(1826,'Roberta','Samet','+98-685-670-3370','rsametmx@illinois.edu','5 Arapahoe Circle','','Khondb','',59,210),(1827,'Anthea','Teggart','+7-757-926-8513','ateggartmy@marketwatch.com','1 Beilfuss Pass','','Pelym','624582',34,428),(1828,'Maggi','Jope','+1-851-576-0309','mjopemz@biblegateway.com','7 Hagan Lane','','North Side','',491,341),(1829,'Humberto','Olensby','+86-293-148-5976','holensbyn0@e-recht24.de','313 Merry Circle','','Xiashuitou','',422,348),(1830,'Gabbie','Antonsson','+595-519-577-6498','gantonssonn1@dyndns.org','19 Myrtle Center','','Itaugu','',294,82),(1831,'Nicolle','Joicey','+86-697-868-3937','njoiceyn2@bizjournals.com','69637 Hauk Point','','Lieyu','',220,390),(1832,'Terencio','Girkins','+81-353-381-5102','tgirkinsn3@wp.com','81 Rowland Drive','','Goshogawara','861-0312',138,385),(1833,'Gwenneth','Dalton','+57-543-268-9093','gdaltonn4@europa.eu','50982 Milwaukee Circle','','Marinilla','54028',324,320),(1834,'Skell','Lovie','+7-622-122-0602','slovien5@ow.ly','1013 Barby Junction','','Chernyshkovskiy','404480',482,14),(1835,'Reginauld','Lawson','+57-671-807-6903','rlawsonn6@sciencedirect.com','731 Hagan Circle','','Caldas','154667',168,291),(1836,'Davy','Bazell','+380-969-209-9584','dbazelln7@mapquest.com','87 Scott Avenue','','Semenivka','',294,348),(1837,'Stanton','Straffon','+86-179-637-4567','sstraffonn8@friendfeed.com','16 Sycamore Way','','Liucun','',114,106),(1838,'Romeo','Murfill','+212-348-152-5138','rmurfilln9@theatlantic.com','4 Haas Circle','','Jerada','',484,359),(1839,'Charita','Bedinn','+62-621-643-4221','cbedinnna@youtube.com','129 Kings Parkway','','Sukacai Tengah','',131,175),(1840,'Belle','Aleksandrikin','+86-187-761-6204','baleksandrikinnb@patch.com','74 Homewood Drive','','Huocheng','',188,385),(1841,'Marsiella','Iltchev','+54-111-995-0095','miltchevnc@jalbum.net','95 Mccormick Parkway','','Ordez','2555',156,290),(1842,'Godard','Gniewosz','+57-958-203-8146','ggniewosznd@amazon.co.jp','07 Evergreen Park','','Mit','54028',124,206),(1843,'Al','Millership','+57-154-841-0654','amillershipne@uol.com.br','8 Almo Alley','','El Peol','522088',244,73),(1844,'Kevin','Lamps','+86-915-534-6446','klampsnf@vimeo.com','1947 Schurz Road','','Nansha','',380,136),(1845,'Lenci','Posvner','+63-846-366-0561','lposvnerng@qq.com','76670 Maple Wood Alley','','Anambongan','2422',493,35),(1846,'Derk','Heskin','+86-175-684-7397','dheskinnh@ustream.tv','6 Scoville Circle','','Camgyai','',171,149),(1847,'Mortimer','Eger','+86-685-854-5253','megerni@github.io','198 Declaration Drive','','Gongjiang','',252,49),(1848,'Colan','Rama','+63-640-815-0678','cramanj@freewebs.com','5691 Texas Drive','','San Jose','8427',273,499),(1849,'Talia','Josefer','+46-342-199-9414','tjosefernk@nyu.edu','566 Dwight Crossing','Skne','Staffanstorp','245 41',329,444),(1850,'Zacharie','Kornousek','+234-251-765-6600','zkornouseknl@spiegel.de','68 Laurel Street','','Ijebu-Ife','',469,211),(1851,'Kevin','Brayne','+356-325-276-9331','kbraynenm@mashable.com','0226 Alpine Crossing','','Paola','PLA',155,196),(1852,'Kelsy','Rolance','+86-469-899-9738','krolancenn@about.com','8300 Kensington Court','','Mingyihe','',279,288),(1853,'Keenan','Merrin','+62-572-474-9886','kmerrinno@tmall.com','79752 Del Mar Place','','Padang','',403,168),(1854,'Clayson','Ramirez','+995-985-726-8017','cramireznp@exblog.jp','180 Monument Hill','','Tqibuli','',348,107),(1855,'Guinna','Beiderbeck','+502-249-477-0327','gbeiderbecknq@utexas.edu','1 Hermina Crossing','','Palencia','1054',485,198),(1856,'Heather','Tideswell','+66-868-326-4845','htideswellnr@dot.gov','57815 Morrow Alley','','Song','54120',500,396),(1857,'Staford','Sexten','+63-267-602-6724','ssextenns@java.com','6 Stephen Terrace','','Dacudao','2009',292,209),(1858,'Codee','Odhams','+86-352-205-6925','codhamsnt@sun.com','8789 Moland Plaza','','Zhongmen','',300,9),(1859,'Hedda','Warry','+81-323-675-7968','hwarrynu@surveymonkey.com','33 Paget Hill','','Jetsu','949-1742',405,108),(1860,'Kathi','Franek','+62-746-575-9697','kfraneknv@usda.gov','2665 Pierstorff Park','','Kuta','',228,27),(1861,'Estrellita','Edmead','+62-474-396-9784','eedmeadnw@hexun.com','5 Bashford Court','','Bente','',454,297),(1862,'Irena','Monckton','+591-645-364-5059','imoncktonnx@parallels.com','1438 Buell Trail','','Batallas','',69,412),(1863,'Claudio','Condy','+7-980-203-2767','ccondyny@tmall.com','59503 Dahle Terrace','','Vyazniki','601430',104,281),(1864,'Meir','Reimers','+380-101-437-3584','mreimersnz@geocities.com','535 Mifflin Street','','Turbiv','',461,349),(1865,'Berkly','Bools','+86-474-823-2085','bboolso0@statcounter.com','7 Lakewood Gardens Center','','Jiangchuan','',237,433),(1866,'Heinrik','Emig','+504-265-801-7504','hemigo1@illinois.edu','526 Fremont Point','','El Paraso','',362,409),(1867,'Serene','Ramshay','+86-780-377-2206','sramshayo2@bloomberg.com','50 Ludington Avenue','','Zalantun','',206,293),(1868,'Justino','Goldsby','+51-890-425-1987','jgoldsbyo3@yandex.ru','938 Schmedeman Hill','','Mendoza','',62,201),(1869,'Martino','Biasotti','+62-923-317-5102','mbiasottio4@zdnet.com','74 Fieldstone Street','','Babat','',242,79),(1870,'Maxy','Klich','+7-564-426-6887','mklicho5@boston.com','31383 Green Drive','','Sokolovo','412478',4,151),(1871,'Carly','Le Fevre','+62-456-144-1437','clefevreo6@diigo.com','5 Express Alley','','Ntoke','',497,393),(1872,'Rubetta','Adams','+242-952-214-1843','radamso7@de.vu','2 Karstens Court','','Kolwezi','',80,397),(1873,'Eveleen','Tooker','+7-286-682-8883','etookero8@pcworld.com','24 Di Loreto Place','','Ponyri Vtoryye','452056',218,351),(1874,'Lucho','Maudsley','+55-123-972-8456','lmaudsleyo9@techcrunch.com','9 6th Lane','','Matelndia','85887-000',399,355),(1875,'Ab','Jee','+593-129-190-2788','ajeeoa@stumbleupon.com','855 Toban Point','','Zamora','',372,193),(1876,'Josepha','Jouning','+62-116-744-0886','jjouningob@creativecommons.org','989 Cambridge Point','','Puger','',287,455),(1877,'Craggy','Danelet','+51-354-780-7700','cdaneletoc@google.es','65 Anzinger Court','','Ocongate','',242,102),(1878,'Jerrie','Thunders','+62-146-316-8201','jthundersod@engadget.com','682 Jackson Plaza','','Ketapang','',91,223),(1879,'Lefty','Vivien','+420-404-461-4037','lvivienoe@prnewswire.com','4 Becker Crossing','','erany','257 22',201,123),(1880,'Vinni','Silverlock','+86-794-422-8191','vsilverlockof@weebly.com','3012 Kingsford Way','','Xinhe','',411,196),(1881,'Clerissa','Chesman','+86-557-141-3509','cchesmanog@huffingtonpost.com','1415 Corben Circle','','Batou','',143,485),(1882,'Marwin','Tournie','+82-393-470-5454','mtournieoh@salon.com','68226 Blackbird Point','','Yangsan','',480,166),(1883,'Domini','Saltman','+505-278-174-8056','dsaltmanoi@theatlantic.com','35 Almo Circle','','Beln','',232,165),(1884,'Rodie','Waddilove','+237-773-137-1591','rwaddiloveoj@dot.gov','2 Summerview Terrace','','Kumba','',283,222),(1885,'Cherrita','Klulik','+967-267-646-3291','cklulikok@yale.edu','67 Ilene Parkway','','Laij','',236,433),(1886,'Brandtr','Leworthy','+86-433-684-9213','bleworthyol@bbc.co.uk','0 Grasskamp Center','','Shiguai','',149,394),(1887,'Guenevere','Kipping','+62-794-698-2596','gkippingom@miitbeian.gov.cn','055 Northwestern Junction','','Mlanggeng','',345,498),(1888,'Ase','Melloi','+880-617-393-6312','amelloion@springer.com','5 Hovde Circle','','Sirjganj','5611',227,42),(1889,'Clarabelle','Keepin','+86-677-139-1570','ckeepinoo@yellowpages.com','7779 Mccormick Street','','Jingkou','',472,137),(1890,'Tammy','Rutherforth','+86-261-410-9963','trutherforthop@issuu.com','90555 Arapahoe Drive','','Xiashihao','',137,193),(1891,'Timmy','Matthewes','+7-189-195-6135','tmatthewesoq@moonfruit.com','0 Moose Avenue','','Khlevnoye','399260',477,361),(1892,'Arel','Boumphrey','+86-272-423-6713','aboumphreyor@youku.com','44 Milwaukee Place','','Jiexiu','',323,282),(1893,'Giffer','Chaloner','+62-428-978-3713','gchaloneros@ovh.net','883 Del Mar Hill','','Pagak','',488,399),(1894,'Maggi','Astlatt','+62-645-778-5378','mastlattot@gizmodo.com','292 Cambridge Terrace','','Tadabliro','',6,47),(1895,'Guthrey','Tomei','+254-885-815-6603','gtomeiou@dmoz.org','0 Independence Avenue','','Embu','',176,71),(1896,'Danica','Ingree','+264-126-879-3925','dingreeov@themeforest.net','5296 Springs Lane','','Otjiwarongo','',181,299),(1897,'Anjela','Camings','+86-826-889-4804','acamingsow@techcrunch.com','6 Kedzie Parkway','','Furongqiao','',411,482),(1898,'Abby','Pirt','+86-580-588-8431','apirtox@engadget.com','3 Acker Parkway','','Gexi','',293,29),(1899,'Beverley','Gallico','+692-735-756-7537','bgallicooy@wikispaces.com','29681 Laurel Point','','Rongelap','96960',126,391),(1900,'Tana','MacTimpany','+46-985-529-9074','tmactimpanyoz@umn.edu','32506 Clemons Park','Vsterbotten','Vilhelmina','912 24',421,204),(1901,'Thomasina','Jerrans','+86-571-967-8858','tjerransp0@blinklist.com','72999 Bowman Point','','Balitai','',7,110),(1902,'Mag','Korneichuk','+1-307-785-9546','mkorneichukp1@nydailynews.com','4196 Northland Avenue','Wyoming','Cheyenne','82007',106,135),(1903,'Leoine','Anyon','+961-190-384-1465','lanyonp2@smugmug.com','09110 Division Pass','','Djounie','',387,44),(1904,'Daren','Farbrace','+46-181-840-4573','dfarbracep3@ehow.com','69877 Buell Terrace','Stockholm','Nacka','131 05',436,497),(1905,'Stefanie','Pidgeley','+86-428-273-6921','spidgeleyp4@ed.gov','09 Holy Cross Alley','','Dongchong','',341,293),(1906,'Tuckie','Spowart','+86-957-306-0537','tspowartp5@redcross.org','93753 Chinook Pass','','Chakou','',371,335),(1907,'Victoir','Clarey','+7-451-197-7776','vclareyp6@hatena.ne.jp','40 Dottie Parkway','','Porosozero','186855',157,166),(1908,'Seka','Bineham','+351-987-908-5075','sbinehamp7@i2i.jp','1 Stephen Terrace','Setbal','Brejoeira','2860-310',449,270),(1909,'Kenn','McGillivrie','+55-372-646-8788','kmcgillivriep8@taobao.com','8 Debra Court','','So Gonalo do Sapuca','37490-000',449,477),(1910,'Towny','Copin','+86-395-876-7602','tcopinp9@walmart.com','24547 Oak Crossing','','Fushan','',267,335),(1911,'Kipp','Greiswood','+86-511-283-5228','kgreiswoodpa@rambler.ru','9840 Thompson Trail','','Baisha','',210,106),(1912,'Michelle','Skin','+596-475-481-6400','mskinpb@fc2.com','42 Anderson Lane','Martinique','Fort-de-France','97254 CEDEX',500,409),(1913,'Andrea','Frogley','+33-354-603-1855','afrogleypc@icq.com','327 Packers Drive','le-de-France','Colombes','92715 CEDEX',399,308),(1914,'Chanda','Varren','+420-506-535-7344','cvarrenpd@blogger.com','2469 Kensington Hill','','ttina','747 91',369,284),(1915,'Katti','Giacoboni','+62-295-751-6433','kgiacobonipe@hostgator.com','154 Springview Center','','Secang Barat','',371,297),(1916,'Lorri','McCallister','+1-114-262-9934','lmccallisterpf@sun.com','78394 Comanche Lane','Qubec','Baie-D\'Urf','H9X',193,43),(1917,'Nataline','Geratasch','+62-490-179-6701','ngerataschpg@nbcnews.com','16666 Daystar Drive','','Palamadu','',249,40),(1918,'Alleyn','Zaniolini','+86-898-914-3742','azanioliniph@ask.com','1198 Esch Point','','Mozi','',221,149),(1919,'Liv','Teare','+249-845-765-8321','ltearepi@dailymail.co.uk','68437 Pawling Drive','','Talodi','',20,145),(1920,'Tabina','Benbough','+92-695-622-1119','tbenboughpj@smh.com.au','36531 Crest Line Plaza','','Nankna Shib','39100',164,77),(1921,'Baillie','Ledes','+81-842-211-3649','bledespk@opensource.org','75320 Muir Point','','Mooka','321-4551',200,141),(1922,'Joshuah','Tranfield','+52-602-564-5205','jtranfieldpl@istockphoto.com','9 Old Shore Road','Chihuahua','Tierra y Libertad','32628',424,240),(1923,'Casey','Arundale','+30-216-942-4564','carundalepm@si.edu','76 Dapin Hill','','Prostion','',280,258),(1924,'Allan','Leamon','+86-972-897-2043','aleamonpn@sbwire.com','90 Oneill Alley','','Xiaotang','',464,148),(1925,'Noe','Shovlin','+33-212-371-5238','nshovlinpo@usa.gov','41593 Bultman Point','le-de-France','Versailles','78020 CEDEX',23,312),(1926,'Yalonda','Galbreath','+970-408-298-3693','ygalbreathpp@rambler.ru','9868 Bay Road','','Dayr Sharaf','',292,135),(1927,'Cindi','Murty','+503-564-477-5207','cmurtypq@mediafire.com','94 Dawn Park','','Santiago Nonualco','',363,495),(1928,'Nerissa','Lillicrop','+63-715-634-5919','nlillicroppr@bbb.org','168 Union Plaza','','Paniqui','3322',216,234),(1929,'Orelia','Wivell','+62-931-334-3974','owivellps@discuz.net','34737 Shopko Drive','','Sukorambi','',376,360),(1930,'Sarita','Rawsthorne','+86-113-994-2012','srawsthornept@exblog.jp','867 Manufacturers Circle','','Wuxing','',387,340),(1931,'Orran','Belfrage','+420-138-873-3350','obelfragepu@list-manage.com','72 Magdeline Drive','','Lukavice','789 01',63,434),(1932,'Joelly','Maylor','+386-777-549-4969','jmaylorpv@oakley.com','7907 Westend Place','','Nazarje','3331',492,231),(1933,'Tiffie','Pregal','+351-129-332-8847','tpregalpw@virginia.edu','0492 Debra Hill','Santarm','Almeirim','2080-006',337,360),(1934,'Goldarina','Witchalls','+86-277-599-6603','gwitchallspx@unicef.org','03672 Moose Avenue','','Penghua','',463,149),(1935,'Garv','Tobias','+221-493-554-2596','gtobiaspy@arizona.edu','6339 Troy Trail','','Waound','',139,53),(1936,'Maia','Shildrake','+62-102-188-5874','mshildrakepz@dagondesign.com','739 Sommers Alley','','Wahang Dua','',497,386),(1937,'Dalton','Senior','+7-398-960-9445','dseniorq0@microsoft.com','5798 Washington Court','','Taldykorgan','',337,59),(1938,'Brooke','Pingston','+420-822-251-5969','bpingstonq1@reference.com','95862 Lillian Avenue','','Mohelno','675 75',55,476),(1939,'Michaella','Moule','+62-972-788-3631','mmouleq2@google.com.br','03 Towne Point','','Rungkam','',233,83),(1940,'Wilhelmine','Carslaw','+7-218-574-8970','wcarslawq3@indiatimes.com','5713 Johnson Way','','Malinovskiy','628251',310,145),(1941,'Adolph','Frear','+82-760-796-2328','afrearq4@etsy.com','3826 Warner Plaza','','Goyang-si','',228,205),(1942,'Tomlin','Willsmore','+231-274-518-7310','twillsmoreq5@springer.com','4844 Vidon Park','','Buutuo','',440,52),(1943,'Chaddy','O\'Hengerty','+84-759-598-3205','cohengertyq6@oakley.com','1 Farwell Terrace','','Thnh Ph Nam nh','',74,87),(1944,'Ulrikaumeko','Esberger','+86-365-134-4169','uesbergerq7@reverbnation.com','6822 Dixon Way','','Tazhuang','',477,38),(1945,'Twyla','Miles','+62-360-769-1746','tmilesq8@mapquest.com','50 Michigan Center','','Isak','',50,260),(1946,'Carrol','Horburgh','+967-261-784-8633','chorburghq9@last.fm','7234 Talmadge Way','','Ban an Nahr','',376,259),(1947,'Camel','Rustidge','+30-406-207-0567','crustidgeqa@webmd.com','93 Sommers Plaza','','Polykrpi','',251,107),(1948,'Killy','Yakutin','+92-228-841-7681','kyakutinqb@shinystat.com','1 Heffernan Hill','','Ladhewla Warich','52311',160,347),(1949,'Jo','Neilus','+33-719-101-2873','jneilusqc@zimbio.com','9 Utah Alley','Centre','Tours','37016 CEDEX 1',465,139),(1950,'Brandise','Gaize','+254-535-820-4034','bgaizeqd@yandex.ru','8 Ridgeview Hill','','Migori','',414,380),(1951,'Cilka','Connealy','+98-497-543-7016','cconnealyqe@creativecommons.org','187 Shoshone Place','','Sardasht','',435,309),(1952,'Lorrayne','Hulme','+976-416-691-8518','lhulmeqf@google.ru','4 Commercial Trail','','Shireet','',18,205),(1953,'Harwilll','Jobern','+45-447-303-6280','hjobernqg@tuttocitta.it','658 Clove Road','Region Hovedstaden','Frederiksberg','1972',39,294),(1954,'Kris','Enga','+62-478-316-9069','kengaqh@example.com','55 Bartillon Plaza','','Wadungasri','',334,421),(1955,'Jermaine','Simnor','+965-952-648-4578','jsimnorqi@fotki.com','0151 Dunning Court','','Al Fal','',389,396),(1956,'Ursa','Garlicke','+48-208-892-6329','ugarlickeqj@fema.gov','39870 Logan Pass','','Daszewice','30-533',234,414),(1957,'Olly','Columbell','+62-151-818-1324','ocolumbellqk@seattletimes.com','72 Armistice Pass','','Sukamaju','',45,245),(1958,'Sanders','Dymoke','+62-945-304-6138','sdymokeql@google.co.uk','761 Butternut Hill','','Krajan Atas Suger Lor','',281,116),(1959,'Anastassia','Carme','+60-803-669-9454','acarmeqm@jigsy.com','07123 Barnett Circle','Sabah','Kota Kinabalu','88400',180,341),(1960,'Madge','Pulley','+51-317-940-7951','mpulleyqn@timesonline.co.uk','54567 Marcy Trail','','Cahuac','',139,270),(1961,'Lorain','Hornbuckle','+63-364-605-1524','lhornbuckleqo@google.es','500 Hoepker Circle','','Bolanon','2208',136,293),(1962,'Oralia','Figiovanni','+62-694-805-8029','ofigiovanniqp@t.co','18933 Kedzie Center','','Balauring','',194,189),(1963,'Dermot','Spellissy','+55-543-933-0564','dspellissyqq@drupal.org','72 Nelson Road','','Imperatriz','65900-000',356,423),(1964,'Pierson','Kimmons','+33-240-739-3734','pkimmonsqr@tinypic.com','340 Dunning Circle','Rhne-Alpes','Romans-sur-Isre','26109 CEDEX',304,4),(1965,'Magda','Alban','+62-271-946-7028','malbanqs@utexas.edu','1 Towne Parkway','','Ngembul','',429,454),(1966,'Luz','Wilne','+63-301-813-7199','lwilneqt@narod.ru','511 Oxford Court','','Looc','5507',341,236),(1967,'Tamra','Dartan','+86-622-295-3690','tdartanqu@pagesperso-orange.fr','7 Ryan Crossing','','Pingdingshan','',333,483),(1968,'Nanete','Diggar','+63-480-284-0216','ndiggarqv@amazon.de','531 Maryland Drive','','Mat-i','9024',120,454),(1969,'Alethea','Earey','+52-850-725-8330','aeareyqw@earthlink.net','6885 Erie Center','Jalisco','Lagunillas','49580',390,38),(1970,'Shara','Haney','+86-562-622-3524','shaneyqx@cafepress.com','4 Heath Alley','','Xianlin','',336,218),(1971,'Nada','Lippi','+86-676-602-2437','nlippiqy@cloudflare.com','6 Novick Place','','Chengbei','',429,458),(1972,'Micki','Shilvock','+54-990-119-5712','mshilvockqz@dion.ne.jp','92517 Sunnyside Circle','','Aminga','5301',42,247),(1973,'Frannie','Demangel','+62-815-572-9093','fdemangelr0@dagondesign.com','44584 Havey Trail','','Weru','',283,63),(1974,'Lauryn','Bleddon','+506-982-629-0607','lbleddonr1@google.com.br','0 Rowland Parkway','','ngeles','40504',459,309),(1975,'Jackqueline','Laxston','+48-154-483-0477','jlaxstonr2@nsw.gov.au','4 Sutherland Lane','','Gryfino','74-101',412,424),(1976,'Sinclair','Teggin','+63-961-675-8298','stegginr3@360.cn','4 Scott Terrace','','San Juan de Mata','6131',453,306),(1977,'Chaddy','Kisbee','+86-885-822-3766','ckisbeer4@shinystat.com','94691 Northwestern Crossing','','Shuiyuesi','',324,157),(1978,'Krisha','Beckey','+63-314-841-2516','kbeckeyr5@lycos.com','33751 Duke Junction','','Sindon','2708',4,407),(1979,'Park','Oty','+380-608-541-6982','potyr6@mozilla.org','85942 Corry Junction','','Horlivka','',126,53),(1980,'Edy','Bunyard','+86-536-667-6262','ebunyardr7@sohu.com','474 New Castle Alley','','Nanfeng','',380,231),(1981,'Rodrick','Matthesius','+86-230-875-6796','rmatthesiusr8@list-manage.com','15 Larry Park','','Nankou','',332,126),(1982,'Frants','Bissell','+675-842-729-8506','fbissellr9@google.it','192 Springview Court','','Panguna','',462,288),(1983,'Leda','Warr','+62-918-406-2999','lwarrra@abc.net.au','73122 Donald Trail','','Cileunyi','',36,29),(1984,'Ellene','Antrag','+62-518-446-2909','eantragrb@behance.net','51 Forster Plaza','','Kembangkerang Lauk Timur','',370,57),(1985,'Mace','Rands','+7-587-778-5283','mrandsrc@engadget.com','99952 Novick Drive','','Kupchino','678986',178,184),(1986,'Matilda','Snead','+63-550-741-8712','msneadrd@storify.com','2945 Lunder Avenue','','Nailong','6012',444,344),(1987,'Jens','Dukelow','+86-169-119-1037','jdukelowre@rambler.ru','27 Kennedy Plaza','','Enhe Hada','',187,209),(1988,'Brig','Minihane','+502-119-902-8442','bminihanerf@woothemes.com','87153 Grayhawk Drive','','Tajumulco','12009',48,287),(1989,'Winna','Parkman','+507-583-696-6550','wparkmanrg@reverbnation.com','71711 Tony Drive','','Nuevo Emperador','',416,405),(1990,'Kimberley','Koppen','+7-342-963-0838','kkoppenrh@bloomberg.com','5 Bunker Hill Parkway','','Nizhneivkino','612091',423,130),(1991,'Lawry','Zamboniari','+972-378-510-4144','lzamboniariri@discuz.net','30480 Lakeland Center','','West Jerusalem','',59,96),(1992,'Taffy','Ragles','+970-621-270-3984','traglesrj@craigslist.org','60 Mosinee Court','','Ann','',361,323),(1993,'Wynne','Eldershaw','+33-575-875-9993','weldershawrk@cornell.edu','951 Commercial Terrace','Franche-Comt','Montbliard','25215 CEDEX',485,35),(1994,'Paige','McAtamney','+86-966-805-7991','pmcatamneyrl@purevolume.com','2732 Hanover Court','','Jinghai','',424,314),(1995,'Maryl','Brouwer','+380-134-909-7179','mbrouwerrm@narod.ru','19255 Caliangt Junction','','Stari Kuty','',409,483),(1996,'Klarrisa','Slayny','+60-479-606-7893','kslaynyrn@cornell.edu','2 Loomis Way','Kuala Lumpur','Kuala Lumpur','50802',397,274),(1997,'Rosy','Skyram','+86-335-808-2375','rskyramro@oakley.com','2 Delladonna Street','','Hulei','',326,28),(1998,'Godwin','Drysdell','+7-826-230-0367','gdrysdellrp@mac.com','7487 American Ash Pass','','Skhodnya','143020',381,31),(1999,'Marketa','Worsom','+93-312-799-7316','mworsomrq@amazon.com','1 Schurz Pass','','Mut Khn','',184,365),(2000,'Nixie','Geffinger','+1-157-788-5023','ngeffingerrr@wikimedia.org','92 Raven Avenue','Manitoba','Altona','K1W',452,312);
/*!40000 ALTER TABLE `student_details` ENABLE KEYS */;
UNLOCK TABLES;

--
-- Dumping events for database 'ADBMS_Project'
--

--
-- Dumping routines for database 'ADBMS_Project'
--
/*!50003 DROP PROCEDURE IF EXISTS `new_procedure` */;
/*!50003 SET @saved_cs_client      = @@character_set_client */ ;
/*!50003 SET @saved_cs_results     = @@character_set_results */ ;
/*!50003 SET @saved_col_connection = @@collation_connection */ ;
/*!50003 SET character_set_client  = utf8mb4 */ ;
/*!50003 SET character_set_results = utf8mb4 */ ;
/*!50003 SET collation_connection  = utf8mb4_0900_ai_ci */ ;
/*!50003 SET @saved_sql_mode       = @@sql_mode */ ;
/*!50003 SET sql_mode              = 'ONLY_FULL_GROUP_BY,STRICT_TRANS_TABLES,NO_ZERO_IN_DATE,NO_ZERO_DATE,ERROR_FOR_DIVISION_BY_ZERO,NO_ENGINE_SUBSTITUTION' */ ;
DELIMITER ;;
CREATE DEFINER=`test`@`localhost` PROCEDURE `new_procedure`()
BEGIN
	select b.books_Name,b.books_Author,
    c.course_name,c.course_length,c.course_type,
    d.department_name,d.department_email,
    f.faculty_FirstName,f.faculty_LastName,f.faculty_designation,
    s.session_Name,s.session_FromTime as session_FromDate,s.session_ToTime as session_ToDate 
    from ADBMS_Project.books_details b, ADBMS_Project.session_details s,ADBMS_Project.courses_details c ,
    ADBMS_Project.faculty_details f, ADBMS_Project.department_details d
    where b.books_id=s.book_ID and s.course_ID = c.course_id and s.department_ID = d.department_id 
    and f.department_ID = d.department_id;
END ;;
DELIMITER ;
/*!50003 SET sql_mode              = @saved_sql_mode */ ;
/*!50003 SET character_set_client  = @saved_cs_client */ ;
/*!50003 SET character_set_results = @saved_cs_results */ ;
/*!50003 SET collation_connection  = @saved_col_connection */ ;
/*!40103 SET TIME_ZONE=@OLD_TIME_ZONE */;

/*!40101 SET SQL_MODE=@OLD_SQL_MODE */;
/*!40014 SET FOREIGN_KEY_CHECKS=@OLD_FOREIGN_KEY_CHECKS */;
/*!40014 SET UNIQUE_CHECKS=@OLD_UNIQUE_CHECKS */;
/*!40101 SET CHARACTER_SET_CLIENT=@OLD_CHARACTER_SET_CLIENT */;
/*!40101 SET CHARACTER_SET_RESULTS=@OLD_CHARACTER_SET_RESULTS */;
/*!40101 SET COLLATION_CONNECTION=@OLD_COLLATION_CONNECTION */;
/*!40111 SET SQL_NOTES=@OLD_SQL_NOTES */;

-- Dump completed on 2021-11-15  9:17:51
